capture_us,arm_x,arm_z,claw
1787986323947075,0,0,128
1787986323966482,0,0,128
1787986323986759,0,0,128
1787986324006561,0,0,128
1787986324027130,0,0,128
1787986324047455,0,0,128
1787986324067537,0,0,128
1787986324087175,0,0,128
1787986324106701,0,0,128
1787986324126474,0,0,128
1787986324146809,0,0,128
1787986324167445,0,0,128
1787986324187110,0,0,128
1787986324207207,0,0,128
1787986324227130,0,0,128
1787986324247213,0,0,128
1787986324266784,0,0,128
1787986324287116,0,0,128
1787986324306623,0,0,128
1787986324327430,0,0,128
1787986324346657,0,0,128
1787986324367150,0,0,128
1787986324386569,0,0,128
1787986324406702,0,0,128
1787986324426715,0,0,128
1787986324447301,0,0,128
1787986324467407,0,0,128
1787986324487374,0,0,128
1787986324507183,0,0,128
1787986324527117,0,0,128
1787986324547089,0,0,128
1787986324566988,0,0,128
1787986324587177,0,0,128
1787986324606619,0,0,128
1787986324626740,0,0,128
1787986324646977,0,0,128
1787986324667164,0,0,128
1787986324687082,0,0,128
1787986324706563,0,0,128
1787986324726418,0,0,128
1787986324746742,0,0,128
1787986324766789,0,0,128
1787986324786955,0,0,128
1787986324807375,0,0,128
1787986324826526,0,0,128
1787986324846600,0,0,128
1787986324866543,0,0,128
1787986324886646,0,0,128
1787986324907042,0,0,128
1787986324927360,0,0,128
1787986324947116,0,0,128
1787986324966475,0,0,128
1787986324986833,0,0,128
1787986325006662,0,0,128
1787986325027483,0,0,128
1787986325047037,0,0,128
1787986325066640,0,0,128
1787986325087010,0,0,128
1787986325106924,0,0,128
1787986325126576,0,0,128
1787986325147152,0,0,128
1787986325166808,0,0,128
1787986325187496,0,0,128
1787986325206625,0,0,128
1787986325227414,0,0,128
1787986325246695,0,0,128
1787986325266693,0,0,128
1787986325287485,0,0,128
1787986325307109,0,0,128
1787986325327197,0,0,128
1787986325346812,0,0,128
1787986325367422,0,0,128
1787986325386926,0,0,128
1787986325406703,0,0,128
1787986325427356,0,0,128
1787986325447030,0,0,128
1787986325466729,0,0,128
1787986325486827,0,0,128
1787986325507205,0,0,128
1787986325526926,0,0,128
1787986325546739,0,0,128
1787986325567342,0,0,128
1787986325587035,0,0,128
1787986325606803,0,0,128
1787986325627219,0,0,128
1787986325646858,0,0,128
1787986325666680,0,0,128
1787986325687218,0,0,128
1787986325706666,0,0,128
1787986325726742,0,0,128
1787986325747438,0,0,128
1787986325767213,0,0,128
1787986325786912,0,0,128
1787986325807487,0,0,128
1787986325827266,0,0,128
1787986325846996,0,0,128
1787986325866831,0,0,128
1787986325886963,0,0,128
1787986325907112,0,0,128
1787986325927320,0,0,128
1787986325946633,0,0,128
1787986325967164,0,0,128
1787986325987097,0,0,128
1787986326006563,0,0,128
1787986326026557,0,0,128
1787986326047369,0,0,128
1787986326067070,0,0,128
1787986326086874,0,0,128
1787986326107012,0,0,128
1787986326126723,0,0,128
1787986326147442,0,0,128
1787986326167305,0,0,128
1787986326187488,0,0,128
1787986326207239,0,0,128
1787986326226517,0,0,128
1787986326247059,0,0,128
1787986326266784,0,0,128
1787986326286816,0,0,128
1787986326307099,0,0,128
1787986326326777,0,0,128
1787986326346993,0,0,128
1787986326366535,0,0,128
1787986326387389,0,0,128
1787986326407123,0,0,128
1787986326426568,0,0,128
1787986326446819,0,0,128
1787986326467283,0,0,128
1787986326486474,0,0,128
1787986326506478,0,0,128
1787986326527141,0,0,128
1787986326546819,0,0,128
1787986326566926,0,0,128
1787986326587371,0,0,128
1787986326607266,0,0,128
1787986326627051,0,0,128
1787986326646742,0,0,128
1787986326667210,0,0,128
1787986326687278,0,0,128
1787986326707336,0,0,128
1787986326727112,0,0,128
1787986326746466,0,0,128
1787986326766658,0,0,128
1787986326787357,0,0,128
1787986326807400,0,0,128
1787986326827546,0,0,128
1787986326847166,0,0,128
1787986326866631,0,0,128
1787986326886695,0,0,128
1787986326906887,0,0,128
1787986326927420,0,0,128
1787986326947357,0,0,128
1787986326966695,0,0,128
1787986326987280,0,0,128
1787986327006658,0,0,128
1787986327026771,0,0,128
1787986327046932,0,0,128
1787986327066748,0,0,128
1787986327087484,0,0,128
1787986327106572,0,0,128
1787986327127322,0,0,128
1787986327146972,0,0,128
1787986327166545,0,0,128
1787986327187408,0,0,128
1787986327207426,0,0,128
1787986327227538,0,0,128
1787986327246477,0,0,128
1787986327267578,0,0,128
1787986327287292,0,0,128
1787986327307357,0,0,128
1787986327326483,0,0,128
1787986327347606,0,0,128
1787986327367128,0,0,128
1787986327387285,0,0,128
1787986327407364,0,0,128
1787986327426616,0,0,128
1787986327447488,0,0,128
1787986327467246,0,0,128
1787986327486792,0,0,128
1787986327507038,0,0,128
1787986327526883,0,0,128
1787986327547185,0,0,128
1787986327567374,0,0,128
1787986327587293,0,0,128
1787986327607259,0,0,128
1787986327626814,0,0,128
1787986327647060,0,0,128
1787986327667043,0,0,128
1787986327686845,0,0,128
1787986327707006,0,0,128
1787986327726730,0,0,128
1787986327746654,0,0,128
1787986327766706,0,0,128
1787986327787377,0,0,128
1787986327807506,0,0,128
1787986327826645,0,0,128
1787986327846982,0,0,128
1787986327866650,0,0,128
1787986327886862,0,0,128
1787986327907367,0,0,128
1787986327926759,0,0,128
1787986327946597,0,0,128
1787986327966603,0,0,128
1787986327987076,0,0,128
1787986328006800,0,0,128
1787986328027137,0,0,128
1787986328047498,0,0,128
1787986328066585,0,0,128
1787986328086979,0,0,128
1787986328106657,0,0,128
1787986328127404,0,0,128
1787986328146555,0,0,128
1787986328166911,0,0,128
1787986328186564,0,0,128
1787986328207128,0,0,128
1787986328227492,0,0,128
1787986328246666,0,0,128
1787986328266495,0,0,128
1787986328287372,0,0,128
1787986328306558,0,0,128
1787986328326824,0,0,128
1787986328346510,0,0,128
1787986328366553,0,0,128
1787986328386828,0,0,128
1787986328407352,0,0,128
1787986328427277,0,0,128
1787986328446626,0,0,128
1787986328467071,0,0,128
1787986328486412,0,0,128
1787986328506962,0,0,128
1787986328527433,0,0,128
1787986328546674,0,0,128
1787986328566858,0,0,128
1787986328586883,0,0,128
1787986328607132,0,0,128
1787986328626603,0,0,128
1787986328646669,0,0,128
1787986328666799,0,0,128
1787986328687309,0,0,128
1787986328707152,0,0,128
1787986328726611,0,0,128
1787986328746762,0,0,128
1787986328766514,0,0,128
1787986328787386,0,0,128
1787986328807008,0,0,128
1787986328827000,0,0,128
1787986328846546,0,0,128
1787986328866636,0,0,128
1787986328886940,0,0,128
1787986328906534,0,0,128
1787986328926589,0,0,128
1787986328946785,0,0,128
1787986328966843,0,0,128
1787986328986717,0,0,128
1787986329006548,0,0,128
1787986329026487,0,0,128
1787986329047524,0,0,128
1787986329067100,0,0,128
1787986329086830,0,0,128
1787986329107137,0,0,128
1787986329127329,0,0,128
1787986329146698,0,0,128
1787986329166464,0,0,128
1787986329186556,0,0,128
1787986329207478,0,0,128
1787986329226923,0,0,128
1787986329246755,0,0,128
1787986329266734,0,0,128
1787986329286955,0,0,128
1787986329306660,0,0,128
1787986329327108,0,0,128
1787986329346764,0,0,128
1787986329366633,0,0,128
1787986329387036,0,0,128
1787986329407370,0,0,128
1787986329426791,0,0,128
1787986329447009,0,0,128
1787986329467255,0,0,128
1787986329486725,0,0,128
1787986329507502,0,0,128
1787986329526463,0,0,128
1787986329547167,0,0,128
1787986329566562,0,0,128
1787986329587383,0,0,128
1787986329606593,0,0,128
1787986329626847,0,0,128
1787986329646815,0,0,128
1787986329667103,0,0,128
1787986329686776,0,0,128
1787986329707205,0,0,128
1787986329726904,0,0,128
1787986329747109,0,0,128
1787986329766694,0,0,128
1787986329787501,0,0,128
1787986329807026,0,0,128
1787986329826601,0,0,128
1787986329846987,0,0,128
1787986329866489,0,0,128
1787986329886469,0,0,128
1787986329906908,0,0,128
1787986329927300,0,0,128
1787986329946725,0,0,128
1787986329966869,0,0,128
1787986329987451,0,0,128
1787986330007334,0,0,128
1787986330027541,0,0,128
1787986330046477,0,0,128
1787986330067229,0,0,128
1787986330087204,0,0,128
1787986330107282,0,0,128
1787986330127192,0,0,128
1787986330147346,0,0,128
1787986330167509,0,0,128
1787986330186826,0,0,128
1787986330207030,0,0,128
1787986330226766,0,0,128
1787986330246839,0,0,128
1787986330267215,0,0,128
1787986330287495,0,0,128
1787986330307433,0,0,128
1787986330326879,0,0,128
1787986330347087,0,0,128
1787986330367106,0,0,128
1787986330386759,0,0,128
1787986330406571,0,0,128
1787986330427365,0,0,128
1787986330447302,0,0,128
1787986330466936,0,0,128
1787986330487141,0,0,128
1787986330507098,0,0,128
1787986330526914,0,0,128
1787986330546528,0,0,128
1787986330567343,0,0,128
1787986330587171,0,0,128
1787986330607713,0,0,128
1787986330626648,0,0,128
1787986330646811,0,0,128
1787986330667140,0,0,128
1787986330686511,0,0,128
1787986330706641,0,0,128
1787986330726719,0,0,128
1787986330746600,0,0,128
1787986330766606,0,0,128
1787986330787095,0,0,128
1787986330807408,0,0,128
1787986330826526,0,0,128
1787986330847250,0,0,128
1787986330866741,0,0,128
1787986330886981,0,0,128
1787986330907343,0,0,128
1787986330927328,0,0,128
1787986330947137,0,0,128
1787986330967240,0,0,128
1787986330987376,0,0,128
1787986331007322,0,0,128
1787986331027121,0,0,128
1787986331047407,0,0,128
1787986331067137,0,0,128
1787986331087359,0,0,128
1787986331106583,0,0,128
1787986331127380,0,0,128
1787986331147423,0,0,128
1787986331167506,0,0,128
1787986331186490,0,0,128
1787986331206557,0,0,128
1787986331227261,0,0,128
1787986331247212,0,0,128
1787986331267382,0,0,128
1787986331287555,0,0,128
1787986331307006,0,0,128
1787986331327206,0,0,128
1787986331346958,0,0,128
1787986331366691,0,0,128
1787986331386581,0,0,128
1787986331407608,0,0,128
1787986331427040,0,0,128
1787986331446530,0,0,128
1787986331467219,0,0,128
1787986331487050,0,0,128
1787986331507218,0,0,128
1787986331526737,0,0,128
1787986331547322,0,0,128
1787986331566591,0,0,128
1787986331587260,0,0,128
1787986331607241,0,0,128
1787986331626540,0,0,128
1787986331646796,0,0,128
1787986331666754,0,0,128
1787986331686684,0,0,128
1787986331707359,0,0,128
1787986331726840,0,0,128
1787986331747026,0,0,128
1787986331767567,0,0,128
1787986331786725,0,0,128
1787986331807165,0,0,128
1787986331827146,0,0,128
1787986331847413,0,0,128
1787986331866467,0,0,128
1787986331886716,0,0,128
1787986331907463,0,0,128
1787986331927359,0,0,128
1787986331946591,0,0,128
1787986331966528,0,0,128
1787986331986586,0,0,128
1787986332007138,0,0,128
1787986332026810,0,0,128
1787986332046669,0,0,128
1787986332066481,0,0,128
1787986332087221,0,0,128
1787986332107046,0,0,128
1787986332127220,0,0,128
1787986332146736,0,0,128
1787986332166843,0,0,128
1787986332186756,0,0,128
1787986332206983,0,0,128
1787986332227152,0,0,128
1787986332246874,0,0,128
1787986332267103,0,0,128
1787986332287264,0,0,128
1787986332307480,0,0,128
1787986332326656,0,0,128
1787986332346749,0,0,128
1787986332366701,0,0,128
1787986332387521,0,0,128
1787986332407408,0,0,128
1787986332426800,0,0,128
1787986332446680,0,0,128
1787986332467370,0,0,128
1787986332487488,0,0,128
1787986332506888,0,0,128
1787986332527446,0,0,128
1787986332547536,0,0,128
1787986332566943,0,0,128
1787986332587402,0,0,128
1787986332607206,0,0,128
1787986332626892,0,0,128
1787986332646787,0,0,128
1787986332667009,0,0,128
1787986332686760,0,0,128
1787986332706674,0,0,128
1787986332727321,0,0,128
1787986332746876,0,0,128
1787986332766844,0,0,128
1787986332787364,0,0,128
1787986332807363,0,0,128
1787986332827488,0,0,128
1787986332846757,0,0,128
1787986332866817,0,0,128
1787986332886590,0,0,128
1787986332906646,0,0,128
1787986332927416,0,0,128
1787986332946713,0,0,128
1787986332967443,0,0,128
1787986332986994,0,0,128
1787986333006632,0,0,128
1787986333027347,0,0,128
1787986333046700,0,0,128
1787986333067354,0,0,128
1787986333087321,0,0,128
1787986333106716,0,0,128
1787986333127501,0,0,128
1787986333146980,0,0,128
1787986333166784,0,0,128
1787986333187169,0,0,128
1787986333207444,0,0,128
1787986333227534,0,0,128
1787986333247102,0,0,128
1787986333267333,0,0,128
1787986333286848,0,0,128
1787986333307182,0,0,128
1787986333326817,0,0,128
1787986333347306,0,0,128
1787986333366646,0,0,128
1787986333386787,0,0,128
1787986333407049,0,0,128
1787986333427271,0,0,128
1787986333447370,0,0,128
1787986333467410,0,0,128
1787986333487427,0,0,128
1787986333506584,0,0,128
1787986333526687,0,0,128
1787986333547457,0,0,128
1787986333567632,0,0,128
1787986333587266,0,0,128
1787986333606754,0,0,128
1787986333626726,0,0,128
1787986333647225,0,0,128
1787986333666539,0,0,128
1787986333686925,0,0,128
1787986333706848,0,0,128
1787986333726544,0,0,128
1787986333746893,0,0,128
1787986333766658,0,0,128
1787986333786646,0,0,128
1787986333807042,0,0,128
1787986333827245,0,0,128
1787986333847493,0,0,128
1787986333866818,0,0,128
1787986333886847,0,0,128
1787986333906760,0,0,128
1787986333927570,0,0,128
1787986333947362,0,0,128
1787986333967483,0,0,128
1787986333987056,0,0,128
1787986334007073,0,0,128
1787986334026744,0,0,128
1787986334047407,0,0,128
1787986334067102,0,0,128
1787986334086539,0,0,128
1787986334106487,0,0,128
1787986334127248,0,0,128
1787986334147421,0,0,128
1787986334167411,0,0,128
1787986334187353,0,0,128
1787986334206992,0,0,128
1787986334227065,0,0,128
1787986334247005,0,0,128
1787986334266720,0,0,128
1787986334287486,0,0,128
1787986334307510,0,0,128
1787986334326941,0,0,128
1787986334347272,0,0,128
1787986334366702,0,0,128
1787986334387000,0,0,128
1787986334406894,0,0,128
1787986334426489,0,0,128
1787986334447114,0,0,128
1787986334466858,0,0,128
1787986334486501,0,0,128
1787986334507063,0,0,128
1787986334527262,0,0,128
1787986334546869,0,0,128
1787986334567048,0,0,128
1787986334587430,0,0,128
1787986334606553,0,0,128
1787986334627391,0,0,128
1787986334647298,0,0,128
1787986334666947,0,0,128
1787986334686983,0,0,128
1787986334706652,0,0,128
1787986334727223,0,0,128
1787986334747456,0,0,128
1787986334767468,0,0,128
1787986334787152,0,0,128
1787986334807295,0,0,128
1787986334827080,0,0,128
1787986334846533,0,0,128
1787986334867595,0,0,128
1787986334887524,0,0,128
1787986334906603,0,0,128
1787986334926451,0,0,128
1787986334947117,0,0,128
1787986334967430,0,0,128
1787986334986601,0,0,128
1787986335006934,0,0,128
1787986335027238,0,0,128
1787986335046887,0,0,128
1787986335067262,0,0,128
1787986335086913,0,0,128
1787986335106592,0,0,128
1787986335127134,0,0,128
1787986335146713,0,0,128
1787986335167260,0,0,128
1787986335186746,0,0,128
1787986335206947,0,0,128
1787986335227313,0,0,128
1787986335247305,0,0,128
1787986335267479,0,0,128
1787986335287144,0,0,128
1787986335307005,0,0,128
1787986335326622,0,0,128
1787986335347346,0,0,128
1787986335366836,0,0,128
1787986335387524,0,0,128
1787986335406647,0,0,128
1787986335426539,0,0,128
1787986335446493,0,0,128
1787986335466755,0,0,128
1787986335486960,0,0,128
1787986335507281,0,0,128
1787986335527267,0,0,128
1787986335546753,0,0,128
1787986335567491,0,0,128
1787986335587244,0,0,128
1787986335606852,0,0,128
1787986335627147,0,0,128
1787986335646648,0,0,128
1787986335666575,0,0,128
1787986335686690,0,0,128
1787986335707067,0,0,128
1787986335727491,0,0,128
1787986335747574,0,0,128
1787986335767357,0,0,128
1787986335787187,0,0,128
1787986335807370,0,0,128
1787986335827381,0,0,128
1787986335846918,0,0,128
1787986335866804,0,0,128
1787986335887278,0,0,128
1787986335907102,0,0,128
1787986335927303,0,0,128
1787986335946842,0,0,128
1787986335967003,0,0,128
1787986335986578,0,0,128
1787986336006788,0,0,128
1787986336027287,0,0,128
1787986336047488,0,0,128
1787986336067112,0,0,128
1787986336086967,0,0,128
1787986336106951,0,0,128
1787986336127169,0,0,128
1787986336146984,0,0,128
1787986336167387,0,0,128
1787986336186841,0,0,128
1787986336206993,0,0,128
1787986336226953,0,0,128
1787986336247420,0,0,128
1787986336267136,0,0,128
1787986336286700,0,0,128
1787986336306541,0,0,128
1787986336327294,0,0,128
1787986336346536,0,0,128
1787986336366796,0,0,128
1787986336387115,0,0,128
1787986336407205,0,0,128
1787986336426954,0,0,128
1787986336446811,0,0,128
1787986336467044,0,0,128
1787986336487293,0,0,128
1787986336507206,0,0,128
1787986336527188,0,0,128
1787986336546530,0,0,128
1787986336567390,0,0,128
1787986336587253,0,0,128
1787986336606651,0,0,128
1787986336626840,0,0,128
1787986336647440,0,0,128
1787986336667581,0,0,128
1787986336687297,0,0,128
1787986336707225,0,0,128
1787986336726797,0,0,128
1787986336747195,0,0,128
1787986336766606,0,0,128
1787986336786731,0,0,128
1787986336807275,0,0,128
1787986336827093,0,0,128
1787986336847069,0,0,128
1787986336866847,0,0,128
1787986336887099,0,0,128
1787986336907247,0,0,128
1787986336927492,0,0,128
1787986336947246,0,0,128
1787986336966546,0,0,128
1787986336987348,0,0,128
1787986337007512,0,0,128
1787986337026623,0,0,128
1787986337047296,0,0,128
1787986337066569,0,0,128
1787986337086827,0,0,128
1787986337107045,0,0,128
1787986337127276,0,0,128
1787986337146528,0,0,128
1787986337166861,0,0,128
1787986337187216,0,0,128
1787986337206927,0,0,128
1787986337227434,0,0,128
1787986337246675,0,0,128
1787986337266820,0,0,128
1787986337287092,0,0,128
1787986337307023,0,0,128
1787986337326678,0,0,128
1787986337346779,0,0,128
1787986337367411,0,0,128
1787986337386804,0,0,128
1787986337406738,0,0,128
1787986337426503,0,0,128
1787986337446974,0,0,128
1787986337467497,0,0,128
1787986337486714,0,0,128
1787986337507204,0,0,128
1787986337527321,0,0,128
1787986337547355,0,0,128
1787986337567520,0,0,128
1787986337587421,0,0,128
1787986337607177,0,0,128
1787986337627203,0,0,128
1787986337647311,0,0,128
1787986337667417,0,0,128
1787986337687104,0,0,128
1787986337707567,0,0,128
1787986337726466,0,0,128
1787986337746902,0,0,128
1787986337766637,0,0,128
1787986337787544,0,0,128
1787986337807097,0,0,128
1787986337826635,0,0,128
1787986337846406,0,0,128
1787986337866876,0,0,128
1787986337887289,0,0,128
1787986337906520,0,0,128
1787986337927137,0,0,128
1787986337946490,0,0,128
1787986337967460,0,0,128
1787986337986741,0,0,128
1787986338007281,0,0,128
1787986338027247,0,0,128
1787986338046515,0,0,128
1787986338067056,0,0,128
1787986338087124,0,0,128
1787986338107105,0,0,128
1787986338126855,0,0,128
1787986338146930,0,0,128
1787986338167188,0,0,128
1787986338187103,0,0,128
1787986338207148,0,0,128
1787986338227181,0,0,128
1787986338247099,0,0,128
1787986338267286,0,0,128
1787986338287156,0,0,128
1787986338306643,0,0,128
1787986338327400,0,0,128
1787986338350571,0,0,128
1787986338372054,0,0,128
1787986338391551,0,0,128
1787986338411842,0,0,128
1787986338431921,0,0,128
1787986338451525,0,0,128
1787986338471809,0,0,128
1787986338492254,0,0,128
1787986338512396,0,0,128
1787986338531764,0,0,128
1787986338551792,0,0,128
1787986338571639,0,0,128
1787986338591954,0,0,128
1787986338611921,0,0,128
1787986338631619,0,0,128
1787986338652163,0,0,128
1787986338672368,0,0,128
1787986338691971,0,0,128
1787986338712401,0,0,128
1787986338732144,0,0,128
1787986338752451,0,0,128
1787986338772384,0,0,128
1787986338792569,0,0,128
1787986338812163,0,0,128
1787986338831996,0,0,128
1787986338851523,0,0,128
1787986338872177,0,0,128
1787986338892123,0,0,128
1787986338911524,0,0,128
1787986338932013,0,0,128
1787986338952163,0,0,128
1787986338971608,0,0,128
1787986338991999,0,0,128
1787986339011665,0,0,128
1787986339031731,0,0,128
1787986339052380,0,0,128
1787986339072197,0,0,128
1787986339091685,0,0,128
1787986339111598,0,0,128
1787986339132102,0,0,128
1787986339152177,0,0,128
1787986339172200,0,0,128
1787986339191492,0,0,128
1787986339211988,0,0,128
1787986339232249,0,0,128
1787986339252317,0,0,128
1787986339271951,0,0,128
1787986339291974,0,0,128
1787986339311959,0,0,128
1787986339331707,0,0,128
1787986339351865,0,0,128
1787986339372543,0,0,128
1787986339391879,0,0,128
1787986339412192,0,0,128
1787986339432497,0,0,128
1787986339452288,0,0,128
1787986339472099,0,0,128
1787986339492159,0,0,128
1787986339511672,0,0,128
1787986339531566,0,0,128
1787986339551502,0,0,128
1787986339571448,0,0,128
1787986339591771,0,0,128
1787986339612113,0,0,128
1787986339632289,0,0,128
1787986339652317,0,0,128
1787986339672458,0,0,128
1787986339691555,0,0,128
1787986339712337,0,0,128
1787986339731684,0,0,128
1787986339752039,0,0,128
1787986339772095,0,0,128
1787986339791797,0,0,128
1787986339811638,0,0,128
1787986339831882,0,0,128
1787986339852111,0,0,128
1787986339871659,0,0,128
1787986339892385,0,0,128
1787986339912331,0,0,128
1787986339931690,0,0,128
1787986339952340,0,0,128
1787986339971725,0,0,128
1787986339991802,0,0,128
1787986340012412,0,0,128
1787986340032219,0,0,128
1787986340052404,0,0,128
1787986340071850,0,0,128
1787986340092004,0,0,128
1787986340111626,0,0,128
1787986340132096,0,0,128
1787986340151795,0,0,128
1787986340172360,0,0,128
1787986340192241,0,0,128
1787986340211857,0,0,128
1787986340231496,0,0,128
1787986340251940,0,0,128
1787986340271665,0,0,128
1787986340291866,0,0,128
1787986340312353,0,0,128
1787986340332213,0,0,128
1787986340352360,0,0,128
1787986340371984,0,0,128
1787986340392443,0,0,128
1787986340412262,0,0,128
1787986340431998,0,0,128
1787986340451808,0,0,128
1787986340472337,0,0,128
1787986340491671,0,0,128
1787986340512491,0,0,128
1787986340531829,0,0,128
1787986340552152,0,0,128
1787986340571821,0,0,128
1787986340591597,0,0,128
1787986340611552,0,0,128
1787986340632223,0,0,128
1787986340652429,0,0,128
1787986340672279,0,0,128
1787986340691617,0,0,128
1787986340712009,0,0,128
1787986340732220,0,0,128
1787986340752263,0,0,128
1787986340771607,0,0,128
1787986340792364,0,0,128
1787986340811698,0,0,128
1787986340832266,0,0,128
1787986340851531,0,0,128
1787986340871975,0,0,128
1787986340892102,0,0,128
1787986340911872,0,0,128
1787986340932325,0,0,128
1787986340951666,0,0,128
1787986340971634,0,0,128
1787986340992270,0,0,128
1787986341011767,0,0,128
1787986341031870,0,0,128
1787986341052542,0,0,128
1787986341072293,0,0,128
1787986341091877,0,0,128
1787986341112065,0,0,128
1787986341132132,0,0,128
1787986341152338,0,0,128
1787986341171748,0,0,128
1787986341191967,0,0,128
1787986341212016,0,0,128
1787986341232125,0,0,128
1787986341252100,0,0,128
1787986341272339,0,0,128
1787986341292530,0,0,128
1787986341311522,0,0,128
1787986341331800,0,0,128
1787986341352214,0,0,128
1787986341372049,0,0,128
1787986341391498,0,0,128
1787986341411724,0,0,128
1787986341432099,0,0,128
1787986341452199,0,0,128
1787986341471716,0,0,128
1787986341492516,0,0,128
1787986341511884,0,0,128
1787986341531831,0,0,128
1787986341551890,0,0,128
1787986341571634,0,0,128
1787986341591585,0,0,128
1787986341611810,0,0,128
1787986341632382,0,0,128
1787986341651656,0,0,128
1787986341671722,0,0,128
1787986341691782,0,0,128
1787986341711823,0,0,128
1787986341731677,0,0,128
1787986341752441,0,0,128
1787986341772394,0,0,128
1787986341792377,0,0,128
1787986341812053,0,0,128
1787986341831652,0,0,128
1787986341852121,0,0,128
1787986341872432,0,0,128
1787986341891879,0,0,128
1787986341912241,0,0,128
1787986341932181,0,0,128
1787986341952046,0,0,128
1787986341972142,0,0,128
1787986341991636,0,0,128
1787986342011563,0,0,128
1787986342031746,0,0,128
1787986342052011,0,0,128
1787986342071826,0,0,128
1787986342091998,0,0,128
1787986342112199,0,0,128
1787986342132555,0,0,128
1787986342151883,0,0,128
1787986342172456,0,0,128
1787986342191690,0,0,128
1787986342211955,0,0,128
1787986342232174,0,0,128
1787986342251806,0,0,128
1787986342271697,0,0,128
1787986342291775,0,0,128
1787986342311939,0,0,128
1787986342332363,0,0,128
1787986342351674,0,0,128
1787986342372217,0,0,128
1787986342391969,0,0,128
1787986342411809,0,0,128
1787986342432310,0,0,128
1787986342451694,0,0,128
1787986342471926,0,0,128
1787986342491526,0,0,128
1787986342511946,0,0,128
1787986342532374,0,0,128
1787986342551696,0,0,128
1787986342571744,0,0,128
1787986342591756,0,0,128
1787986342612050,0,0,128
1787986342632355,0,0,128
1787986342651420,0,0,128
1787986342672163,0,0,128
1787986342691801,0,0,128
1787986342711901,0,0,128
1787986342732070,0,0,128
1787986342752269,0,0,128
1787986342772123,0,0,128
1787986342792370,0,0,128
1787986342812297,0,0,128
1787986342832216,0,0,128
1787986342852008,0,0,128
1787986342872185,0,0,128
1787986342892219,0,0,128
1787986342912263,0,0,128
1787986342931470,0,0,128
1787986342952183,0,0,128
1787986342972401,0,0,128
1787986342991812,0,0,128
1787986343012223,0,0,128
1787986343032061,0,0,128
1787986343052200,0,0,128
1787986343072288,0,0,128
1787986343092368,0,0,128
1787986343112083,0,0,128
1787986343132038,0,0,128
1787986343152061,0,0,128
1787986343171769,0,0,128
1787986343191982,0,0,128
1787986343212010,0,0,128
1787986343232135,0,0,128
1787986343251864,0,0,128
1787986343271891,0,0,128
1787986343291900,0,0,128
1787986343311571,0,0,128
1787986343332254,0,0,128
1787986343351539,0,0,128
1787986343371408,0,0,128
1787986343391924,0,0,128
1787986343411670,0,0,128
1787986343431953,0,0,128
1787986343451530,0,0,128
1787986343471589,0,0,128
1787986343491593,0,0,128
1787986343512143,0,0,128
1787986343532332,0,0,128
1787986343552457,0,0,128
1787986343572061,0,0,128
1787986343591732,0,0,128
1787986343612239,0,0,128
1787986343632468,0,0,128
1787986343651512,0,0,128
1787986343672337,0,0,128
1787986343692297,0,0,128
1787986343712287,0,0,128
1787986343732622,0,0,128
1787986343751669,0,0,128
1787986343771890,0,0,128
1787986343791747,0,0,128
1787986343811636,0,0,128
1787986343832551,0,0,128
1787986343852491,0,0,128
1787986343872485,0,0,128
1787986343891671,0,0,128
1787986343912366,0,0,128
1787986343932180,0,0,128
1787986343951600,0,0,128
1787986343971527,0,0,128
1787986343991901,0,0,128
1787986344011922,0,0,128
1787986344031985,0,0,128
1787986344052419,0,0,128
1787986344071955,0,0,128
1787986344092438,0,0,128
1787986344111979,0,0,128
1787986344132513,0,0,128
1787986344152126,0,0,128
1787986344171816,0,0,128
1787986344191652,0,0,128
1787986344211690,0,0,128
1787986344232567,0,0,128
1787986344252189,0,0,128
1787986344271824,0,0,128
1787986344291789,0,0,128
1787986344312182,0,0,128
1787986344332062,0,0,128
1787986344352014,0,0,128
1787986344372411,0,0,128
1787986344392157,0,0,128
1787986344411661,0,0,128
1787986344431760,0,0,128
1787986344452018,0,0,128
1787986344471897,0,0,128
1787986344492133,0,0,128
1787986344512225,0,0,128
1787986344532125,0,0,128
1787986344551795,0,0,128
1787986344572415,0,0,128
1787986344592358,0,0,128
1787986344611838,0,0,128
1787986344631822,0,0,128
1787986344652454,0,0,128
1787986344671963,0,0,128
1787986344691475,0,0,128
1787986344712468,0,0,128
1787986344731619,0,0,128
1787986344751873,0,0,128
1787986344771898,0,0,128
1787986344791888,0,0,128
1787986344811838,0,0,128
1787986344832132,0,0,128
1787986344851827,0,0,128
1787986344872109,0,0,128
1787986344892312,0,0,128
1787986344911728,0,0,128
1787986344932499,0,0,128
1787986344952220,0,0,128
1787986344972279,0,0,128
1787986344992117,0,0,128
1787986345012458,0,0,128
1787986345032583,0,0,128
1787986345052032,0,0,128
1787986345071771,0,0,128
1787986345091598,0,0,128
1787986345112048,0,0,128
1787986345132304,0,0,128
1787986345152010,0,0,128
1787986345171797,0,0,128
1787986345192038,0,0,128
1787986345211934,0,0,128
1787986345232353,0,0,128
1787986345251946,0,0,128
1787986345271591,0,0,128
1787986345292188,0,0,128
1787986345311994,0,0,128
1787986345332172,0,0,128
1787986345352210,0,0,128
1787986345372306,0,0,128
1787986345392084,0,0,128
1787986345411631,0,0,128
1787986345431629,0,0,128
1787986345451902,0,0,128
1787986345471715,0,0,128
1787986345492468,0,0,128
1787986345512287,0,0,128
1787986345531847,0,0,128
1787986345551896,0,0,128
1787986345572173,0,0,128
1787986345591627,0,0,128
1787986345611728,0,0,128
1787986345632002,0,0,128
1787986345652233,0,0,128
1787986345672547,0,0,128
1787986345692513,0,0,128
1787986345711965,0,0,128
1787986345732065,0,0,128
1787986345751541,0,0,128
1787986345774939,0,0,128
1787986345791694,0,0,128
1787986345812121,0,0,128
1787986345832472,0,0,128
1787986345852127,0,0,128
1787986345871731,0,0,128
1787986345892244,0,0,128
1787986345911798,0,0,128
1787986345932150,0,0,128
1787986345952371,0,0,128
1787986345971759,0,0,128
1787986345991681,0,0,128
1787986346012120,0,0,128
1787986346032195,0,0,128
1787986346051524,0,0,128
1787986346072141,0,0,128
1787986346091725,0,0,128
1787986346112037,0,0,128
1787986346131935,0,0,128
1787986346151997,0,0,128
1787986346171884,0,0,128
1787986346191994,0,0,128
1787986346212126,0,0,128
1787986346232116,0,0,128
1787986346251895,0,0,128
1787986346271734,0,0,128
1787986346291494,0,0,128
1787986346312426,0,0,128
1787986346331911,0,0,128
1787986346352147,0,0,128
1787986346372108,0,0,128
1787986346392459,0,0,128
1787986346411690,0,0,128
1787986346432042,0,0,128
1787986346452221,0,0,128
1787986346471796,0,0,128
1787986346491783,0,0,128
1787986346511413,0,0,128
1787986346532246,0,0,128
1787986346551912,0,0,128
1787986346572463,0,0,128
1787986346592495,0,0,128
1787986346611960,0,0,128
1787986346632272,0,0,128
1787986346652028,0,0,128
1787986346672241,0,0,128
1787986346691669,0,0,128
1787986346712166,0,0,128
1787986346731774,0,0,128
1787986346752257,0,0,128
1787986346771805,0,0,128
1787986346793546,0,0,128
1787986346811746,0,0,128
1787986346832378,0,0,128
1787986346852092,0,0,128
1787986346871916,0,0,128
1787986346892159,0,0,128
1787986346911853,0,0,128
1787986346932163,0,0,128
1787986346951523,0,0,128
1787986346972428,0,0,128
1787986346992410,0,0,128
1787986347011606,0,0,128
1787986347032318,0,0,128
1787986347051985,0,0,128
1787986347072114,0,0,128
1787986347092227,0,0,128
1787986347112407,0,0,128
1787986347132090,0,0,128
1787986347152257,0,0,128
1787986347171836,0,0,128
1787986347192313,0,0,128
1787986347211802,0,0,128
1787986347232602,0,0,128
1787986347252181,0,0,128
1787986347278494,0,0,128
1787986347299617,0,0,128
1787986347320305,0,0,128
1787986347340430,0,0,128
1787986347360062,0,0,128
1787986347380203,0,0,128
1787986347400408,0,0,128
1787986347420515,0,0,128
1787986347439694,0,0,128
1787986347461193,0,0,128
1787986347479456,0,0,128
1787986347500303,0,0,128
1787986347520410,0,0,128
1787986347539971,0,0,128
1787986347560349,0,0,128
1787986347579519,0,0,128
1787986347600060,0,0,128
1787986347619906,0,0,128
1787986347639445,0,0,128
1787986347660056,0,0,128
1787986347680466,0,0,128
1787986347700535,0,0,128
1787986347720059,0,0,128
1787986347739733,0,0,128
1787986347760145,0,0,128
1787986347785026,0,0,128
1787986347806141,0,0,128
1787986347826492,0,0,128
1787986347845495,0,0,128
1787986347865581,0,0,128
1787986347885746,0,0,128
1787986347906035,0,0,128
1787986347925773,0,0,128
1787986347946238,0,0,128
1787986347966348,0,0,128
1787986347985850,0,0,128
1787986348005613,0,0,128
1787986348025642,0,0,128
1787986348046317,0,0,128
1787986348066340,0,0,128
1787986348085742,0,0,128
1787986348106326,0,0,128
1787986348125777,0,0,128
1787986348146385,0,0,128
1787986348166365,0,0,128
1787986348186416,0,0,128
1787986348205832,0,0,128
1787986348226280,0,0,128
1787986348248240,0,0,128
1787986348266284,0,0,128
1787986348286319,0,0,128
1787986348305945,0,0,128
1787986348325716,0,0,128
1787986348346040,0,0,128
1787986348365833,0,0,128
1787986348386225,0,0,128
1787986348406273,0,0,128
1787986348426329,0,0,128
1787986348445655,0,0,128
1787986348466341,0,0,128
1787986348491282,0,0,128
1787986348512197,0,0,128
1787986348532309,0,0,128
1787986348551716,0,0,128
1787986348571543,0,0,128
1787986348591864,0,0,128
1787986348612476,0,0,128
1787986348631821,0,0,128
1787986348651931,0,0,128
1787986348671623,0,0,128
1787986348692244,0,0,128
1787986348712477,0,0,128
1787986348732290,0,0,128
1787986348752401,0,0,128
1787986348771648,0,0,128
1787986348792147,0,0,128
1787986348812231,0,0,128
1787986348843393,0,0,128
1787986348864299,0,0,128
1787986348884102,0,0,128
1787986348904605,0,0,128
1787986348924203,0,0,128
1787986348943693,0,0,128
1787986348963833,0,0,128
1787986348983743,0,0,128
1787986349004384,0,0,128
1787986349024373,0,0,128
1787986349044243,0,0,128
1787986349064205,0,0,128
1787986349084462,0,0,128
1787986349103859,0,0,128
1787986349124473,0,0,128
1787986349143592,0,0,128
1787986349164531,0,0,128
1787986349183998,0,0,128
1787986349203623,0,0,128
1787986349224096,0,0,128
1787986349243783,0,0,128
1787986349263906,0,0,128
1787986349284170,0,0,128
1787986349304094,0,0,128
1787986349324105,0,0,128
1787986349344057,0,0,128
1787986349363637,0,0,128
1787986349384341,0,0,128
1787986349403565,0,0,128
1787986349424393,0,0,128
1787986349444082,0,0,128
1787986349463817,0,0,128
1787986349484534,0,0,128
1787986349503879,0,0,128
1787986349523803,0,0,128
1787986349544209,0,0,128
1787986349563880,0,0,128
1787986349584289,0,0,128
1787986349604463,0,0,128
1787986349623879,0,0,128
1787986349644494,0,0,128
1787986349664189,0,0,128
1787986349684370,0,0,128
1787986349704154,0,0,128
1787986349724197,0,0,128
1787986349743433,0,0,128
1787986349763801,0,0,128
1787986349784643,0,0,128
1787986349804066,0,0,128
1787986349824082,0,0,128
1787986349844315,0,0,128
1787986349863638,0,0,128
1787986349884044,0,0,128
1787986349903714,0,0,128
1787986349923785,0,0,128
1787986349943580,0,0,128
1787986349963683,0,0,128
1787986349983817,0,0,128
1787986350003524,0,0,128
1787986350024035,0,0,128
1787986350044312,0,0,128
1787986350064106,0,0,128
1787986350083908,0,0,128
1787986350103954,0,0,128
1787986350123669,0,0,128
1787986350144015,0,0,128
1787986350163773,0,0,128
1787986350183868,0,0,128
1787986350204071,0,0,128
1787986350224540,0,0,128
1787986350244217,0,0,128
1787986350263973,0,0,128
1787986350283776,0,0,128
1787986350304352,0,0,128
1787986350323579,0,0,128
1787986350343725,0,0,128
1787986350363970,0,0,128
1787986350384631,0,0,128
1787986350404453,0,0,128
1787986350424551,0,0,128
1787986350443722,0,0,128
1787986350464152,0,0,128
1787986350483755,0,0,128
1787986350504366,0,0,128
1787986350523930,0,0,128
1787986350543560,0,0,128
1787986350563656,0,0,128
1787986350583746,0,0,128
1787986350604402,0,0,128
1787986350624497,0,0,128
1787986350644017,0,0,128
1787986350663610,0,0,128
1787986350683955,0,0,128
1787986350704392,0,0,128
1787986350724552,0,0,128
1787986350743954,0,0,128
1787986350763528,0,0,128
1787986350783888,0,0,128
1787986350803639,0,0,128
1787986350824101,0,0,128
1787986350843851,0,0,128
1787986350864227,0,0,128
1787986350883975,0,0,128
1787986350904538,0,0,128
1787986350923570,0,0,128
1787986350944389,0,0,128
1787986350964085,0,0,128
1787986350984231,0,0,128
1787986351003532,0,0,128
1787986351024035,0,0,128
1787986351044454,0,0,128
1787986351063840,0,0,128
1787986351083852,0,0,128
1787986351103527,0,0,128
1787986351124063,0,0,128
1787986351143884,0,0,128
1787986351163499,0,0,128
1787986351183646,0,0,128
1787986351204320,0,0,128
1787986351224282,0,0,128
1787986351243926,0,0,128
1787986351264566,0,0,128
1787986351283543,0,0,128
1787986351303790,0,0,128
1787986351324030,0,0,128
1787986351343560,0,0,128
1787986351363865,0,0,128
1787986351384351,0,0,128
1787986351404401,0,0,128
1787986351424163,0,0,128
1787986351444010,0,0,128
1787986351463975,0,0,128
1787986351484232,0,0,128
1787986351503707,0,0,128
1787986351523681,0,0,128
1787986351544316,0,0,128
1787986351563932,0,0,128
1787986351584225,0,0,128
1787986351603838,0,0,128
1787986351624291,0,0,128
1787986351644543,0,0,128
1787986351663941,0,0,128
1787986351684328,0,0,128
1787986351704226,0,0,128
1787986351723547,0,0,128
1787986351743691,0,0,128
1787986351764189,0,0,128
1787986351784338,0,0,128
1787986351803550,0,0,128
1787986351824216,0,0,128
1787986351843933,0,0,128
1787986351863469,0,0,128
1787986351884418,0,0,128
1787986351903857,0,0,128
1787986351923916,0,0,128
1787986351944433,0,0,128
1787986351963518,0,0,128
1787986351983819,0,0,128
1787986352003814,0,0,128
1787986352024155,0,0,128
1787986352044001,0,0,128
1787986352063870,0,0,128
1787986352083717,0,0,128
1787986352103433,0,0,128
1787986352123991,0,0,128
1787986352144033,0,0,128
1787986352163552,0,0,128
1787986352184208,0,0,128
1787986352203624,0,0,128
1787986352223727,0,0,128
1787986352243681,0,0,128
1787986352263985,0,0,128
1787986352284148,0,0,128
1787986352304265,0,0,128
1787986352323508,0,0,128
1787986352344284,0,0,128
1787986352364472,0,0,128
1787986352383547,0,0,128
1787986352404043,0,0,128
1787986352423467,0,0,128
1787986352443465,0,0,128
1787986352463841,0,0,128
1787986352483650,0,0,128
1787986352504593,0,0,128
1787986352523875,0,0,128
1787986352544102,0,0,128
1787986352563511,0,0,128
1787986352583860,0,0,128
1787986352604297,0,0,128
1787986352623980,0,0,128
1787986352644263,0,0,128
1787986352664399,0,0,128
1787986352684445,0,0,128
1787986352704543,0,0,128
1787986352723628,70,-10,128
1787986352744740,70,-10,128
1787986352763806,70,-10,128
1787986352783973,70,-10,128
1787986352803853,70,-10,128
1787986352823539,70,-10,128
1787986352843940,70,-10,128
1787986352863792,70,-10,128
1787986352883526,70,-10,128
1787986352904206,70,-10,128
1787986352924504,70,-10,128
1787986352943786,70,-10,128
1787986352964205,70,-10,128
1787986352983527,70,-10,128
1787986353004241,70,-10,128
1787986353024215,70,-10,128
1787986353044475,70,-10,128
1787986353063936,70,-10,128
1787986353084223,70,-10,128
1787986353103635,70,-10,128
1787986353124573,70,-10,128
1787986353144513,70,-10,128
1787986353164620,70,-10,128
1787986353184106,70,-10,128
1787986353203498,70,-10,128
1787986353223621,70,-10,128
1787986353243816,70,-10,128
1787986353263784,70,-10,128
1787986353284486,70,-10,128
1787986353304452,70,-10,128
1787986353323721,70,-10,128
1787986353343790,70,-10,128
1787986353363523,70,-10,128
1787986353384157,70,-10,128
1787986353403627,70,-10,128
1787986353424417,70,-10,128
1787986353444562,70,-10,128
1787986353464600,70,-10,128
1787986353484228,70,-10,128
1787986353504114,70,-10,128
1787986353524272,70,-10,128
1787986353543469,70,-10,128
1787986353564256,70,-10,128
1787986353583964,70,-10,128
1787986353603534,70,-10,128
1787986353623878,70,-10,128
1787986353644045,70,-10,128
1787986353664547,70,-10,128
1787986353683831,70,-10,128
1787986353704081,70,-10,128
1787986353724416,70,-10,128
1787986353744439,70,-10,128
1787986353764076,70,-10,128
1787986353784529,70,-10,128
1787986353803580,70,-10,128
1787986353824146,70,-10,128
1787986353843591,70,-10,128
1787986353863732,70,-10,128
1787986353884250,70,-10,128
1787986353904412,70,-10,128
1787986353923913,70,-10,128
1787986353943680,70,-10,128
1787986353963808,70,-10,128
1787986353983634,70,-10,128
1787986354004364,70,-10,128
1787986354023623,70,-10,128
1787986354043736,70,-10,128
1787986354063861,70,-10,128
1787986354084097,70,-10,128
1787986354103878,70,-10,128
1787986354124298,70,-10,128
1787986354144343,70,-10,128
1787986354164015,70,-10,128
1787986354184539,70,-10,128
1787986354203840,70,-10,128
1787986354224631,70,-10,128
1787986354244229,70,-10,128
1787986354263845,70,-10,128
1787986354284320,70,-10,128
1787986354303856,70,-10,128
1787986354324264,70,-10,128
1787986354344301,70,-10,128
1787986354364122,70,-10,128
1787986354383674,70,-10,128
1787986354403988,70,-10,128
1787986354424228,70,-10,128
1787986354444575,80,-10,128
1787986354463651,80,-10,128
1787986354483655,80,-10,128
1787986354504099,80,-10,128
1787986354523727,80,-10,128
1787986354544180,80,-10,128
1787986354563941,80,-10,128
1787986354583916,80,-10,128
1787986354604521,80,-10,128
1787986354624373,80,-10,128
1787986354643659,80,-10,128
1787986354664438,80,-10,128
1787986354684511,80,-10,128
1787986354704375,80,-10,128
1787986354723735,80,-10,128
1787986354744328,80,-10,128
1787986354763893,80,-10,128
1787986354783931,80,-10,128
1787986354804594,80,-10,128
1787986354824622,80,-10,128
1787986354843635,80,-10,128
1787986354864076,80,-10,128
1787986354884269,80,-10,128
1787986354903963,80,-10,128
1787986354924031,80,-10,128
1787986354944409,80,-10,128
1787986354963903,80,-10,128
1787986354983746,80,-10,128
1787986355003774,80,-10,128
1787986355024153,80,-10,128
1787986355044517,80,-10,128
1787986355064185,80,-10,128
1787986355083834,80,-10,128
1787986355104032,80,-10,128
1787986355124482,80,-10,128
1787986355144272,80,-10,128
1787986355163709,80,-10,128
1787986355184267,80,-10,128
1787986355204235,80,-10,128
1787986355224286,80,-10,128
1787986355244317,80,-10,128
1787986355264567,80,-10,128
1787986355284397,80,-10,128
1787986355303501,80,-10,128
1787986355323865,80,-10,128
1787986355343638,80,-10,128
1787986355364023,80,-10,128
1787986355384049,80,-10,128
1787986355403769,80,-10,128
1787986355424244,80,-10,128
1787986355443720,80,-10,128
1787986355463946,80,-10,128
1787986355484291,80,-10,128
1787986355504397,80,-10,128
1787986355523591,80,-10,128
1787986355543860,80,-10,128
1787986355564104,80,-10,128
1787986355583602,80,-10,128
1787986355603937,80,-10,128
1787986355624242,80,-10,128
1787986355644128,80,-10,128
1787986355663739,80,-10,128
1787986355683962,80,-10,128
1787986355704176,80,-10,128
1787986355724456,80,-10,128
1787986355743745,80,-20,128
1787986355764204,80,-20,128
1787986355783523,80,-20,128
1787986355803723,80,-20,128
1787986355823785,80,-20,128
1787986355843830,80,-20,128
1787986355863799,80,-20,128
1787986355884170,80,-20,128
1787986355903584,80,-20,128
1787986355924417,80,-20,128
1787986355944358,80,-20,128
1787986355963565,80,-20,128
1787986355983902,80,-20,128
1787986356003619,80,-20,128
1787986356023980,80,-20,128
1787986356043956,80,-20,128
1787986356063657,80,-20,128
1787986356084117,80,-20,128
1787986356103726,80,-20,128
1787986356123823,80,-20,128
1787986356143916,80,-20,128
1787986356163672,80,-20,128
1787986356183564,80,-20,128
1787986356203411,80,-20,128
1787986356223699,80,-20,128
1787986356244162,80,-20,128
1787986356263699,80,-20,128
1787986356284260,80,-30,128
1787986356304414,80,-30,128
1787986356323753,80,-30,128
1787986356344563,80,-30,128
1787986356364402,80,-30,128
1787986356384214,80,-30,128
1787986356403723,80,-30,128
1787986356424072,80,-30,128
1787986356444285,80,-30,128
1787986356463795,80,-30,128
1787986356484318,80,-30,128
1787986356503731,80,-30,128
1787986356524157,80,-30,128
1787986356544321,80,-30,128
1787986356564058,80,-30,128
1787986356584140,80,-30,128
1787986356604546,80,-30,128
1787986356624111,80,-40,128
1787986356644259,80,-40,128
1787986356663669,80,-40,128
1787986356683676,80,-40,128
1787986356704015,80,-40,128
1787986356724558,80,-40,128
1787986356743652,80,-40,128
1787986356764041,80,-40,128
1787986356783613,80,-40,128
1787986356804176,80,-40,128
1787986356823600,80,-40,128
1787986356843687,80,-40,128
1787986356864002,80,-40,128
1787986356884550,80,-40,128
1787986356903658,80,-40,128
1787986356924463,80,-40,128
1787986356943472,90,-40,128
1787986356964104,90,-40,128
1787986356983924,90,-40,128
1787986357003760,90,-40,128
1787986357024370,90,-40,128
1787986357044160,90,-40,128
1787986357063822,90,-40,128
1787986357084047,90,-40,128
1787986357104027,90,-40,128
1787986357124248,90,-40,128
1787986357144358,90,-40,128
1787986357163660,90,-40,128
1787986357183537,90,-40,128
1787986357204013,90,-40,128
1787986357223487,90,-40,128
1787986357244399,90,-40,128
1787986357264427,90,-40,128
1787986357284060,100,-40,128
1787986357304031,100,-40,128
1787986357323949,100,-40,128
1787986357343605,100,-40,128
1787986357364395,100,-40,128
1787986357384479,100,-40,128
1787986357404421,100,-40,128
1787986357423494,100,-40,128
1787986357444032,100,-40,128
1787986357464080,100,-40,128
1787986357483912,100,-40,128
1787986357503892,100,-40,128
1787986357523788,100,-40,128
1787986357543724,100,-40,128
1787986357564210,100,-40,128
1787986357584066,100,-40,128
1787986357603542,100,-40,128
1787986357623936,100,-40,128
1787986357643563,100,-40,128
1787986357664172,110,-40,128
1787986357683908,110,-40,128
1787986357704108,110,-40,128
1787986357723523,110,-40,128
1787986357743832,110,-40,128
1787986357764550,110,-40,128
1787986357783771,110,-40,128
1787986357803785,110,-40,128
1787986357824092,110,-40,128
1787986357843545,110,-40,128
1787986357864148,110,-40,128
1787986357883631,110,-40,128
1787986357904186,110,-40,128
1787986357923468,110,-40,128
1787986357943806,110,-40,128
1787986357964467,110,-40,128
1787986357984181,110,-40,128
1787986358003881,110,-40,128
1787986358024241,110,-40,128
1787986358044508,110,-40,128
1787986358063683,110,-40,128
1787986358084263,110,-40,128
1787986358104106,110,-50,128
1787986358124478,110,-50,128
1787986358143652,110,-50,128
1787986358163482,110,-50,128
1787986358184272,110,-50,128
1787986358204242,110,-50,128
1787986358224106,110,-50,128
1787986358244174,110,-50,128
1787986358264174,110,-50,128
1787986358283727,110,-50,128
1787986358303812,110,-50,128
1787986358324034,110,-60,128
1787986358344341,110,-60,128
1787986358363745,110,-60,128
1787986358383582,110,-60,128
1787986358403916,110,-60,128
1787986358424456,110,-60,128
1787986358443701,110,-60,128
1787986358463659,110,-60,128
1787986358484267,110,-60,128
1787986358503878,110,-60,128
1787986358524482,110,-60,128
1787986358544686,110,-60,128
1787986358564551,110,-60,128
1787986358583939,110,-60,128
1787986358603800,110,-60,128
1787986358623976,110,-60,128
1787986358644459,110,-60,128
1787986358663519,110,-60,128
1787986358684206,110,-60,128
1787986358704196,110,-60,128
1787986358724417,110,-60,128
1787986358743851,110,-60,128
1787986358764350,110,-60,128
1787986358784020,110,-60,128
1787986358803977,110,-60,128
1787986358823811,110,-60,128
1787986358844297,110,-60,128
1787986358863721,110,-60,128
1787986358883624,110,-60,128
1787986358904492,110,-60,128
1787986358924390,110,-60,128
1787986358943730,110,-60,128
1787986358963967,110,-60,128
1787986358983812,110,-60,128
1787986359004132,110,-60,128
1787986359024265,110,-60,128
1787986359043790,110,-60,128
1787986359064520,110,-60,128
1787986359083898,110,-60,128
1787986359103983,110,-60,128
1787986359124229,110,-60,128
1787986359143831,110,-60,128
1787986359164457,110,-60,128
1787986359183873,110,-60,128
1787986359204542,110,-60,128
1787986359224267,110,-60,128
1787986359243494,110,-60,128
1787986359264212,110,-60,128
1787986359284052,110,-60,128
1787986359304089,110,-60,128
1787986359324253,110,-60,128
1787986359343718,110,-60,128
1787986359363707,110,-60,128
1787986359384012,110,-60,128
1787986359403678,110,-60,128
1787986359424013,110,-60,128
1787986359444285,110,-60,128
1787986359463695,110,-60,128
1787986359485671,110,-60,128
1787986359504491,110,-60,128
1787986359524153,110,-60,128
1787986359543675,110,-60,128
1787986359564433,110,-60,128
1787986359583829,110,-60,128
1787986359604310,110,-60,128
1787986359623917,110,-60,128
1787986359643876,110,-60,128
1787986359664464,110,-60,128
1787986359684389,110,-60,128
1787986359704027,110,-60,128
1787986359724059,110,-60,128
1787986359744186,110,-60,128
1787986359763832,110,-60,128
1787986359784473,110,-60,128
1787986359803818,110,-60,128
1787986359824602,110,-60,128
1787986359844102,110,-60,128
1787986359863703,110,-60,128
1787986359884371,110,-60,128
1787986359903999,110,-60,128
1787986359923461,110,-60,128
1787986359944437,110,-60,128
1787986359963858,110,-60,128
1787986359983899,110,-60,128
1787986360004407,110,-60,128
1787986360024282,110,-60,128
1787986360043520,110,-60,128
1787986360064116,110,-60,128
1787986360083920,110,-60,128
1787986360104257,110,-60,128
1787986360124002,110,-60,128
1787986360144432,110,-60,128
1787986360164356,110,-60,128
1787986360184285,110,-60,128
1787986360203882,110,-60,128
1787986360224257,110,-60,128
1787986360243670,110,-60,128
1787986360264047,110,-60,128
1787986360283992,110,-60,128
1787986360303790,110,-60,128
1787986360324239,110,-60,128
1787986360344307,110,-60,128
1787986360363845,110,-60,128
1787986360384317,110,-60,128
1787986360404359,110,-60,128
1787986360423495,110,-60,128
1787986360444309,110,-60,128
1787986360464400,110,-60,128
1787986360483546,110,-60,128
1787986360503952,110,-60,128
1787986360523613,110,-60,128
1787986360544217,110,-60,128
1787986360563834,110,-60,128
1787986360584311,110,-60,128
1787986360604114,110,-60,128
1787986360623903,110,-60,128
1787986360644069,110,-60,128
1787986360664419,110,-60,128
1787986360683822,110,-60,128
1787986360703949,110,-60,128
1787986360724383,110,-60,128
1787986360743943,110,-60,128
1787986360763610,110,-60,128
1787986360784528,110,-60,128
1787986360804518,110,-60,128
1787986360824007,110,-60,128
1787986360843751,110,-60,128
1787986360863935,110,-60,128
1787986360884083,110,-60,128
1787986360904419,110,-60,128
1787986360924065,110,-60,128
1787986360944422,110,-60,128
1787986360964144,110,-60,128
1787986360984058,110,-60,128
1787986361004061,110,-60,128
1787986361024227,110,-60,128
1787986361044069,110,-60,128
1787986361064487,110,-60,128
1787986361083864,110,-60,128
1787986361104363,110,-60,128
1787986361124174,110,-60,128
1787986361143452,110,-60,128
1787986361164558,110,-60,128
1787986361183648,110,-60,128
1787986361203907,110,-60,128
1787986361224024,110,-60,128
1787986361243584,110,-60,128
1787986361264434,110,-60,128
1787986361284320,110,-60,128
1787986361303681,110,-60,128
1787986361324207,110,-60,128
1787986361344189,110,-60,128
1787986361363604,110,-60,128
1787986361384585,110,-60,128
1787986361404248,110,-60,128
1787986361424158,110,-60,128
1787986361444410,110,-60,128
1787986361464261,110,-60,128
1787986361483851,110,-60,128
1787986361504269,110,-60,128
1787986361524194,110,-60,128
1787986361543474,110,-60,128
1787986361564195,110,-60,128
1787986361583595,110,-60,128
1787986361603746,110,-60,128
1787986361624040,110,-60,128
1787986361644021,110,-60,128
1787986361663711,110,-60,128
1787986361683618,110,-60,128
1787986361704277,110,-60,128
1787986361723759,110,-60,128
1787986361743493,110,-60,128
1787986361763671,110,-60,128
1787986361784412,110,-60,128
1787986361803773,110,-60,128
1787986361823741,110,-60,128
1787986361843974,110,-60,128
1787986361864085,110,-60,128
1787986361884492,110,-60,128
1787986361904543,110,-60,128
1787986361923869,110,-60,128
1787986361944573,110,-60,128
1787986361963855,110,-60,128
1787986361984049,110,-60,128
1787986362004324,110,-60,128
1787986362023495,110,-60,128
1787986362043635,110,-60,128
1787986362064207,110,-60,128
1787986362083535,110,-60,128
1787986362103975,110,-60,128
1787986362124136,110,-60,128
1787986362144149,110,-60,128
1787986362164068,110,-60,128
1787986362183673,110,-60,128
1787986362204545,110,-60,128
1787986362224013,110,-60,128
1787986362243460,110,-60,128
1787986362264373,110,-60,128
1787986362284144,110,-60,128
1787986362303542,110,-60,128
1787986362323670,110,-60,128
1787986362343430,110,-60,128
1787986362363891,110,-60,128
1787986362384035,110,-60,128
1787986362404513,110,-60,128
1787986362423985,110,-60,128
1787986362444341,110,-60,128
1787986362463930,110,-60,128
1787986362484211,110,-60,128
1787986362504436,110,-60,128
1787986362524410,110,-60,128
1787986362543935,110,-60,128
1787986362563514,110,-60,128
1787986362584340,110,-60,128
1787986362603793,110,-60,128
1787986362623524,110,-60,128
1787986362644455,110,-60,128
1787986362663984,110,-60,128
1787986362683748,110,-60,128
1787986362703839,110,-60,128
1787986362724057,110,-60,128
1787986362744081,110,-60,128
1787986362764020,110,-60,128
1787986362783650,110,-60,128
1787986362803518,110,-60,128
1787986362824002,110,-60,128
1787986362843930,110,-60,128
1787986362863835,110,-60,128
1787986362883712,110,-60,128
1787986362903991,110,-60,128
1787986362924303,110,-60,128
1787986362944405,110,-60,128
1787986362963802,110,-60,128
1787986362983938,110,-60,128
1787986363004216,110,-60,128
1787986363023729,110,-60,128
1787986363044086,110,-60,128
1787986363064534,110,-60,128
1787986363084387,110,-60,128
1787986363104167,110,-60,128
1787986363124297,110,-60,128
1787986363144228,110,-60,128
1787986363164491,110,-60,128
1787986363183501,110,-60,128
1787986363203871,110,-60,128
1787986363223603,110,-60,128
1787986363244137,110,-60,128
1787986363263777,110,-60,128
1787986363283570,110,-60,128
1787986363304437,110,-60,128
1787986363323616,110,-60,128
1787986363343495,110,-60,128
1787986363364285,110,-60,128
1787986363383612,110,-60,128
1787986363403844,110,-60,128
1787986363424382,110,-60,128
1787986363444357,110,-60,128
1787986363464532,110,-60,128
1787986363484287,110,-60,128
1787986363503558,110,-60,128
1787986363524415,110,-60,128
1787986363543884,110,-60,128
1787986363563413,110,-60,128
1787986363584235,110,-60,128
1787986363603970,110,-60,128
1787986363623671,110,-60,128
1787986363644341,110,-60,128
1787986363664098,110,-60,128
1787986363683898,110,-60,128
1787986363704402,110,-60,128
1787986363724432,110,-60,128
1787986363744017,110,-60,128
1787986363763616,110,-60,128
1787986363784266,110,-60,128
1787986363804211,110,-60,128
1787986363824127,110,-60,128
1787986363843678,110,-60,128
1787986363864498,110,-60,128
1787986363884621,110,-60,128
1787986363904257,110,-60,128
1787986363923887,110,-60,128
1787986363943922,110,-60,128
1787986363963778,110,-60,128
1787986363984300,110,-60,128
1787986364003832,110,-60,128
1787986364023621,110,-60,128
1787986364043695,110,-60,128
1787986364064429,110,-60,128
1787986364084051,110,-60,128
1787986364104486,110,-60,128
1787986364124222,110,-60,128
1787986364143673,110,-60,128
1787986364164398,110,-60,128
1787986364184171,110,-60,128
1787986364204378,110,-60,128
1787986364224133,110,-60,128
1787986364244114,110,-60,128
1787986364263869,110,-60,128
1787986364283834,110,-60,128
1787986364304133,110,-60,128
1787986364324232,110,-60,128
1787986364344282,110,-60,128
1787986364363670,110,-60,128
1787986364383682,110,-60,128
1787986364404186,110,-60,128
1787986364424223,110,-60,128
1787986364443492,110,-60,128
1787986364464281,110,-60,128
1787986364483903,110,-60,128
1787986364504317,110,-60,128
1787986364523683,110,-60,128
1787986364543770,110,-60,128
1787986364563923,110,-60,128
1787986364584024,110,-60,128
1787986364604384,110,-60,128
1787986364623815,110,-60,128
1787986364644218,110,-60,128
1787986364666200,110,-60,128
1787986364683774,110,-60,128
1787986364704037,110,-60,128
1787986364723634,110,-60,128
1787986364744235,110,-60,128
1787986364763502,110,-60,128
1787986364784491,110,-60,128
1787986364803632,110,-60,128
1787986364823685,110,-60,128
1787986364844484,110,-60,128
1787986364863523,110,-60,128
1787986364884098,110,-60,128
1787986364904453,110,-60,128
1787986364924248,110,-60,128
1787986364943543,110,-60,128
1787986364964487,110,-60,128
1787986364984462,110,-60,128
1787986365004870,110,-60,128
1787986365023741,110,-60,128
1787986365043945,110,-60,128
1787986365063913,110,-60,128
1787986365083924,110,-60,128
1787986365103690,110,-60,128
1787986365123872,110,-60,128
1787986365143982,110,-60,128
1787986365165330,110,-60,128
1787986365184210,110,-60,128
1787986365203638,110,-60,128
1787986365224251,110,-60,128
1787986365243823,110,-60,128
1787986365263887,110,-60,128
1787986365283881,110,-60,128
1787986365304370,110,-60,128
1787986365323873,110,-60,128
1787986365343606,110,-60,128
1787986365363761,110,-60,128
1787986365384118,110,-60,128
1787986365403653,110,-60,128
1787986365423845,110,-60,128
1787986365444191,110,-60,128
1787986365464089,110,-60,128
1787986365484183,110,-60,128
1787986365504067,110,-60,128
1787986365523835,110,-60,128
1787986365543503,110,-60,128
1787986365563610,110,-60,128
1787986365583433,110,-60,128
1787986365603756,110,-60,128
1787986365624381,110,-60,128
1787986365643478,110,-60,128
1787986365664195,110,-60,128
1787986365683598,110,-60,128
1787986365704206,110,-60,128
1787986365723751,110,-60,128
1787986365744409,110,-60,128
1787986365763684,110,-60,128
1787986365784484,110,-60,128
1787986365803769,110,-60,128
1787986365823667,110,-60,128
1787986365843655,110,-60,128
1787986365864684,110,-60,128
1787986365883444,110,-60,128
1787986365903624,110,-60,128
1787986365923772,110,-60,128
1787986365944473,110,-60,128
1787986365963504,110,-60,128
1787986365984392,110,-60,128
1787986366003821,110,-60,128
1787986366023711,110,-60,128
1787986366045243,110,-60,128
1787986366063492,110,-60,128
1787986366083659,110,-60,128
1787986366104332,110,-60,128
1787986366123694,110,-60,128
1787986366144177,110,-60,128
1787986366163785,110,-60,128
1787986366183892,110,-60,128
1787986366203546,110,-60,128
1787986366223584,110,-60,128
1787986366244377,110,-60,128
1787986366264151,110,-60,128
1787986366283708,110,-60,128
1787986366303523,110,-60,128
1787986366323643,110,-60,128
1787986366344184,110,-60,128
1787986366363876,110,-60,128
1787986366384091,110,-60,128
1787986366404218,110,-60,128
1787986366424201,110,-60,128
1787986366444594,110,-60,128
1787986366465266,110,-60,128
1787986366484340,110,-60,128
1787986366503865,110,-60,128
1787986366523814,110,-60,128
1787986366543701,110,-60,128
1787986366563709,110,-60,128
1787986366583753,110,-60,128
1787986366604558,110,-60,128
1787986366624420,110,-60,128
1787986366643885,110,-60,128
1787986366664213,110,-60,128
1787986366684285,110,-60,128
1787986366703908,110,-60,128
1787986366724413,110,-60,128
1787986366744256,110,-60,128
1787986366763737,110,-60,128
1787986366783827,110,-60,128
1787986366804258,110,-60,128
1787986366823870,110,-60,128
1787986366843724,110,-60,128
1787986366863923,110,-60,128
1787986366883942,110,-60,128
1787986366903745,110,-60,128
1787986366923947,110,-60,128
1787986366943930,110,-60,128
1787986366964057,110,-60,128
1787986366984065,110,-60,128
1787986367004290,110,-60,128
1787986367024256,110,-60,128
1787986367044439,110,-60,128
1787986367064207,110,-60,128
1787986367083841,110,-60,128
1787986367104537,110,-60,128
1787986367124388,110,-60,128
1787986367144574,110,-60,128
1787986367164220,110,-60,128
1787986367184126,110,-60,128
1787986367203652,110,-60,128
1787986367224390,110,-60,128
1787986367244600,110,-60,128
1787986367263723,110,-60,128
1787986367284061,110,-60,128
1787986367304391,110,-60,128
1787986367324393,110,-60,128
1787986367343924,110,-60,128
1787986367364282,110,-60,128
1787986367384165,110,-60,128
1787986367404492,110,-60,128
1787986367424454,110,-60,128
1787986367444202,110,-60,128
1787986367464179,110,-60,128
1787986367483952,110,-60,128
1787986367504371,110,-60,128
1787986367524054,110,-60,128
1787986367544278,110,-60,128
1787986367564565,110,-60,128
1787986367583850,110,-60,128
1787986367603938,110,-60,128
1787986367623871,110,-60,128
1787986367643870,110,-60,128
1787986367663670,110,-60,128
1787986367683925,110,-60,128
1787986367703964,110,-60,128
1787986367723947,110,-60,128
1787986367743747,110,-60,128
1787986367764394,110,-60,128
1787986367783727,110,-60,128
1787986367803554,110,-60,128
1787986367824362,110,-60,128
1787986367843741,110,-60,128
1787986367864535,110,-60,128
1787986367884179,110,-60,128
1787986367904233,110,-60,128
1787986367923480,110,-60,128
1787986367944168,110,-60,128
1787986367963611,110,-60,128
1787986367983960,110,-60,128
1787986368003822,110,-60,128
1787986368024210,110,-60,128
1787986368044029,110,-60,128
1787986368064473,110,-60,128
1787986368084158,110,-60,128
1787986368103590,110,-60,128
1787986368124225,110,-60,128
1787986368144031,110,-60,128
1787986368164169,110,-60,128
1787986368184624,110,-60,128
1787986368204532,110,-60,128
1787986368223687,110,-60,128
1787986368244395,110,-60,128
1787986368264355,110,-60,128
1787986368283757,110,-60,128
1787986368303679,110,-60,128
1787986368323985,110,-60,128
1787986368343889,110,-60,128
1787986368364126,110,-60,128
1787986368383919,110,-60,128
1787986368403947,110,-60,128
1787986368424264,110,-60,128
1787986368443872,110,-60,128
1787986368464016,110,-60,128
1787986368483629,110,-60,128
1787986368504374,110,-60,128
1787986368523704,110,-60,128
1787986368543735,110,-60,128
1787986368563983,110,-60,128
1787986368584117,110,-60,128
1787986368604212,110,-60,128
1787986368624472,110,-60,128
1787986368644581,110,-60,128
1787986368664515,110,-60,128
1787986368684012,110,-60,128
1787986368703776,110,-60,128
1787986368724148,110,-60,128
1787986368743419,110,-60,128
1787986368764127,110,-60,128
1787986368783686,110,-60,128
1787986368804103,110,-60,128
1787986368824336,110,-60,128
1787986368844521,110,-60,128
1787986368864191,110,-60,128
1787986368883505,110,-60,128
1787986368903577,110,-60,128
1787986368924464,110,-60,128
1787986368943988,110,-60,128
1787986368964602,110,-60,128
1787986368983695,110,-60,128
1787986369004307,110,-60,128
1787986369024090,110,-60,128
1787986369044413,110,-60,128
1787986369063908,110,-60,128
1787986369084328,110,-60,128
1787986369104543,110,-60,128
1787986369124148,110,-60,128
1787986369143919,110,-60,128
1787986369164007,110,-60,128
1787986369183938,110,-60,128
1787986369204478,110,-60,128
1787986369224375,110,-60,128
1787986369244107,110,-60,128
1787986369263915,110,-60,128
1787986369283608,110,-60,128
1787986369303768,110,-60,128
1787986369324026,110,-60,128
1787986369344094,110,-60,128
1787986369363785,110,-60,128
1787986369383574,110,-60,128
1787986369404286,110,-60,128
1787986369423637,110,-60,128
1787986369443793,110,-60,128
1787986369463531,110,-60,128
1787986369483666,110,-60,128
1787986369503949,110,-60,128
1787986369524027,110,-60,128
1787986369543597,110,-60,128
1787986369564201,110,-60,128
1787986369584204,110,-60,128
1787986369604548,110,-60,128
1787986369623533,110,-60,128
1787986369643885,110,-60,128
1787986369663778,110,-60,128
1787986369683570,110,-60,128
1787986369703974,110,-60,128
1787986369723773,110,-60,128
1787986369744435,110,-60,128
1787986369763737,110,-60,128
1787986369783795,110,-60,128
1787986369804578,110,-60,128
1787986369824469,110,-60,128
1787986369843819,110,-60,128
1787986369863859,110,-60,128
1787986369884197,110,-60,128
1787986369903728,110,-60,128
1787986369923771,110,-60,128
1787986369944441,110,-60,128
1787986369963826,110,-60,128
1787986369984467,110,-60,128
1787986370003803,110,-60,128
1787986370023494,110,-60,128
1787986370044210,110,-60,128
1787986370064232,110,-60,128
1787986370084523,110,-60,128
1787986370104060,110,-60,128
1787986370124085,110,-60,128
1787986370144120,110,-60,128
1787986370164138,110,-60,128
1787986370184151,110,-60,128
1787986370204281,110,-60,128
1787986370224284,110,-60,128
1787986370243845,110,-60,128
1787986370263894,110,-60,128
1787986370284320,110,-60,128
1787986370304621,110,-60,128
1787986370323861,110,-60,128
1787986370344465,110,-60,128
1787986370363538,110,-60,128
1787986370384325,110,-60,128
1787986370403881,110,-60,128
1787986370423559,110,-60,128
1787986370443998,110,-60,128
1787986370463929,110,-60,128
1787986370484068,110,-60,128
1787986370504372,110,-60,128
1787986370523868,110,-60,128
1787986370543872,110,-60,128
1787986370563578,110,-60,128
1787986370584044,110,-60,128
1787986370603890,110,-60,128
1787986370623710,110,-60,128
1787986370644179,110,-60,128
1787986370664056,110,-60,128
1787986370684389,110,-60,128
1787986370703852,110,-60,128
1787986370723573,110,-60,128
1787986370743973,110,-60,128
1787986370764139,110,-60,128
1787986370784306,110,-60,128
1787986370803943,110,-60,128
1787986370823633,110,-60,128
1787986370843967,110,-60,128
1787986370864344,110,-60,128
1787986370884441,110,-60,128
1787986370908007,110,-60,128
1787986370923794,110,-60,128
1787986370943879,110,-60,128
1787986370964007,110,-60,128
1787986370984560,110,-60,128
1787986371004315,110,-60,128
1787986371033830,110,-50,128
1787986371055283,110,-50,128
1787986371078019,110,-50,128
1787986371094613,110,-50,128
1787986371115332,110,-50,128
1787986371134747,110,-50,128
1787986371155265,110,-50,128
1787986371175231,110,-50,128
1787986371195442,110,-50,128
1787986371219379,110,-50,128
1787986371240008,110,-50,128
1787986371259766,110,-50,128
1787986371280316,110,-50,128
1787986371300530,110,-50,128
1787986371319697,110,-50,128
1787986371340300,110,-50,128
1787986371373216,110,-50,128
1787986371394146,110,-50,128
1787986371414334,110,-50,128
1787986371433922,110,-50,128
1787986371454032,110,-50,128
1787986371473572,110,-50,128
1787986371493954,110,-50,128
1787986371514415,110,-50,128
1787986371534547,110,-50,128
1787986371553943,110,-50,128
1787986371576228,110,-50,128
1787986371594318,110,-50,128
1787986371614481,110,-50,128
1787986371634061,110,-50,128
1787986371653748,110,-50,128
1787986371674000,110,-50,128
1787986371694350,110,-50,128
1787986371713659,110,-50,128
1787986371734147,110,-50,128
1787986371753806,110,-50,128
1787986371774030,110,-50,128
1787986371794132,110,-50,128
1787986371814082,110,-50,128
1787986371833791,110,-50,128
1787986371853495,110,-50,128
1787986371873902,110,-50,128
1787986371894441,110,-50,128
1787986371913565,110,-50,128
1787986371933897,110,-50,128
1787986371954431,110,-50,128
1787986371984600,110,-50,128
1787986372005811,110,-50,128
1787986372026197,110,-50,128
1787986372045658,110,-50,128
1787986372065819,110,-50,128
1787986372086467,110,-50,128
1787986372105629,110,-50,128
1787986372125969,110,-50,128
1787986372146452,110,-50,128
1787986372166042,110,-50,128
1787986372185475,110,-50,128
1787986372205635,110,-50,128
1787986372226533,110,-50,128
1787986372245850,110,-50,128
1787986372266187,110,-50,128
1787986372285831,110,-50,128
1787986372306327,110,-50,128
1787986372325873,110,-50,128
1787986372346430,110,-50,128
1787986372366044,110,-50,128
1787986372386246,110,-50,128
1787986372406269,110,-50,128
1787986372426813,110,-50,128
1787986372446147,110,-50,128
1787986372465740,110,-50,128
1787986372486263,110,-50,128
1787986372505998,110,-50,128
1787986372525543,110,-50,128
1787986372545968,110,-50,128
1787986372565709,110,-50,128
1787986372586541,110,-50,128
1787986372606389,110,-50,128
1787986372626210,110,-50,128
1787986372646357,110,-50,128
1787986372666021,110,-50,128
1787986372685830,110,-50,128
1787986372705978,110,-50,128
1787986372726237,110,-50,128
1787986372745830,110,-50,128
1787986372765618,110,-50,128
1787986372786381,110,-50,128
1787986372805850,110,-50,128
1787986372826319,110,-50,128
1787986372846225,110,-50,128
1787986372865591,110,-50,128
1787986372885608,110,-50,128
1787986372906071,110,-50,128
1787986372926117,110,-50,128
1787986372945680,110,-50,128
1787986372966385,110,-50,128
1787986372986417,110,-50,128
1787986373011171,110,-50,128
1787986373031958,110,-50,128
1787986373053453,110,-50,128
1787986373071726,110,-50,128
1787986373091803,110,-50,128
1787986373111826,110,-50,128
1787986373132455,110,-50,128
1787986373152355,110,-50,128
1787986373172493,110,-50,128
1787986373192451,110,-50,128
1787986373212162,110,-50,128
1787986373232517,110,-50,128
1787986373252144,110,-50,128
1787986373271950,110,-50,128
1787986373291780,110,-50,128
1787986373312515,110,-50,128
1787986373332403,110,-50,128
1787986373352060,110,-50,128
1787986373372473,110,-50,128
1787986373391717,110,-50,128
1787986373413333,110,-50,128
1787986373432091,110,-50,128
1787986373451561,110,-50,128
1787986373471627,110,-50,128
1787986373491486,110,-50,128
1787986373512539,110,-50,128
1787986373532254,110,-50,128
1787986373551939,110,-50,128
1787986373572429,110,-50,128
1787986373592470,110,-50,128
1787986373612258,110,-50,128
1787986373631973,110,-50,128
1787986373652252,110,-50,128
1787986373672082,110,-50,128
1787986373692081,110,-50,128
1787986373712196,110,-50,128
1787986373731913,110,-50,128
1787986373752431,110,-50,128
1787986373771824,110,-50,128
1787986373791508,110,-50,128
1787986373811775,110,-50,128
1787986373837820,110,-50,128
1787986373858525,110,-50,128
1787986373879499,110,-50,128
1787986373898730,110,-50,128
1787986373919462,110,-50,128
1787986373938700,110,-50,128
1787986373959036,110,-50,128
1787986373979311,110,-50,128
1787986373998852,110,-50,128
1787986374018512,110,-50,128
1787986374038727,110,-50,128
1787986374059394,110,-50,128
1787986374080916,110,-50,128
1787986374098558,110,-50,128
1787986374119129,110,-50,128
1787986374138564,110,-50,128
1787986374158977,110,-50,128
1787986374178927,110,-50,128
1787986374199256,110,-50,128
1787986374219326,110,-50,128
1787986374238562,110,-50,128
1787986374262224,110,-50,128
1787986374279559,110,-50,128
1787986374299482,110,-50,128
1787986374318837,110,-50,128
1787986374338725,110,-50,128
1787986374359480,110,-50,128
1787986374379269,110,-50,128
1787986374399252,110,-50,128
1787986374418649,110,-50,128
1787986374444700,110,-50,128
1787986374465595,110,-50,128
1787986374485957,110,-50,128
1787986374505620,110,-50,128
1787986374525844,110,-50,128
1787986374546129,110,-50,128
1787986374565839,110,-50,128
1787986374586120,110,-50,128
1787986374606411,110,-50,128
1787986374626216,110,-50,128
1787986374646409,110,-50,128
1787986374666083,110,-50,128
1787986374686212,110,-50,128
1787986374705776,110,-50,128
1787986374725751,110,-50,128
1787986374745824,110,-50,128
1787986374766286,110,-50,128
1787986374785808,110,-50,128
1787986374805823,110,-50,128
1787986374826221,110,-50,128
1787986374857582,110,-50,128
1787986374878718,110,-50,128
1787986374898557,110,-50,128
1787986374927887,110,-50,128
1787986374948611,110,-50,128
1787986374968776,110,-50,128
1787986374989069,110,-50,128
1787986375008799,110,-50,128
1787986375028988,110,-50,128
1787986375050585,110,-50,128
1787986375068730,110,-50,128
1787986375105688,110,-50,128
1787986375127019,110,-50,128
1787986375146546,110,-50,128
1787986375167071,110,-50,128
1787986375187368,110,-50,128
1787986375207487,110,-50,128
1787986375226833,110,-50,128
1787986375247132,110,-50,128
1787986375266754,110,-50,128
1787986375287466,110,-50,128
1787986375307040,110,-50,128
1787986375326478,110,-50,128
1787986375347109,110,-50,128
1787986375366948,110,-50,128
1787986375386710,110,-50,128
1787986375406887,110,-50,128
1787986375426898,110,-50,128
1787986375446894,110,-50,128
1787986375467115,110,-50,128
1787986375487033,110,-50,128
1787986375507259,110,-50,128
1787986375527044,110,-50,128
1787986375547162,110,-50,128
1787986375566704,110,-50,128
1787986375586667,110,-50,128
1787986375607027,110,-50,128
1787986375627175,110,-50,128
1787986375647170,110,-50,128
1787986375666765,110,-50,128
1787986375686559,110,-50,128
1787986375707278,110,-50,128
1787986375727285,110,-50,128
1787986375747147,110,-50,128
1787986375768132,110,-50,128
1787986375786556,110,-50,128
1787986375806658,110,-50,128
1787986375826708,110,-50,128
1787986375846630,110,-50,128
1787986375867340,110,-50,128
1787986375887331,110,-50,128
1787986375906985,110,-50,128
1787986375926996,110,-50,128
1787986375950393,110,-50,128
1787986375967415,110,-50,128
1787986375987362,110,-50,128
1787986376007547,110,-50,128
1787986376026756,110,-50,128
1787986376047333,110,-50,128
1787986376066806,110,-50,128
1787986376086809,110,-50,128
1787986376108599,110,-50,128
1787986376127521,110,-50,128
1787986376147262,110,-50,128
1787986376167235,110,-50,128
1787986376187304,110,-50,128
1787986376206869,110,-50,128
1787986376227437,110,-50,128
1787986376247511,110,-50,128
1787986376267191,110,-50,128
1787986376286643,110,-50,128
1787986376307063,110,-50,128
1787986376327301,110,-50,128
1787986376347413,110,-50,128
1787986376367201,110,-50,128
1787986376386592,110,-50,128
1787986376407037,110,-50,128
1787986376427017,110,-50,128
1787986376455880,110,-50,128
1787986376477189,110,-50,128
1787986376497487,110,-50,128
1787986376516651,110,-50,128
1787986376537339,110,-50,128
1787986376556941,110,-50,128
1787986376576790,110,-50,128
1787986376596648,110,-50,128
1787986376616795,110,-50,128
1787986376637196,110,-50,128
1787986376656484,110,-50,128
1787986376677408,110,-50,128
1787986376697076,110,-50,128
1787986376716801,110,-50,128
1787986376736915,110,-50,128
1787986376757347,110,-50,128
1787986376776684,110,-50,128
1787986376796799,110,-50,128
1787986376817113,110,-50,128
1787986376836857,110,-50,128
1787986376856435,110,-50,128
1787986376876494,110,-50,128
1787986376896614,110,-50,128
1787986376917446,110,-50,128
1787986376937524,110,-50,128
1787986376956666,110,-50,128
1787986376977038,110,-50,128
1787986376996601,110,-50,128
1787986377016762,110,-50,128
1787986377037510,110,-50,128
1787986377056601,110,-50,128
1787986377076979,110,-50,128
1787986377097481,110,-50,128
1787986377116605,110,-50,128
1787986377137350,110,-50,128
1787986377157052,110,-50,128
1787986377176896,110,-50,128
1787986377196934,110,-50,128
1787986377217076,110,-50,128
1787986377236864,110,-50,128
1787986377256731,110,-50,128
1787986377276794,110,-50,128
1787986377296935,110,-50,128
1787986377317267,110,-50,128
1787986377337298,110,-50,128
1787986377356699,110,-50,128
1787986377376633,110,-50,128
1787986377397131,110,-50,128
1787986377417418,110,-50,128
1787986377437253,110,-50,128
1787986377457265,110,-50,128
1787986377476912,110,-50,128
1787986377496960,110,-50,128
1787986377516969,110,-50,128
1787986377536718,110,-50,128
1787986377557020,110,-50,128
1787986377576468,110,-50,128
1787986377596832,110,-50,128
1787986377616902,110,-50,128
1787986377637478,110,-50,128
1787986377657068,110,-50,128
1787986377676642,110,-50,128
1787986377697009,110,-50,128
1787986377722818,110,-50,128
1787986377744354,110,-50,128
1787986377764109,110,-50,128
1787986377783806,110,-50,128
1787986377804555,110,-50,128
1787986377824357,110,-50,128
1787986377843607,110,-50,128
1787986377863881,110,-50,128
1787986377883800,110,-50,128
1787986377904526,110,-50,128
1787986377923762,110,-50,128
1787986377943589,110,-50,128
1787986377964435,110,-50,128
1787986377986250,110,-50,128
1787986378004321,110,-50,128
1787986378023587,110,-50,128
1787986378043717,110,-50,128
1787986378064072,110,-50,128
1787986378084264,110,-50,128
1787986378104383,110,-50,128
1787986378124263,110,-50,128
1787986378144026,110,-50,128
1787986378163701,110,-50,128
1787986378183593,110,-50,128
1787986378205260,110,-50,128
1787986378224324,110,-50,128
1787986378244218,110,-50,128
1787986378263593,110,-50,128
1787986378284101,110,-50,128
1787986378304497,110,-60,128
1787986378323888,110,-60,128
1787986378343957,110,-60,128
1787986378363705,110,-60,128
1787986378384273,110,-60,128
1787986378403865,110,-60,128
1787986378423593,110,-60,128
1787986378443726,110,-60,128
1787986378464224,110,-60,128
1787986378483612,110,-60,128
1787986378503607,110,-60,128
1787986378523650,110,-70,128
1787986378545858,110,-70,128
1787986378563981,110,-70,128
1787986378584461,110,-70,128
1787986378603799,110,-70,128
1787986378623777,110,-70,128
1787986378644448,110,-70,128
1787986378664294,110,-70,128
1787986378684071,110,-70,128
1787986378704223,110,-70,128
1787986378723792,110,-70,128
1787986378744541,110,-70,128
1787986378763751,110,-70,128
1787986378784014,110,-70,128
1787986378803903,110,-70,128
1787986378824434,110,-70,128
1787986378843905,110,-70,128
1787986378864167,110,-70,128
1787986378884144,110,-70,128
1787986378904167,110,-70,128
1787986378924404,110,-70,128
1787986378950275,110,-70,128
1787986378971859,110,-70,128
1787986378992027,110,-70,128
1787986379010663,110,-70,128
1787986379031200,110,-70,128
1787986379050691,110,-70,128
1787986379071329,110,-70,128
1787986379090857,110,-70,128
1787986379111341,110,-70,128
1787986379130475,110,-70,128
1787986379153165,110,-70,128
1787986379170793,110,-70,128
1787986379190471,110,-70,128
1787986379211621,110,-70,128
1787986379231040,110,-70,128
1787986379250397,110,-70,128
1787986379271539,110,-70,128
1787986379290527,110,-70,128
1787986379310830,110,-70,128
1787986379330498,110,-70,128
1787986379352042,110,-70,128
1787986379370827,110,-70,128
1787986379391312,110,-70,128
1787986379411145,110,-70,128
1787986379430596,110,-70,128
1787986379450406,110,-70,128
1787986379470887,110,-70,128
1787986379490501,110,-70,128
1787986379510850,110,-70,128
1787986379530770,110,-70,128
1787986379551370,110,-70,128
1787986379571866,110,-70,128
1787986379591091,110,-70,128
1787986379610523,110,-70,128
1787986379630916,110,-70,128
1787986379651140,110,-70,128
1787986379670581,110,-70,128
1787986379690468,110,-70,128
1787986379710477,110,-70,128
1787986379730650,110,-70,128
1787986379750826,110,-70,128
1787986379771004,110,-70,128
1787986379790578,110,-70,128
1787986379811067,110,-70,128
1787986379830965,110,-70,128
1787986379851091,110,-70,128
1787986379871355,110,-70,128
1787986379890889,110,-70,128
1787986379911335,110,-70,128
1787986379930415,110,-70,128
1787986379951462,110,-70,128
1787986379971289,110,-70,128
1787986379991501,110,-70,128
1787986380010683,110,-70,128
1787986380031382,110,-70,128
1787986380051350,110,-70,128
1787986380071250,110,-70,128
1787986380090499,110,-70,128
1787986380111081,110,-70,128
1787986380130450,110,-70,128
1787986380151463,110,-70,128
1787986380170607,110,-70,128
1787986380190623,110,-70,128
1787986380210445,110,-70,128
1787986380232129,110,-70,128
1787986380250558,110,-70,128
1787986380270745,110,-70,128
1787986380290791,110,-70,128
1787986380310565,110,-70,128
1787986380332286,110,-70,128
1787986380350456,110,-70,128
1787986380370642,110,-70,128
1787986380391267,110,-70,128
1787986380411245,110,-70,128
1787986380431129,110,-70,128
1787986380450611,110,-70,128
1787986380471459,110,-70,128
1787986380491670,110,-70,128
1787986380510472,110,-70,128
1787986380531151,110,-70,128
1787986380552163,110,-70,128
1787986380570802,110,-70,128
1787986380590680,110,-70,128
1787986380610632,110,-70,128
1787986380630680,110,-70,128
1787986380650438,110,-70,128
1787986380670941,110,-70,128
1787986380690409,110,-70,128
1787986380710651,110,-70,128
1787986380730648,110,-70,128
1787986380750964,110,-70,128
1787986380771020,110,-70,128
1787986380790457,110,-70,128
1787986380810513,110,-70,128
1787986380832333,110,-70,128
1787986380851608,110,-70,128
1787986380870753,110,-70,128
1787986380891508,110,-70,128
1787986380910842,110,-70,128
1787986380931116,110,-70,128
1787986380952423,110,-70,128
1787986380971077,110,-70,128
1787986380990779,110,-70,128
1787986381012035,110,-70,128
1787986381031292,110,-70,128
1787986381052407,110,-70,128
1787986381071092,110,-70,128
1787986381090906,110,-70,128
1787986381111127,110,-70,128
1787986381131564,110,-70,128
1787986381150696,110,-70,128
1787986381170843,110,-70,128
1787986381190938,110,-70,128
1787986381210515,110,-70,128
1787986381231497,110,-70,128
1787986381251447,110,-70,128
1787986381270406,110,-70,128
1787986381290538,110,-70,128
1787986381310795,110,-70,128
1787986381330476,110,-70,128
1787986381351750,110,-70,128
1787986381371313,110,-70,128
1787986381390628,110,-70,128
1787986381410777,110,-70,128
1787986381430774,110,-70,128
1787986381451137,110,-70,128
1787986381470507,110,-70,128
1787986381491417,110,-70,128
1787986381510941,110,-70,128
1787986381530801,110,-70,128
1787986381551145,110,-70,128
1787986381571392,110,-70,128
1787986381591095,110,-70,128
1787986381610695,110,-70,128
1787986381630801,110,-70,128
1787986381650722,110,-70,128
1787986381670493,110,-70,128
1787986381691205,110,-70,128
1787986381710552,110,-70,128
1787986381730574,110,-70,128
1787986381750731,110,-70,128
1787986381770571,110,-70,128
1787986381791204,110,-70,128
1787986381812287,110,-70,128
1787986381831871,110,-70,128
1787986381850842,110,-70,128
1787986381870707,110,-70,128
1787986381890420,110,-70,128
1787986381910627,110,-70,128
1787986381932381,110,-70,128
1787986381950757,110,-70,128
1787986381971000,110,-70,128
1787986381990422,110,-70,128
1787986382011287,110,-70,128
1787986382030471,110,-70,128
1787986382051913,110,-70,128
1787986382070926,110,-70,128
1787986382091885,110,-70,128
1787986382111753,110,-70,128
1787986382130589,110,-70,128
1787986382150853,110,-70,128
1787986382170622,110,-70,128
1787986382191125,110,-70,128
1787986382210913,110,-70,128
1787986382231025,110,-70,128
1787986382250581,110,-70,128
1787986382270847,110,-70,128
1787986382290870,110,-70,128
1787986382311972,110,-70,128
1787986382331416,110,-70,128
1787986382351280,110,-70,128
1787986382372625,110,-70,128
1787986382390898,110,-70,128
1787986382410710,110,-70,128
1787986382432062,110,-70,128
1787986382451378,110,-70,128
1787986382472576,110,-70,128
1787986382491011,110,-70,128
1787986382510918,110,-70,128
1787986382532407,110,-70,128
1787986382551029,110,-70,128
1787986382570994,110,-70,128
1787986382590543,110,-70,128
1787986382610656,110,-70,128
1787986382630492,110,-70,128
1787986382650749,110,-70,128
1787986382671186,110,-70,128
1787986382690870,110,-70,128
1787986382711843,110,-70,128
1787986382731289,110,-70,128
1787986382750422,110,-70,128
1787986382770614,110,-70,128
1787986382790689,110,-70,128
1787986382811249,110,-70,128
1787986382830576,110,-70,128
1787986382851284,110,-70,128
1787986382871334,110,-70,128
1787986382890570,110,-70,128
1787986382911604,110,-70,128
1787986382931855,110,-70,128
1787986382950652,110,-70,128
1787986382970898,110,-70,128
1787986382991338,110,-70,128
1787986383010978,110,-70,128
1787986383030481,110,-70,128
1787986383051282,110,-70,128
1787986383071324,110,-70,128
1787986383090777,110,-70,128
1787986383110684,110,-70,128
1787986383130798,110,-70,128
1787986383150846,110,-70,128
1787986383170478,110,-70,128
1787986383190673,110,-70,128
1787986383212086,110,-70,128
1787986383230522,110,-70,128
1787986383250608,110,-70,128
1787986383270478,110,-70,128
1787986383290786,110,-70,128
1787986383310724,110,-70,128
1787986383330534,110,-70,128
1787986383350644,110,-70,128
1787986383370554,110,-70,128
1787986383391110,110,-70,128
1787986383410452,110,-70,128
1787986383430995,110,-70,128
1787986383450785,110,-70,128
1787986383470807,110,-70,128
1787986383490858,110,-70,128
1787986383510439,110,-70,128
1787986383531537,110,-70,128
1787986383551273,110,-70,128
1787986383571139,110,-70,128
1787986383591411,110,-70,128
1787986383610896,110,-70,128
1787986383631152,110,-70,128
1787986383650581,110,-70,128
1787986383670644,110,-70,128
1787986383690453,110,-70,128
1787986383710426,110,-70,128
1787986383731020,110,-70,128
1787986383751063,110,-70,128
1787986383771408,110,-70,128
1787986383790622,110,-70,128
1787986383811594,110,-70,128
1787986383830630,110,-70,128
1787986383851187,110,-70,128
1787986383870522,110,-70,128
1787986383890926,110,-70,128
1787986383911576,110,-70,128
1787986383931914,110,-70,128
1787986383950836,110,-70,128
1787986383971528,110,-70,128
1787986383991666,110,-70,128
1787986384012472,110,-70,128
1787986384031133,110,-70,128
1787986384051429,110,-70,128
1787986384071085,110,-70,128
1787986384090416,110,-70,128
1787986384110482,110,-70,128
1787986384130745,110,-70,128
1787986384150531,110,-70,128
1787986384170429,110,-70,128
1787986384190762,110,-70,128
1787986384211054,110,-70,128
1787986384231113,110,-70,128
1787986384250996,110,-70,128
1787986384270709,110,-70,128
1787986384291247,110,-70,128
1787986384310946,110,-70,128
1787986384331327,110,-70,128
1787986384352000,110,-70,128
1787986384370612,110,-70,128
1787986384393488,110,-70,128
1787986384411194,110,-70,128
1787986384431308,110,-70,128
1787986384450639,110,-70,128
1787986384471289,110,-70,128
1787986384491542,110,-70,128
1787986384511485,110,-70,128
1787986384530524,110,-70,128
1787986384551450,110,-70,128
1787986384570815,110,-70,128
1787986384590578,110,-70,128
1787986384610930,110,-70,128
1787986384630819,110,-70,128
1787986384650591,110,-70,128
1787986384670673,110,-70,128
1787986384691674,110,-70,128
1787986384710927,110,-70,128
1787986384730463,110,-70,128
1787986384750828,110,-70,128
1787986384770951,110,-70,128
1787986384790790,110,-70,128
1787986384810506,110,-70,128
1787986384830681,110,-70,128
1787986384850511,110,-70,128
1787986384870636,110,-70,128
1787986384890521,110,-70,128
1787986384910841,110,-70,128
1787986384930532,110,-70,128
1787986384951289,110,-70,128
1787986384970775,110,-70,128
1787986384990426,110,-70,128
1787986385010587,110,-70,128
1787986385030406,110,-70,128
1787986385050738,110,-70,128
1787986385070444,110,-70,128
1787986385090843,110,-70,128
1787986385110663,110,-70,128
1787986385130612,110,-70,128
1787986385150709,110,-70,128
1787986385170459,110,-70,128
1787986385192664,110,-70,128
1787986385210933,110,-70,128
1787986385231896,110,-70,128
1787986385250874,110,-70,128
1787986385270436,110,-70,128
1787986385290711,110,-70,128
1787986385310524,110,-70,128
1787986385331334,110,-70,128
1787986385351107,110,-70,128
1787986385370829,110,-70,128
1787986385390953,110,-70,128
1787986385412929,110,-70,128
1787986385430725,110,-70,128
1787986385452905,110,-70,128
1787986385471128,110,-70,128
1787986385490675,110,-70,128
1787986385512638,110,-70,128
1787986385532941,110,-70,128
1787986385550747,110,-70,128
1787986385572218,110,-70,128
1787986385590777,110,-70,128
1787986385611763,110,-70,128
1787986385630585,110,-70,128
1787986385650751,110,-70,128
1787986385670555,110,-70,128
1787986385691154,110,-70,128
1787986385710853,110,-70,128
1787986385730728,110,-70,128
1787986385750550,110,-70,128
1787986385770479,110,-70,128
1787986385791077,110,-70,128
1787986385810679,110,-70,128
1787986385831653,110,-70,128
1787986385850842,110,-70,128
1787986385870490,110,-70,128
1787986385890946,110,-70,128
1787986385911593,110,-70,128
1787986385930671,110,-70,128
1787986385950553,110,-70,128
1787986385970888,110,-70,128
1787986385991728,110,-70,128
1787986386013023,110,-70,128
1787986386030476,110,-70,128
1787986386052939,110,-70,128
1787986386071841,110,-70,128
1787986386090478,110,-70,128
1787986386112117,110,-70,128
1787986386130864,110,-70,128
1787986386150844,110,-70,128
1787986386170772,110,-70,128
1787986386191431,110,-70,128
1787986386211059,110,-70,128
1787986386231143,110,-70,128
1787986386250643,110,-70,128
1787986386270656,110,-70,128
1787986386290445,110,-70,128
1787986386310566,110,-70,128
1787986386330641,110,-70,128
1787986386350586,110,-70,128
1787986386370994,110,-70,128
1787986386391806,110,-70,128
1787986386411991,110,-70,128
1787986386431696,110,-70,128
1787986386450479,110,-70,128
1787986386471713,110,-70,128
1787986386492192,110,-70,128
1787986386512403,110,-70,128
1787986386531105,110,-70,128
1787986386550786,110,-70,128
1787986386572263,110,-70,128
1787986386590984,110,-70,128
1787986386610943,110,-70,128
1787986386630977,110,-70,128
1787986386650693,110,-70,128
1787986386670992,110,-70,128
1787986386690536,110,-70,128
1787986386711141,110,-70,128
1787986386732402,110,-70,128
1787986386750738,110,-70,128
1787986386771389,110,-70,128
1787986386790578,110,-70,128
1787986386810786,110,-70,128
1787986386832673,110,-70,128
1787986386850829,110,-70,128
1787986386871096,110,-70,128
1787986386890495,110,-70,128
1787986386911342,110,-70,128
1787986386930616,110,-70,128
1787986386950876,110,-70,128
1787986386970925,110,-70,128
1787986386991498,110,-70,128
1787986387011752,110,-70,128
1787986387031272,110,-70,128
1787986387050707,110,-70,128
1787986387071882,110,-70,128
1787986387090531,110,-70,128
1787986387111757,110,-70,128
1787986387130693,110,-70,128
1787986387151324,110,-70,128
1787986387170555,110,-70,128
1787986387190559,110,-70,128
1787986387211144,110,-70,128
1787986387230657,110,-70,128
1787986387251042,110,-70,128
1787986387271362,110,-70,128
1787986387291269,110,-70,128
1787986387311237,110,-70,128
1787986387330839,110,-70,128
1787986387350647,110,-70,128
1787986387370495,110,-70,128
1787986387390559,110,-70,128
1787986387411036,110,-70,128
1787986387431027,110,-70,128
1787986387450451,110,-70,128
1787986387470908,110,-70,128
1787986387490619,110,-70,128
1787986387511359,110,-70,128
1787986387531545,110,-70,128
1787986387551100,110,-70,128
1787986387570850,110,-70,128
1787986387590750,110,-70,128
1787986387611164,110,-70,128
1787986387631530,110,-70,128
1787986387650735,110,-70,128
1787986387670540,110,-70,128
1787986387691267,110,-70,128
1787986387710540,110,-70,128
1787986387731368,110,-70,128
1787986387751221,110,-70,128
1787986387770563,110,-70,128
1787986387790555,110,-70,128
1787986387810910,110,-70,128
1787986387830946,110,-70,128
1787986387851416,110,-70,128
1787986387871471,110,-70,128
1787986387890455,110,-70,128
1787986387911218,110,-80,128
1787986387931032,110,-80,128
1787986387950676,110,-80,128
1787986387971395,110,-80,128
1787986387990697,110,-80,128
1787986388011131,110,-80,128
1787986388030518,110,-80,128
1787986388050656,110,-80,128
1787986388070637,110,-80,128
1787986388091152,110,-80,128
1787986388110538,110,-80,128
1787986388130526,110,-80,128
1787986388150871,110,-80,128
1787986388170523,110,-80,128
1787986388191224,110,-80,128
1787986388211309,110,-80,128
1787986388231351,110,-80,128
1787986388251245,110,-80,128
1787986388270467,110,-80,128
1787986388290883,110,-80,128
1787986388311283,110,-80,128
1787986388330559,110,-80,128
1787986388350881,110,-80,128
1787986388370704,110,-80,128
1787986388391363,110,-80,128
1787986388411223,110,-80,128
1787986388431190,110,-80,128
1787986388450804,110,-80,128
1787986388470909,110,-80,128
1787986388490736,110,-80,128
1787986388511114,110,-80,128
1787986388531521,110,-80,128
1787986388551463,110,-80,128
1787986388570910,110,-80,128
1787986388591050,110,-80,128
1787986388610709,110,-80,128
1787986388631337,110,-80,128
1787986388650512,110,-80,128
1787986388670798,110,-80,128
1787986388690520,110,-80,128
1787986388711133,110,-80,128
1787986388731369,110,-80,128
1787986388751101,110,-80,128
1787986388770649,110,-80,128
1787986388790774,110,-80,128
1787986388811477,110,-80,128
1787986388830895,110,-80,128
1787986388851147,110,-80,128
1787986388870745,110,-80,128
1787986388891489,110,-80,128
1787986388911081,110,-80,128
1787986388931430,110,-80,128
1787986388950890,110,-80,128
1787986388971443,110,-80,128
1787986388991217,110,-80,128
1787986389011536,110,-80,128
1787986389031306,110,-80,128
1787986389051588,110,-80,128
1787986389071231,110,-80,128
1787986389090915,110,-80,128
1787986389111041,110,-80,128
1787986389130981,110,-80,128
1787986389151140,110,-80,128
1787986389171075,110,-80,128
1787986389190894,110,-80,128
1787986389210564,110,-80,128
1787986389231205,110,-80,128
1787986389251239,110,-80,128
1787986389271163,110,-80,128
1787986389290533,110,-80,128
1787986389311456,110,-80,128
1787986389331327,110,-80,128
1787986389351457,110,-80,128
1787986389370927,110,-80,128
1787986389391033,110,-80,128
1787986389411579,110,-80,128
1787986389430715,110,-80,128
1787986389451458,110,-80,128
1787986389471124,110,-80,128
1787986389491136,110,-80,128
1787986389511055,110,-80,128
1787986389530650,110,-80,128
1787986389550942,110,-80,128
1787986389571312,110,-80,128
1787986389590415,110,-80,128
1787986389611462,110,-80,128
1787986389631055,110,-80,128
1787986389650621,110,-80,128
1787986389670539,110,-80,128
1787986389690892,110,-80,128
1787986389711045,110,-80,128
1787986389731474,110,-80,128
1787986389750937,110,-80,128
1787986389771296,110,-80,128
1787986389791375,110,-80,128
1787986389810814,110,-80,128
1787986389831434,110,-80,128
1787986389850468,110,-80,128
1787986389870569,110,-80,128
1787986389891559,110,-80,128
1787986389911133,110,-80,128
1787986389931045,110,-80,128
1787986389950846,110,-80,128
1787986389971116,110,-80,128
1787986389990569,110,-80,128
1787986390010723,110,-80,128
1787986390030494,110,-80,128
1787986390050556,110,-80,128
1787986390071435,110,-80,128
1787986390090519,110,-80,128
1787986390111028,110,-80,128
1787986390130598,110,-80,128
1787986390150845,110,-80,128
1787986390170633,110,-80,128
1787986390190416,110,-80,128
1787986390211056,110,-80,128
1787986390231057,110,-80,128
1787986390251192,110,-80,128
1787986390270603,110,-80,128
1787986390291447,110,-80,128
1787986390310775,110,-80,128
1787986390331289,110,-80,128
1787986390350536,110,-80,128
1787986390370760,110,-80,128
1787986390390820,110,-80,128
1787986390411394,110,-80,128
1787986390430903,110,-80,128
1787986390450769,110,-80,128
1787986390470750,110,-80,128
1787986390491621,110,-80,128
1787986390511294,110,-80,128
1787986390530612,110,-80,128
1787986390551321,110,-80,128
1787986390571532,110,-80,148
1787986390590509,110,-80,148
1787986390611457,110,-80,148
1787986390630771,110,-80,148
1787986390651371,110,-80,148
1787986390671150,110,-80,148
1787986390690688,110,-80,148
1787986390710639,110,-80,148
1787986390730845,110,-80,148
1787986390751505,110,-80,148
1787986390771365,110,-80,148
1787986390790741,110,-80,148
1787986390810496,110,-80,148
1787986390831409,110,-80,148
1787986390850705,110,-80,148
1787986390871432,110,-80,148
1787986390891410,110,-80,148
1787986390911289,110,-80,148
1787986390930891,110,-80,148
1787986390950778,110,-80,148
1787986390970656,110,-80,148
1787986390991097,110,-80,168
1787986391011343,110,-80,168
1787986391031277,110,-80,168
1787986391050646,110,-80,168
1787986391070570,110,-80,168
1787986391091060,110,-80,168
1787986391110835,110,-80,168
1787986391130645,110,-80,168
1787986391150692,110,-80,168
1787986391171180,110,-80,168
1787986391190621,110,-80,168
1787986391210527,110,-80,168
1787986391230540,110,-80,168
1787986391250531,110,-80,168
1787986391271183,110,-80,168
1787986391291378,110,-80,188
1787986391310474,110,-80,188
1787986391331025,110,-80,188
1787986391350502,110,-80,188
1787986391371273,110,-80,188
1787986391391086,110,-80,188
1787986391410467,110,-80,188
1787986391430999,110,-80,188
1787986391451188,110,-80,188
1787986391471186,110,-80,188
1787986391490607,110,-80,188
1787986391510647,110,-80,188
1787986391531082,110,-80,188
1787986391551050,110,-80,208
1787986391571213,110,-80,208
1787986391591238,110,-80,208
1787986391611068,110,-80,208
1787986391630653,110,-80,208
1787986391651245,110,-80,208
1787986391671062,110,-80,208
1787986391690675,110,-80,208
1787986391711391,110,-80,208
1787986391731311,110,-80,208
1787986391751357,110,-80,208
1787986391771130,110,-80,208
1787986391791259,110,-80,208
1787986391810862,110,-80,208
1787986391831207,110,-80,208
1787986391851418,110,-80,208
1787986391870872,110,-80,208
1787986391890761,110,-80,208
1787986391910936,110,-80,208
1787986391931085,110,-80,208
1787986391951104,110,-80,208
1787986391971161,110,-80,228
1787986391991106,110,-80,228
1787986392011040,110,-80,228
1787986392031194,110,-80,228
1787986392050951,110,-80,228
1787986392071248,110,-80,228
1787986392091341,110,-80,228
1787986392111215,110,-80,228
1787986392130682,110,-80,228
1787986392151274,110,-80,228
1787986392171343,110,-80,228
1787986392190744,110,-80,228
1787986392210875,110,-80,228
1787986392230485,110,-80,228
1787986392250797,110,-80,228
1787986392271177,110,-80,228
1787986392290573,110,-80,228
1787986392310804,110,-80,228
1787986392331479,110,-80,248
1787986392350985,110,-80,248
1787986392371194,110,-80,248
1787986392391009,110,-80,248
1787986392411696,110,-80,248
1787986392431142,110,-80,248
1787986392450765,110,-80,248
1787986392470804,110,-80,248
1787986392491005,110,-80,248
1787986392510907,110,-80,248
1787986392531280,110,-80,248
1787986392551063,110,-80,248
1787986392570555,110,-80,248
1787986392591186,110,-80,248
1787986392610428,110,-80,248
1787986392630511,110,-80,248
1787986392651267,110,-80,248
1787986392671456,110,-80,248
1787986392691126,110,-80,248
1787986392711433,110,-80,248
1787986392730605,110,-80,248
1787986392750623,110,-80,248
1787986392770959,110,-80,248
1787986392791293,110,-80,248
1787986392810804,110,-80,248
1787986392830490,110,-80,248
1787986392850533,110,-80,248
1787986392870907,110,-80,248
1787986392890422,110,-80,248
1787986392910991,110,-80,248
1787986392930562,110,-80,248
1787986392950998,110,-80,248
1787986392970856,110,-80,248
1787986392991507,110,-80,248
1787986393011209,110,-80,248
1787986393030731,110,-80,248
1787986393050518,110,-80,248
1787986393070844,110,-80,248
1787986393090512,110,-80,248
1787986393110873,110,-80,248
1787986393131165,110,-80,248
1787986393151203,110,-80,248
1787986393171354,110,-80,248
1787986393190602,110,-80,248
1787986393210759,110,-80,248
1787986393231081,110,-80,248
1787986393250735,110,-80,248
1787986393271007,110,-80,248
1787986393291344,110,-80,248
1787986393310499,110,-80,248
1787986393330715,110,-80,248
1787986393351090,110,-80,248
1787986393371249,110,-80,248
1787986393391085,110,-80,248
1787986393411070,110,-80,248
1787986393431449,110,-80,248
1787986393450639,110,-80,248
1787986393470889,110,-80,248
1787986393491015,110,-80,248
1787986393510888,110,-80,248
1787986393530940,110,-80,248
1787986393551142,110,-80,248
1787986393570917,110,-80,248
1787986393591320,110,-80,248
1787986393610414,110,-80,248
1787986393630700,110,-80,248
1787986393650485,110,-80,248
1787986393671553,110,-80,248
1787986393691231,110,-80,248
1787986393710820,110,-80,248
1787986393730754,110,-80,248
1787986393751266,110,-80,248
1787986393770679,110,-80,248
1787986393791086,110,-80,248
1787986393811191,110,-80,248
1787986393830637,110,-80,248
1787986393851333,110,-80,248
1787986393870808,110,-80,248
1787986393890584,110,-80,248
1787986393910830,110,-80,248
1787986393930912,110,-80,248
1787986393950792,110,-80,248
1787986393971420,110,-80,248
1787986393991365,110,-80,248
1787986394011345,110,-80,248
1787986394030649,110,-80,248
1787986394050433,110,-80,248
1787986394071240,110,-80,248
1787986394091100,110,-80,248
1787986394111384,110,-80,248
1787986394131206,110,-80,248
1787986394150736,110,-80,248
1787986394170950,110,-80,248
1787986394190545,110,-80,248
1787986394211046,110,-80,248
1787986394230839,110,-80,248
1787986394250797,110,-80,248
1787986394270703,110,-80,248
1787986394291495,110,-80,248
1787986394311016,110,-80,248
1787986394330869,110,-80,248
1787986394351133,110,-80,248
1787986394370618,110,-80,248
1787986394390663,110,-80,248
1787986394410887,110,-80,248
1787986394430633,110,-80,248
1787986394451317,110,-80,248
1787986394471150,110,-80,248
1787986394490976,110,-80,248
1787986394511435,110,-80,248
1787986394531116,110,-80,248
1787986394551109,110,-80,248
1787986394570471,110,-80,248
1787986394590743,110,-80,248
1787986394610741,110,-80,248
1787986394630506,110,-80,248
1787986394650616,110,-80,248
1787986394671570,110,-80,248
1787986394691279,110,-80,248
1787986394710489,110,-80,248
1787986394731105,110,-80,248
1787986394750969,110,-80,248
1787986394771483,110,-80,248
1787986394790870,110,-80,248
1787986394811178,110,-80,248
1787986394831486,110,-80,248
1787986394851194,110,-80,248
1787986394871530,110,-80,248
1787986394891208,110,-80,248
1787986394910772,110,-80,248
1787986394930945,110,-80,248
1787986394951433,110,-80,248
1787986394970503,110,-80,248
1787986394991172,110,-80,248
1787986395010476,110,-80,248
1787986395031091,110,-80,248
1787986395050589,110,-80,248
1787986395071239,110,-80,248
1787986395091161,110,-80,248
1787986395111088,110,-80,248
1787986395130637,110,-80,248
1787986395150620,110,-80,248
1787986395170507,110,-80,248
1787986395191267,110,-80,248
1787986395210913,110,-80,248
1787986395230951,110,-80,248
1787986395250973,110,-80,248
1787986395271271,110,-80,248
1787986395290807,110,-80,248
1787986395310750,110,-80,248
1787986395331458,110,-80,248
1787986395351310,110,-80,248
1787986395370756,110,-80,248
1787986395391451,110,-80,248
1787986395411184,110,-80,248
1787986395430742,110,-80,248
1787986395451022,110,-80,248
1787986395470779,110,-80,248
1787986395490831,110,-80,248
1787986395510913,110,-80,248
1787986395530758,110,-80,248
1787986395551434,110,-80,248
1787986395571324,110,-80,248
1787986395591142,110,-80,248
1787986395610687,110,-80,248
1787986395630768,110,-80,248
1787986395651252,110,-80,248
1787986395670839,110,-80,248
1787986395690916,110,-80,248
1787986395711163,110,-80,248
1787986395730858,110,-80,248
1787986395750573,110,-80,248
1787986395771090,110,-80,248
1787986395790806,110,-80,248
1787986395810633,110,-80,248
1787986395830735,110,-80,248
1787986395851043,110,-80,248
1787986395871039,110,-80,248
1787986395890714,110,-80,248
1787986395911280,110,-80,248
1787986395931437,110,-80,248
1787986395951404,110,-80,248
1787986395971553,110,-80,248
1787986395991063,110,-80,248
1787986396010517,110,-80,248
1787986396031506,110,-80,248
1787986396051283,110,-80,248
1787986396071370,110,-80,248
1787986396090623,110,-80,248
1787986396111525,110,-80,248
1787986396131287,110,-80,248
1787986396151069,110,-80,248
1787986396170887,110,-80,248
1787986396190801,110,-80,248
1787986396210914,110,-80,248
1787986396231564,110,-80,248
1787986396251481,110,-80,248
1787986396270982,110,-80,248
1787986396290487,110,-80,248
1787986396310675,110,-80,248
1787986396331269,110,-80,248
1787986396351095,110,-80,248
1787986396371207,110,-80,248
1787986396391493,110,-80,248
1787986396410642,110,-80,248
1787986396430523,110,-80,248
1787986396451464,110,-80,248
1787986396471494,110,-80,248
1787986396490658,110,-80,248
1787986396511277,110,-80,248
1787986396531467,110,-80,248
1787986396550885,110,-80,248
1787986396571222,110,-80,248
1787986396590999,110,-80,248
1787986396611329,110,-80,248
1787986396630880,110,-80,248
1787986396650595,110,-80,248
1787986396670820,110,-80,248
1787986396690807,110,-80,248
1787986396711070,110,-80,248
1787986396731237,110,-80,248
1787986396750575,110,-80,248
1787986396771304,110,-80,248
1787986396790673,110,-80,248
1787986396810696,110,-80,248
1787986396831354,110,-80,248
1787986396851067,110,-80,248
1787986396870711,110,-80,248
1787986396891254,110,-80,248
1787986396911032,110,-80,248
1787986396930707,110,-80,248
1787986396950855,110,-80,248
1787986396971023,110,-80,248
1787986396991517,110,-80,248
1787986397010716,110,-80,248
1787986397031260,110,-80,248
1787986397051145,110,-80,248
1787986397071510,110,-80,248
1787986397090874,110,-80,248
1787986397111382,110,-80,248
1787986397131399,110,-80,248
1787986397150635,110,-80,248
1787986397170919,110,-80,248
1787986397190526,110,-80,248
1787986397211522,110,-80,248
1787986397231540,110,-80,248
1787986397250531,110,-80,248
1787986397271229,110,-80,248
1787986397291276,110,-80,248
1787986397310884,110,-80,248
1787986397330976,110,-80,248
1787986397350410,110,-80,248
1787986397370602,110,-80,248
1787986397391436,110,-80,248
1787986397410589,110,-80,248
1787986397430849,110,-80,248
1787986397451231,110,-80,248
1787986397471202,110,-80,248
1787986397491106,110,-80,248
1787986397511333,110,-80,248
1787986397531486,110,-80,248
1787986397551096,110,-80,248
1787986397570566,110,-80,248
1787986397591534,110,-80,248
1787986397610610,110,-80,248
1787986397631178,110,-80,248
1787986397651306,110,-80,248
1787986397670498,110,-80,248
1787986397690455,110,-80,248
1787986397710793,110,-80,248
1787986397730926,110,-80,248
1787986397750564,110,-80,248
1787986397770600,110,-80,248
1787986397790762,110,-80,248
1787986397811018,110,-80,248
1787986397831271,110,-80,248
1787986397850469,110,-80,248
1787986397871224,110,-80,248
1787986397890490,110,-80,248
1787986397911156,110,-80,248
1787986397931109,110,-80,248
1787986397950809,110,-80,248
1787986397971538,110,-80,248
1787986397991496,110,-80,248
1787986398010637,110,-80,248
1787986398030847,110,-80,248
1787986398050571,110,-80,248
1787986398070881,110,-80,248
1787986398090747,110,-80,248
1787986398111305,110,-80,248
1787986398131216,110,-80,248
1787986398151032,110,-80,248
1787986398171351,110,-80,248
1787986398191181,110,-80,248
1787986398211244,110,-80,248
1787986398231039,110,-80,248
1787986398251190,110,-80,248
1787986398270817,110,-80,248
1787986398291471,110,-80,248
1787986398311271,110,-80,248
1787986398331616,110,-80,248
1787986398351116,110,-80,248
1787986398370598,110,-80,248
1787986398391453,110,-80,248
1787986398410762,110,-80,248
1787986398431040,110,-80,248
1787986398451028,110,-80,248
1787986398471319,110,-80,248
1787986398490811,110,-80,248
1787986398510589,110,-80,248
1787986398531478,110,-80,248
1787986398550839,110,-80,248
1787986398570797,110,-80,248
1787986398591347,110,-80,248
1787986398611230,110,-80,248
1787986398630514,110,-80,248
1787986398651350,110,-80,248
1787986398671352,110,-80,248
1787986398690820,110,-80,248
1787986398711351,110,-80,248
1787986398731239,110,-80,248
1787986398750841,110,-80,248
1787986398770815,110,-80,248
1787986398790538,110,-80,248
1787986398810857,110,-80,248
1787986398830916,110,-80,248
1787986398851020,110,-80,248
1787986398870640,110,-80,248
1787986398890824,110,-80,248
1787986398910682,110,-80,248
1787986398930641,110,-80,248
1787986398950494,110,-80,248
1787986398970529,110,-80,248
1787986398991111,110,-80,248
1787986399010739,110,-80,248
1787986399030782,110,-80,248
1787986399051318,110,-80,248
1787986399070651,110,-80,248
1787986399090507,110,-80,248
1787986399111535,110,-80,248
1787986399131586,110,-80,248
1787986399150930,110,-80,248
1787986399170894,110,-80,248
1787986399190687,110,-80,248
1787986399211606,110,-80,248
1787986399231140,110,-80,248
1787986399250511,110,-80,248
1787986399271492,110,-80,248
1787986399290724,110,-80,248
1787986399311505,110,-80,248
1787986399331285,110,-80,248
1787986399351257,110,-80,248
1787986399371243,110,-80,248
1787986399391294,110,-80,248
1787986399411207,110,-80,248
1787986399431115,110,-80,248
1787986399450757,110,-80,248
1787986399470746,110,-80,248
1787986399490820,110,-80,248
1787986399510972,110,-80,248
1787986399531176,110,-80,248
1787986399550487,110,-80,248
1787986399571081,110,-80,248
1787986399591456,110,-80,248
1787986399611030,110,-80,248
1787986399631336,110,-80,248
1787986399651041,110,-80,248
1787986399670825,110,-80,248
1787986399691420,110,-80,248
1787986399711104,110,-80,248
1787986399731014,110,-80,248
1787986399750788,110,-80,248
1787986399771510,110,-80,248
1787986399790661,110,-80,248
1787986399810997,110,-80,248
1787986399831117,110,-80,248
1787986399851409,110,-80,248
1787986399871085,110,-80,248
1787986399890714,110,-80,248
1787986399910639,110,-80,248
1787986399930651,110,-80,248
1787986399951229,110,-80,248
1787986399971441,110,-80,248
1787986399991244,110,-80,248
1787986400011052,110,-80,248
1787986400031306,110,-80,248
1787986400050793,110,-80,248
1787986400071456,110,-80,248
1787986400091268,110,-80,248
1787986400110621,110,-80,248
1787986400131556,110,-80,248
1787986400151357,110,-80,248
1787986400170803,110,-80,248
1787986400191068,110,-70,248
1787986400210881,110,-70,248
1787986400231422,110,-70,248
1787986400251077,110,-70,248
1787986400271202,110,-70,248
1787986400291304,110,-70,248
1787986400311491,110,-70,248
1787986400330446,110,-70,248
1787986400350706,110,-70,248
1787986400370703,110,-70,248
1787986400391307,110,-70,248
1787986400411256,110,-70,248
1787986400430928,110,-70,248
1787986400451521,110,-70,248
1787986400470534,110,-70,248
1787986400490647,110,-70,248
1787986400511072,110,-70,248
1787986400530931,110,-60,248
1787986400550491,110,-60,248
1787986400571396,110,-60,248
1787986400591441,110,-60,248
1787986400610529,110,-60,248
1787986400631318,110,-60,248
1787986400650781,110,-60,248
1787986400671110,110,-60,248
1787986400690618,110,-60,248
1787986400711071,110,-60,248
1787986400731403,110,-60,248
1787986400750789,110,-60,248
1787986400771292,110,-60,248
1787986400791226,110,-60,248
1787986400810910,110,-60,248
1787986400830690,110,-50,248
1787986400851581,110,-50,248
1787986400870599,110,-50,248
1787986400891285,110,-50,248
1787986400910943,110,-50,248
1787986400930603,110,-50,248
1787986400951004,110,-50,248
1787986400970755,110,-50,248
1787986400990706,110,-50,248
1787986401011127,110,-50,248
1787986401030556,110,-50,248
1787986401051096,110,-50,248
1787986401071040,110,-50,248
1787986401090639,110,-50,248
1787986401110509,110,-50,248
1787986401131331,110,-50,248
1787986401151224,110,-50,248
1787986401170468,110,-50,248
1787986401190622,110,-40,248
1787986401210790,110,-40,248
1787986401231038,110,-40,248
1787986401251297,110,-40,248
1787986401271285,110,-40,248
1787986401291130,110,-40,248
1787986401311089,110,-40,248
1787986401330523,110,-40,248
1787986401351030,110,-40,248
1787986401370584,110,-40,248
1787986401391322,110,-40,248
1787986401411321,110,-40,248
1787986401430840,110,-40,248
1787986401451522,110,-40,248
1787986401471113,110,-40,248
1787986401490940,110,-30,248
1787986401511222,110,-30,248
1787986401530590,110,-30,248
1787986401550609,110,-30,248
1787986401571017,110,-30,248
1787986401591301,110,-30,248
1787986401611543,110,-30,248
1787986401630662,110,-30,248
1787986401650676,110,-30,248
1787986401671400,110,-30,248
1787986401691098,110,-30,248
1787986401710500,110,-30,248
1787986401736276,110,-30,248
1787986401756907,110,-30,248
1787986401776660,110,-30,248
1787986401797454,110,-30,248
1787986401816883,110,-30,248
1787986401837088,110,-30,248
1787986401856889,110,-20,248
1787986401876837,110,-20,248
1787986401897411,110,-20,248
1787986401917295,110,-20,248
1787986401937427,110,-20,248
1787986401957356,110,-20,248
1787986401976931,110,-20,248
1787986401996880,110,-20,248
1787986402016900,110,-20,248
1787986402036866,110,-20,248
1787986402057081,110,-20,248
1787986402088532,110,-20,248
1787986402109916,110,-20,248
1787986402129953,110,-20,248
1787986402149581,110,-20,248
1787986402170245,110,-10,248
1787986402190382,110,-10,248
1787986402210290,110,-10,248
1787986402229988,110,-10,248
1787986402250324,110,-10,248
1787986402270263,110,-10,248
1787986402290372,110,-10,248
1787986402309870,110,-10,248
1787986402333318,110,-10,248
1787986402350286,110,-10,248
1787986402369702,110,-10,248
1787986402389640,110,-10,248
1787986402410025,110,-10,248
1787986402430054,110,-10,248
1787986402450215,110,-10,248
1787986402470023,110,-10,248
1787986402490160,110,-10,248
1787986402510109,110,-10,248
1787986402530305,110,-10,248
1787986402550078,110,-10,248
1787986402570265,110,-10,248
1787986402589888,110,0,248
1787986402610401,110,0,248
1787986402629465,110,0,248
1787986402649487,110,0,248
1787986402670346,110,0,248
1787986402690276,110,0,248
1787986402710318,110,0,248
1787986402730429,110,0,248
1787986402750447,110,0,248
1787986402771862,110,0,248
1787986402790065,110,0,248
1787986402809601,110,0,248
1787986402830108,110,0,248
1787986402849972,110,0,248
1787986402875263,110,0,248
1787986402896472,110,0,248
1787986402916406,110,0,248
1787986402936656,110,0,248
1787986402956448,110,0,248
1787986402976286,110,0,248
1787986402995965,110,0,248
1787986403016402,110,0,248
1787986403036079,110,0,248
1787986403056181,110,0,248
1787986403075790,110,0,248
1787986403096269,110,0,248
1787986403117725,110,0,248
1787986403135820,110,0,248
1787986403155740,110,0,248
1787986403175462,110,0,248
1787986403196229,110,0,248
1787986403215434,110,0,248
1787986403236366,110,0,248
1787986403255669,110,0,248
1787986403276050,110,0,248
1787986403295659,110,0,248
1787986403316209,110,0,248
1787986403335826,110,0,248
1787986403355993,110,0,248
1787986403376370,110,0,248
1787986403396196,110,0,248
1787986403416124,110,0,248
1787986403436137,110,0,248
1787986403456358,110,0,248
1787986403475938,110,0,248
1787986403495808,110,0,248
1787986403516316,110,0,248
1787986403536035,110,0,248
1787986403556037,110,0,248
1787986403585956,110,0,248
1787986403606960,110,0,248
1787986403626745,110,0,248
1787986403647401,110,0,248
1787986403666566,110,0,248
1787986403687104,110,0,248
1787986403706480,110,0,248
1787986403726680,110,0,248
1787986403747365,110,0,248
1787986403767132,110,0,248
1787986403786772,110,0,248
1787986403807077,110,0,248
1787986403826541,110,0,248
1787986403847176,110,0,248
1787986403866930,110,0,248
1787986403886641,110,0,248
1787986403907333,110,0,248
1787986403927398,110,0,248
1787986403946559,110,0,248
1787986403967196,110,0,248
1787986403987002,110,0,248
1787986404006877,110,0,248
1787986404027316,110,0,248
1787986404047191,110,0,248
1787986404066626,110,0,248
1787986404086868,110,0,248
1787986404106464,110,0,248
1787986404127052,110,0,248
1787986404146842,110,0,248
1787986404166574,110,0,248
1787986404187361,110,0,248
1787986404207221,110,0,248
1787986404227106,110,0,248
1787986404247060,110,0,248
1787986404266724,110,0,248
1787986404287108,110,0,248
1787986404306462,110,0,248
1787986404327071,110,0,248
1787986404346513,110,0,248
1787986404367585,110,0,248
1787986404387309,110,0,248
1787986404407473,110,0,248
1787986404427178,110,0,248
1787986404447186,110,0,248
1787986404466692,110,0,248
1787986404487404,110,0,248
1787986404506567,110,0,248
1787986404527017,110,0,248
1787986404546517,110,0,248
1787986404566885,110,0,248
1787986404587212,110,0,248
1787986404607009,110,0,248
1787986404627407,110,0,248
1787986404646990,110,0,248
1787986404666643,110,0,248
1787986404686715,110,0,248
1787986404706669,110,0,248
1787986404726570,110,0,248
1787986404746790,110,0,248
1787986404766680,110,0,248
1787986404787422,110,0,248
1787986404807533,110,0,248
1787986404827438,110,0,248
1787986404846913,110,0,248
1787986404866898,110,0,248
1787986404887367,110,0,248
1787986404907088,110,0,248
1787986404927420,110,0,248
1787986404946949,110,0,248
1787986404967472,110,0,248
1787986404986478,110,0,248
1787986405006502,110,0,248
1787986405027457,110,0,248
1787986405047242,110,0,248
1787986405066717,110,0,248
1787986405087288,110,0,248
1787986405107091,110,0,248
1787986405126948,110,0,248
1787986405148040,110,0,248
1787986405167337,110,0,248
1787986405186972,110,0,248
1787986405207220,110,0,248
1787986405227187,110,0,248
1787986405247370,110,0,248
1787986405267505,110,0,248
1787986405286462,110,0,248
1787986405307035,110,0,248
1787986405326730,110,0,248
1787986405346566,110,0,248
1787986405366549,110,0,248
1787986405386550,110,0,248
1787986405406563,110,0,248
1787986405427018,110,0,248
1787986405447303,110,0,248
1787986405466724,110,0,248
1787986405487290,110,0,248
1787986405507038,110,0,248
1787986405526609,110,0,248
1787986405547223,110,0,248
1787986405567182,110,0,248
1787986405587436,110,0,248
1787986405606529,110,0,248
1787986405627241,110,0,248
1787986405647246,110,0,248
1787986405667432,110,0,248
1787986405686477,110,0,248
1787986405707548,110,0,248
1787986405726804,110,0,248
1787986405746647,110,0,248
1787986405766610,110,0,248
1787986405787166,110,0,248
1787986405806673,110,0,248
1787986405826513,110,0,248
1787986405846967,110,0,248
1787986405867323,110,0,248
1787986405887194,110,0,248
1787986405906748,110,0,248
1787986405926531,110,0,248
1787986405946718,110,0,248
1787986405967110,110,0,248
1787986405987329,110,0,248
1787986406006906,110,0,248
1787986406026574,110,0,248
1787986406046706,110,0,248
1787986406066568,110,0,248
1787986406087361,110,0,248
1787986406106893,110,0,248
1787986406126894,110,0,248
1787986406147529,110,0,248
1787986406166667,110,0,248
1787986406187571,110,0,248
1787986406207299,110,0,248
1787986406226705,110,0,248
1787986406246912,110,0,248
1787986406267193,110,0,248
1787986406286525,110,0,248
1787986406307433,110,0,248
1787986406327041,110,0,248
1787986406347283,110,0,248
1787986406367426,110,0,248
1787986406386667,110,0,248
1787986406407374,110,0,248
1787986406427126,110,0,248
1787986406446970,110,0,248
1787986406467310,110,0,248
1787986406487051,110,0,248
1787986406506591,110,0,248
1787986406526731,110,0,248
1787986406546476,110,0,248
1787986406567003,110,0,248
1787986406586935,110,0,248
1787986406606487,110,0,248
1787986406627100,110,0,248
1787986406647331,110,0,248
1787986406666962,110,0,248
1787986406686840,110,0,248
1787986406707239,110,0,248
1787986406726713,110,0,248
1787986406747192,110,0,248
1787986406766678,110,0,248
1787986406786646,110,0,248
1787986406807346,110,0,248
1787986406826757,110,0,248
1787986406846556,110,0,248
1787986406866707,110,0,248
1787986406886550,110,0,248
1787986406906650,110,0,248
1787986406927270,110,0,248
1787986406946837,110,0,248
1787986406966567,110,0,248
1787986406987408,110,0,248
1787986407006735,110,0,248
1787986407027223,110,0,248
1787986407047199,110,0,248
1787986407067425,110,0,248
1787986407087476,110,0,248
1787986407107085,110,0,248
1787986407127048,110,0,248
1787986407147065,110,0,248
1787986407167452,110,0,248
1787986407187338,110,0,248
1787986407206981,110,0,248
1787986407227475,110,0,248
1787986407247538,110,0,248
1787986407267137,110,0,248
1787986407286566,110,0,248
1787986407306513,110,0,248
1787986407327010,110,0,248
1787986407347256,110,0,248
1787986407366718,110,0,248
1787986407387335,110,0,248
1787986407406691,110,0,248
1787986407426461,110,0,248
1787986407447486,110,0,248
1787986407466527,110,0,248
1787986407486829,110,0,248
1787986407507164,110,0,248
1787986407526705,110,0,248
1787986407546557,110,0,248
1787986407566681,110,0,248
1787986407586685,110,0,248
1787986407606875,110,0,248
1787986407627220,110,0,248
1787986407647419,110,0,248
1787986407666463,110,0,248
1787986407687444,110,0,248
1787986407707538,110,0,248
1787986407726807,110,0,248
1787986407746746,110,0,248
1787986407766991,110,0,248
1787986407786494,110,0,248
1787986407807040,110,0,248
1787986407827124,110,0,248
1787986407847129,110,0,248
1787986407866724,110,0,248
1787986407887158,110,0,248
1787986407906674,110,0,248
1787986407926552,110,0,248
1787986407946724,110,0,248
1787986407967296,110,0,248
1787986407986468,110,0,248
1787986408007419,110,0,248
1787986408027163,110,0,248
1787986408046735,110,0,248
1787986408067403,110,0,248
1787986408087466,110,0,248
1787986408106555,110,0,248
1787986408127296,110,0,248
1787986408146580,110,0,248
1787986408167463,110,0,248
1787986408187172,110,0,248
1787986408207011,110,0,248
1787986408227326,110,0,248
1787986408247437,110,0,248
1787986408267280,110,0,248
1787986408286967,110,0,248
1787986408307120,110,0,248
1787986408326610,110,0,248
1787986408346509,110,0,248
1787986408367470,110,0,248
1787986408387440,110,0,248
1787986408407450,110,0,248
1787986408427436,110,0,248
1787986408447375,110,0,248
1787986408466497,110,0,248
1787986408486873,110,0,248
1787986408506510,110,0,248
1787986408526542,110,0,248
1787986408547398,110,0,248
1787986408567329,110,0,248
1787986408587325,110,0,248
1787986408607044,110,0,248
1787986408627147,110,0,248
1787986408646697,110,0,248
1787986408666607,110,0,248
1787986408686720,110,0,248
1787986408707519,110,0,248
1787986408726563,110,0,248
1787986408747245,110,0,248
1787986408767495,110,0,248
1787986408786573,110,0,248
1787986408806704,110,0,248
1787986408827136,110,0,248
1787986408846861,110,0,248
1787986408867274,110,0,248
1787986408886831,110,0,248
1787986408906723,110,0,248
1787986408926646,110,0,248
1787986408947408,110,0,248
1787986408967403,110,0,248
1787986408987333,110,0,248
1787986409006774,110,0,248
1787986409027014,110,0,248
1787986409054706,110,0,248
1787986409076045,110,0,248
1787986409095824,110,0,248
1787986409118884,110,0,248
1787986409136072,110,0,248
1787986409155567,110,0,248
1787986409175589,110,0,248
1787986409196356,110,0,248
1787986409215650,110,0,248
1787986409236259,110,0,248
1787986409255931,110,0,248
1787986409275628,110,0,248
1787986409295646,110,0,248
1787986409317035,110,0,248
1787986409336532,110,0,248
1787986409357528,110,0,248
1787986409376148,110,0,248
1787986409395647,110,0,248
1787986409415719,110,0,248
1787986409435668,110,0,248
1787986409455713,110,0,248
1787986409476460,110,0,248
1787986409495972,110,0,248
1787986409515998,110,0,248
1787986409539261,110,0,248
1787986409555686,110,0,248
1787986409575642,110,0,248
1787986409596175,110,0,248
1787986409616286,110,0,248
1787986409635978,110,0,248
1787986409655903,110,0,248
1787986409675502,110,0,248
1787986409695455,110,0,248
1787986409715778,110,0,248
1787986409735916,110,0,248
1787986409756106,110,0,248
1787986409775631,110,0,248
1787986409796162,110,0,248
1787986409815691,110,0,248
1787986409836266,110,0,248
1787986409855874,110,0,248
1787986409882195,110,0,248
1787986409902904,110,0,248
1787986409923303,110,0,248
1787986409942817,110,0,248
1787986409963392,110,0,248
1787986409982621,110,0,248
1787986410002674,110,0,248
1787986410023515,110,0,248
1787986410043496,110,0,248
1787986410063078,110,0,248
1787986410082880,110,0,248
1787986410102897,110,0,248
1787986410122573,110,0,248
1787986410143396,110,0,248
1787986410163325,110,0,248
1787986410183326,110,0,248
1787986410202950,110,0,248
1787986410223542,110,0,248
1787986410242949,110,0,248
1787986410262918,110,0,248
1787986410282774,110,0,248
1787986410303377,110,0,248
1787986410322818,110,0,248
1787986410343087,110,0,248
1787986410363473,110,0,248
1787986410383365,110,0,248
1787986410403291,110,0,248
1787986410422693,110,0,248
1787986410443041,110,0,248
1787986410463465,110,0,248
1787986410483570,110,0,248
1787986410503591,110,0,248
1787986410522751,110,0,248
1787986410543290,110,0,248
1787986410562608,110,0,248
1787986410582898,110,0,248
1787986410603003,110,0,248
1787986410622665,110,0,248
1787986410642589,110,0,248
1787986410662714,110,0,248
1787986410682890,110,0,248
1787986410703139,110,0,248
1787986410722841,110,0,248
1787986410743129,110,0,248
1787986410763162,110,0,248
1787986410783054,110,0,248
1787986410803017,110,0,248
1787986410823276,110,0,248
1787986410842760,110,0,248
1787986410862573,110,0,248
1787986410883070,110,0,248
1787986410903389,110,0,248
1787986410923182,110,0,248
1787986410943199,110,0,248
1787986410963124,110,0,248
1787986410983491,110,0,248
1787986411002486,110,0,248
1787986411023105,110,0,248
1787986411042726,110,0,248
1787986411062529,110,0,248
1787986411082869,110,0,248
1787986411103395,110,0,248
1787986411123260,110,0,248
1787986411143295,110,0,248
1787986411163205,110,0,248
1787986411182660,110,0,248
1787986411203201,110,0,248
1787986411222765,110,0,248
1787986411242645,110,0,248
1787986411263087,110,0,248
1787986411282771,110,0,248
1787986411303075,110,0,248
1787986411323420,110,0,248
1787986411343121,110,0,248
1787986411363281,110,0,248
1787986411382778,110,0,248
1787986411402527,110,0,248
1787986411423437,110,0,248
1787986411443277,110,0,248
1787986411463553,110,0,248
1787986411483438,110,0,248
1787986411502915,110,0,248
1787986411523350,110,0,248
1787986411543226,110,0,248
1787986411562775,110,0,248
1787986411582989,110,0,248
1787986411602957,110,0,248
1787986411622506,110,0,248
1787986411643498,110,0,248
1787986411662703,110,0,248
1787986411683163,110,0,248
1787986411703392,110,0,248
1787986411723006,110,0,248
1787986411742556,110,0,248
1787986411762956,110,0,248
1787986411782808,110,0,248
1787986411803492,110,0,248
1787986411823432,110,0,248
1787986411843303,110,0,248
1787986411863018,110,0,248
1787986411882820,110,0,248
1787986411902942,110,0,248
1787986411923024,110,0,248
1787986411942672,110,0,248
1787986411963409,110,0,248
1787986411982953,110,0,248
1787986412003161,110,0,248
1787986412023240,110,0,248
1787986412042608,110,0,248
1787986412063289,110,0,248
1787986412083233,110,0,248
1787986412102500,110,0,248
1787986412123532,110,0,248
1787986412143402,110,0,248
1787986412162705,110,0,248
1787986412182997,110,0,248
1787986412203458,110,0,248
1787986412223098,110,0,248
1787986412243402,110,0,248
1787986412262483,110,0,248
1787986412282925,110,0,248
1787986412303468,110,0,248
1787986412323676,110,0,248
1787986412342868,110,0,248
1787986412363306,110,0,248
1787986412382404,110,0,248
1787986412403177,110,0,248
1787986412423101,110,0,248
1787986412443451,110,0,248
1787986412463267,110,0,248
1787986412483147,110,0,248
1787986412503051,110,0,248
1787986412523420,110,0,248
1787986412542675,110,0,248
1787986412562731,110,0,248
1787986412583392,110,0,248
1787986412602521,110,0,248
1787986412623344,110,0,248
1787986412643217,110,0,248
1787986412663408,110,0,248
1787986412683320,110,0,248
1787986412702624,110,0,248
1787986412722791,110,0,248
1787986412742526,110,0,248
1787986412763570,110,0,248
1787986412783538,110,0,248
1787986412803073,110,0,248
1787986412822550,110,0,248
1787986412842629,110,0,248
1787986412863352,110,0,248
1787986412883003,110,0,248
1787986412903050,110,0,248
1787986412922814,110,0,248
1787986412943165,110,0,248
1787986412962777,110,0,248
1787986412982765,110,0,248
1787986413002811,110,0,248
1787986413022955,110,0,248
1787986413043208,110,0,248
1787986413062680,110,0,248
1787986413082546,110,0,248
1787986413102659,110,0,248
1787986413122481,110,0,248
1787986413142899,110,0,248
1787986413163086,110,0,248
1787986413182785,110,0,248
1787986413203283,110,0,248
1787986413223502,110,0,248
1787986413243200,110,0,248
1787986413263462,110,0,248
1787986413283182,110,0,248
1787986413303069,110,0,248
1787986413322662,110,0,248
1787986413343334,110,0,248
1787986413362789,110,0,248
1787986413382795,110,0,248
1787986413402660,110,0,248
1787986413423159,110,0,248
1787986413442615,110,0,248
1787986413463069,110,0,248
1787986413483375,110,0,248
1787986413503366,110,0,248
1787986413522825,110,0,248
1787986413542844,110,0,248
1787986413562906,110,0,248
1787986413582558,110,0,248
1787986413602863,110,0,248
1787986413622593,110,0,248
1787986413642790,110,0,248
1787986413663191,110,0,248
1787986413682599,110,0,248
1787986413703134,110,0,248
1787986413723397,110,0,248
1787986413743449,110,0,248
1787986413763535,110,0,248
1787986413782690,110,0,248
1787986413802634,110,0,248
1787986413823255,110,0,248
1787986413843580,110,0,248
1787986413863935,110,0,248
1787986413883221,110,0,248
1787986413902744,110,0,248
1787986413923379,110,0,248
1787986413942909,110,0,248
1787986413962525,110,0,248
1787986413983435,110,0,248
1787986414003262,110,0,248
1787986414022516,110,0,248
1787986414042889,110,0,248
1787986414063157,110,0,248
1787986414083080,110,0,248
1787986414103329,110,0,248
1787986414122741,110,0,248
1787986414142669,110,0,248
1787986414163239,110,0,248
1787986414183356,110,0,248
1787986414202709,110,0,248
1787986414223227,110,0,248
1787986414242403,110,0,248
1787986414263185,110,0,248
1787986414283078,110,0,248
1787986414302417,110,0,248
1787986414322579,110,0,248
1787986414343364,110,0,248
1787986414362882,110,0,248
1787986414383131,110,0,248
1787986414402853,110,0,248
1787986414422524,110,0,248
1787986414443402,110,0,248
1787986414462582,110,0,248
1787986414482516,110,0,248
1787986414503548,110,0,248
1787986414522748,110,0,248
1787986414543375,110,0,248
1787986414562881,110,0,248
1787986414583299,110,0,248
1787986414603308,110,0,248
1787986414623339,110,0,248
1787986414642833,110,0,248
1787986414662838,110,0,248
1787986414682489,110,0,248
1787986414703344,110,0,248
1787986414723263,110,0,248
1787986414742694,110,0,248
1787986414763534,110,0,248
1787986414782856,110,0,248
1787986414802657,110,0,248
1787986414823552,110,0,248
1787986414842818,110,0,248
1787986414863461,110,0,248
1787986414883475,110,0,248
1787986414902905,110,0,248
1787986414923472,110,0,248
1787986414943473,110,0,248
1787986414963436,110,0,248
1787986414982653,110,0,248
1787986415002902,110,0,248
1787986415023392,110,0,248
1787986415043341,110,0,248
1787986415063196,110,0,248
1787986415083077,110,0,248
1787986415102507,110,0,248
1787986415122898,110,0,248
1787986415142776,110,0,248
1787986415163165,110,0,248
1787986415183158,110,0,248
1787986415202514,110,0,248
1787986415223006,110,0,248
1787986415243386,110,0,248
1787986415262562,110,0,248
1787986415282524,110,0,248
1787986415302783,110,0,248
1787986415322840,110,0,248
1787986415342439,110,0,248
1787986415362817,110,0,248
1787986415383373,110,0,248
1787986415402519,110,0,248
1787986415422755,110,0,248
1787986415443154,110,0,248
1787986415463107,110,0,248
1787986415482772,110,0,248
1787986415503397,110,0,248
1787986415522697,110,0,248
1787986415543077,110,0,248
1787986415563508,110,0,248
1787986415582718,110,0,248
1787986415603167,110,0,248
1787986415623437,110,0,248
1787986415642476,110,0,248
1787986415663187,110,0,248
1787986415682930,110,0,248
1787986415702574,110,0,248
1787986415723015,110,0,248
1787986415743103,110,0,248
1787986415763088,110,0,248
1787986415782529,110,0,248
1787986415802937,110,0,248
1787986415822809,110,0,248
1787986415842743,110,0,248
1787986415863592,110,0,248
1787986415883077,110,0,248
1787986415903204,110,0,248
1787986415922490,110,0,248
1787986415942966,110,0,248
1787986415963374,110,0,248
1787986415982832,110,0,248
1787986416003212,110,0,248
1787986416023017,110,0,248
1787986416043322,110,0,248
1787986416063484,110,0,248
1787986416082761,110,0,248
1787986416103510,110,0,248
1787986416123375,110,0,248
1787986416143403,110,0,248
1787986416163055,110,0,248
1787986416182908,110,0,248
1787986416202507,110,0,248
1787986416222475,110,0,248
1787986416242778,110,0,248
1787986416263435,110,0,248
1787986416283050,110,0,248
1787986416302869,110,0,248
1787986416323490,110,0,248
1787986416342808,110,0,248
1787986416363426,110,0,248
1787986416382860,110,0,248
1787986416402487,110,0,248
1787986416422865,110,0,248
1787986416442593,110,0,248
1787986416463204,110,0,248
1787986416483152,110,0,248
1787986416502813,110,0,248
1787986416522997,110,0,248
1787986416542907,110,0,248
1787986416562543,110,0,248
1787986416582986,110,0,248
1787986416602955,110,0,248
1787986416623156,110,0,248
1787986416643245,110,0,248
1787986416662544,110,0,248
1787986416683506,110,0,248
1787986416703414,110,0,248
1787986416722573,110,0,248
1787986416743294,110,0,248
1787986416762615,110,0,248
1787986416782762,110,0,248
1787986416803148,110,0,248
1787986416822946,110,0,248
1787986416843143,110,0,248
1787986416862709,110,0,248
1787986416883223,110,0,248
1787986416903031,110,0,248
1787986416923485,110,0,248
1787986416942700,110,0,248
1787986416962789,110,0,248
1787986416983165,110,0,248
1787986417002949,110,0,248
1787986417022984,110,0,248
1787986417042836,110,0,248
1787986417063336,110,0,248
1787986417082758,110,0,248
1787986417103210,110,0,248
1787986417123053,110,0,248
1787986417143522,110,0,248
1787986417163134,110,0,248
1787986417182712,110,0,248
1787986417203236,110,0,248
1787986417223386,110,0,248
1787986417242710,110,0,248
1787986417263023,110,0,248
1787986417283054,110,0,248
1787986417303477,110,0,248
1787986417322660,110,0,248
1787986417342671,110,0,248
1787986417363017,110,0,248
1787986417382417,110,0,248
1787986417402649,110,0,248
1787986417423390,110,0,248
1787986417443496,110,0,248
1787986417462749,110,0,248
1787986417482717,110,0,248
1787986417503159,110,0,248
1787986417523111,110,0,248
1787986417543161,110,0,248
1787986417563103,110,0,248
1787986417582758,110,0,248
1787986417602690,110,0,248
1787986417623480,110,0,248
1787986417643269,110,0,248
1787986417662541,110,0,248
1787986417682902,110,0,248
1787986417703077,110,0,248
1787986417722503,110,0,248
1787986417743285,110,0,248
1787986417763215,110,0,248
1787986417783417,110,0,248
1787986417802781,110,0,248
1787986417822718,110,0,248
1787986417842570,110,0,248
1787986417862518,110,0,248
1787986417882620,110,0,248
1787986417902756,110,0,248
1787986417922646,110,0,248
1787986417943147,110,0,248
1787986417962842,110,0,248
1787986417982829,110,0,248
1787986418002812,110,0,248
1787986418022870,110,0,248
1787986418043061,110,0,248
1787986418062937,110,0,248
1787986418082944,110,0,248
1787986418102464,110,0,248
1787986418122830,110,0,248
1787986418143155,110,0,248
1787986418162788,110,0,248
1787986418183443,110,0,248
1787986418202677,110,0,248
1787986418223078,110,0,248
1787986418243085,110,0,248
1787986418263028,110,0,248
1787986418283011,110,0,248
1787986418302803,110,0,248
1787986418323012,110,0,248
1787986418343688,110,0,248
1787986418363258,110,0,248
1787986418382522,110,0,248
1787986418403370,110,0,248
1787986418422548,110,0,248
1787986418442738,110,0,248
1787986418462934,110,0,248
1787986418483531,110,0,248
1787986418503455,110,0,248
1787986418522916,110,0,248
1787986418542953,110,0,248
1787986418563268,110,0,248
1787986418583244,110,0,248
1787986418603173,110,0,248
1787986418623252,110,0,248
1787986418642498,110,0,248
1787986418663546,110,0,248
1787986418682509,110,0,248
1787986418703259,110,0,248
1787986418722631,110,0,248
1787986418743145,110,0,248
1787986418762797,110,0,248
1787986418782726,110,0,248
1787986418802551,110,0,248
1787986418822767,110,0,248
1787986418843096,110,0,248
1787986418863090,110,0,248
1787986418883068,110,0,248
1787986418902931,110,0,248
1787986418922533,110,0,248
1787986418943231,110,0,248
1787986418962661,110,0,248
1787986418982566,110,0,248
1787986419002734,110,-10,248
1787986419023297,110,-10,248
1787986419043193,110,-10,248
1787986419062678,110,-10,248
1787986419082582,110,-10,248
1787986419103354,110,-10,248
1787986419122645,110,-10,248
1787986419142421,110,-10,248
1787986419163256,110,-10,248
1787986419182988,110,-10,248
1787986419203267,110,-10,248
1787986419223485,110,-10,248
1787986419242953,110,-10,248
1787986419263425,110,-10,248
1787986419283338,110,-10,248
1787986419303194,110,-10,248
1787986419322745,110,-10,248
1787986419343325,110,-20,248
1787986419362887,110,-20,248
1787986419383584,110,-20,248
1787986419403178,110,-20,248
1787986419423070,110,-20,248
1787986419442965,110,-20,248
1787986419463052,110,-20,248
1787986419482900,110,-20,248
1787986419503043,110,-20,248
1787986419523449,110,-20,248
1787986419542474,110,-20,248
1787986419563109,110,-20,248
1787986419582886,110,-20,248
1787986419602726,110,-20,248
1787986419622551,110,-20,248
1787986419642652,110,-30,248
1787986419662830,110,-30,248
1787986419683126,110,-30,248
1787986419703536,110,-30,248
1787986419723152,110,-30,248
1787986419742941,110,-30,248
1787986419763108,110,-30,248
1787986419783061,110,-30,248
1787986419803211,110,-30,248
1787986419822907,110,-30,248
1787986419843105,110,-30,248
1787986419863636,110,-30,248
1787986419882969,110,-30,248
1787986419903131,110,-30,248
1787986419922491,110,-30,248
1787986419943381,110,-30,248
1787986419962987,110,-30,248
1787986419983198,110,-30,248
1787986420003268,110,-30,248
1787986420023127,110,-30,248
1787986420042648,110,-30,248
1787986420063029,110,-30,248
1787986420082935,110,-30,248
1787986420103278,110,-30,248
1787986420123433,110,-40,248
1787986420142889,110,-40,248
1787986420162818,110,-40,248
1787986420183398,110,-40,248
1787986420203466,110,-40,248
1787986420223561,110,-40,248
1787986420243408,110,-40,248
1787986420263405,110,-40,248
1787986420283065,110,-40,248
1787986420302976,110,-40,248
1787986420322695,110,-40,248
1787986420342883,110,-40,248
1787986420362724,110,-40,248
1787986420383523,110,-40,248
1787986420403314,110,-40,248
1787986420423341,110,-40,248
1787986420442859,110,-40,248
1787986420463233,110,-40,248
1787986420483326,110,-40,248
1787986420503233,110,-40,248
1787986420522847,110,-40,248
1787986420543349,110,-40,248
1787986420562476,110,-40,248
1787986420582813,110,-40,248
1787986420603166,110,-40,248
1787986420623465,110,-40,248
1787986420643274,110,-40,248
1787986420663234,110,-40,248
1787986420683297,110,-40,248
1787986420702686,110,-40,248
1787986420722799,110,-40,248
1787986420742525,110,-40,248
1787986420763070,110,-40,248
1787986420783360,110,-40,248
1787986420802740,110,-40,248
1787986420822710,110,-40,248
1787986420842551,110,-40,248
1787986420862569,110,-40,248
1787986420882609,110,-40,248
1787986420902553,110,-40,248
1787986420922707,110,-40,248
1787986420943167,110,-40,248
1787986420962526,110,-40,248
1787986420982659,110,-40,248
1787986421003047,110,-40,248
1787986421022842,110,-40,248
1787986421043202,110,-40,248
1787986421063039,110,-40,248
1787986421083024,110,-40,248
1787986421102780,110,-40,248
1787986421122824,110,-40,248
1787986421143375,110,-40,248
1787986421162878,110,-40,248
1787986421183148,110,-40,248
1787986421203345,110,-40,248
1787986421222635,110,-40,248
1787986421243061,110,-40,248
1787986421263547,110,-40,248
1787986421282824,110,-40,248
1787986421302768,110,-40,248
1787986421323538,110,-40,248
1787986421343106,110,-40,248
1787986421362997,110,-40,248
1787986421383635,110,-40,248
1787986421403213,110,-40,248
1787986421422769,110,-40,248
1787986421443097,110,-40,248
1787986421462459,110,-40,248
1787986421482499,110,-40,248
1787986421503424,110,-40,248
1787986421522716,110,-40,248
1787986421542735,110,-40,248
1787986421562735,110,-40,248
1787986421583668,110,-40,248
1787986421603392,110,-40,248
1787986421623008,110,-40,248
1787986421643215,110,-40,248
1787986421662770,110,-40,248
1787986421682952,110,-40,248
1787986421703356,110,-40,248
1787986421723492,110,-40,248
1787986421743504,110,-40,248
1787986421762527,110,-40,248
1787986421782737,110,-40,248
1787986421802603,110,-40,248
1787986421822963,110,-40,248
1787986421843039,110,-40,248
1787986421863429,110,-40,248
1787986421882923,110,-40,248
1787986421902663,110,-40,248
1787986421922999,110,-40,248
1787986421943474,110,-40,248
1787986421962739,110,-40,248
1787986421983526,110,-40,248
1787986422003427,110,-40,248
1787986422023116,110,-40,248
1787986422042880,110,-40,248
1787986422063103,110,-40,248
1787986422082609,110,-40,248
1787986422103028,110,-40,248
1787986422122473,110,-40,248
1787986422143190,110,-40,248
1787986422163091,110,-40,248
1787986422183205,110,-40,248
1787986422203038,110,-40,248
1787986422222476,110,-40,248
1787986422243585,110,-40,248
1787986422263346,110,-40,248
1787986422283547,110,-40,248
1787986422303533,110,-40,248
1787986422323243,110,-40,248
1787986422342560,110,-40,248
1787986422363060,110,-40,248
1787986422383556,110,-40,248
1787986422402767,110,-40,248
1787986422423523,110,-40,248
1787986422443288,110,-40,248
1787986422463342,110,-40,248
1787986422483611,110,-40,248
1787986422502584,110,-40,248
1787986422522702,110,-40,248
1787986422543198,110,-40,248
1787986422562757,110,-40,248
1787986422583450,110,-40,248
1787986422603158,110,-40,248
1787986422622600,110,-40,248
1787986422642741,110,-40,248
1787986422663454,110,-40,248
1787986422682761,110,-40,248
1787986422702522,110,-40,248
1787986422722710,110,-40,248
1787986422743316,110,-40,248
1787986422762511,110,-40,248
1787986422782504,110,-40,248
1787986422803243,110,-40,248
1787986422823312,110,-40,248
1787986422842764,110,-40,248
1787986422862980,110,-40,248
1787986422883459,110,-40,248
1787986422903372,110,-40,248
1787986422923143,110,-40,248
1787986422942772,110,-40,248
1787986422963459,110,-40,248
1787986422982751,110,-40,248
1787986423002871,110,-40,248
1787986423022659,110,-40,248
1787986423043319,110,-40,248
1787986423062835,110,-40,248
1787986423083437,110,-40,248
1787986423102949,110,-40,248
1787986423122895,110,-40,248
1787986423143316,110,-40,248
1787986423163061,110,-40,248
1787986423183513,110,-40,248
1787986423202509,110,-40,248
1787986423222789,110,-40,248
1787986423242841,110,-40,248
1787986423263240,110,-40,248
1787986423282641,110,-40,248
1787986423303080,110,-40,248
1787986423323542,110,-40,248
1787986423342782,110,-40,248
1787986423363017,110,-40,248
1787986423383031,110,-40,248
1787986423402798,110,-40,248
1787986423422796,110,-40,248
1787986423442591,110,-40,248
1787986423462751,110,-40,248
1787986423483104,110,-40,248
1787986423502596,110,-40,248
1787986423522926,110,-40,248
1787986423542643,110,-40,248
1787986423562865,110,-40,248
1787986423583232,110,-40,248
1787986423602740,110,-40,248
1787986423623190,110,-40,248
1787986423643433,110,-40,248
1787986423663009,110,-40,248
1787986423682872,110,-40,248
1787986423702468,110,-40,248
1787986423722445,110,-40,248
1787986423743359,110,-40,248
1787986423763166,110,-40,248
1787986423782780,110,-40,248
1787986423802948,110,-40,248
1787986423823112,110,-40,248
1787986423843420,110,-40,248
1787986423862919,110,-40,248
1787986423883019,110,-40,248
1787986423903313,110,-40,248
1787986423922892,110,-40,248
1787986423942751,110,-40,248
1787986423963138,110,-40,248
1787986423982853,110,-40,248
1787986424003182,110,-40,248
1787986424023126,110,-40,248
1787986424043032,110,-40,248
1787986424062747,110,-40,248
1787986424083575,110,-40,248
1787986424102806,110,-40,248
1787986424123536,110,-40,248
1787986424142620,110,-40,248
1787986424163470,110,-40,248
1787986424182627,110,-40,248
1787986424202502,110,-40,248
1787986424223529,110,-40,248
1787986424242845,110,-40,248
1787986424262671,110,-40,248
1787986424283360,110,-40,248
1787986424303271,110,-40,248
1787986424322935,110,-40,248
1787986424343366,110,-40,248
1787986424362731,110,-40,248
1787986424382543,110,-40,248
1787986424403323,110,-40,248
1787986424422605,110,-40,248
1787986424443038,110,-40,248
1787986424463104,110,-40,248
1787986424482913,110,-40,248
1787986424503167,110,-40,248
1787986424523288,110,-40,248
1787986424542685,110,-40,248
1787986424563139,110,-40,248
1787986424583436,110,-40,248
1787986424602595,110,-40,248
1787986424623000,110,-40,248
1787986424642787,110,-40,248
1787986424662829,110,-40,248
1787986424682938,110,-40,248
1787986424703295,110,-40,248
1787986424722573,110,-40,248
1787986424742944,110,-40,248
1787986424763301,110,-40,248
1787986424783564,110,-40,248
1787986424802754,110,-40,248
1787986424822602,110,-40,248
1787986424843607,110,-40,248
1787986424862668,110,-40,248
1787986424883094,110,-40,248
1787986424902983,110,-40,248
1787986424923203,110,-40,248
1787986424943332,110,-40,248
1787986424963356,110,-40,248
1787986424983320,110,-40,248
1787986425003208,110,-40,248
1787986425022997,110,-40,248
1787986425042731,110,-40,248
1787986425062927,110,-40,248
1787986425083428,110,-40,248
1787986425102937,110,-40,248
1787986425123385,110,-40,248
1787986425142527,110,-40,248
1787986425163092,110,-40,248
1787986425183466,110,-40,248
1787986425203361,110,-40,248
1787986425222480,110,-40,248
1787986425242957,110,-40,248
1787986425262691,110,-40,248
1787986425282582,110,-40,248
1787986425303487,110,-40,248
1787986425323217,110,-40,248
1787986425342738,110,-40,248
1787986425363325,110,-40,248
1787986425382983,110,-40,248
1787986425403297,110,-40,248
1787986425422762,110,-40,248
1787986425442563,110,-40,248
1787986425462754,110,-40,248
1787986425483433,110,-40,248
1787986425503239,110,-40,248
1787986425523524,110,-40,248
1787986425543440,110,-40,248
1787986425562881,110,-40,248
1787986425582729,110,-40,255
1787986425603503,110,-40,255
1787986425623410,110,-40,255
1787986425642871,110,-40,255
1787986425663042,110,-40,255
1787986425683372,110,-40,255
1787986425703405,110,-40,255
1787986425723377,110,-40,255
1787986425743166,110,-40,255
1787986425763016,110,-40,255
1787986425783134,110,-40,255
1787986425803055,110,-40,255
1787986425823310,110,-40,255
1787986425842949,110,-40,255
1787986425863261,110,-40,255
1787986425882824,110,-40,255
1787986425903076,110,-40,255
1787986425922935,110,-40,255
1787986425943034,110,-40,255
1787986425962977,110,-40,255
1787986425982874,110,-40,255
1787986426003536,110,-40,255
1787986426022758,110,-40,255
1787986426043336,110,-40,255
1787986426063369,110,-40,255
1787986426082994,110,-40,255
1787986426103093,110,-40,255
1787986426123385,110,-40,255
1787986426142964,110,-40,255
1787986426163527,110,-40,255
1787986426182887,110,-40,255
1787986426203356,110,-40,255
1787986426222856,110,-40,255
1787986426242468,110,-40,255
1787986426263374,110,-40,255
1787986426282727,110,-40,255
1787986426303146,110,-40,255
1787986426322741,110,-40,255
1787986426343124,110,-40,255
1787986426363519,110,-40,255
1787986426383406,110,-40,255
1787986426403450,110,-40,255
1787986426422544,110,-40,255
1787986426443006,110,-40,255
1787986426463565,110,-40,255
1787986426482583,110,-40,255
1787986426503379,110,-40,235
1787986426523011,110,-40,235
1787986426542510,110,-40,235
1787986426563492,110,-40,235
1787986426583026,110,-40,235
1787986426603276,110,-40,235
1787986426623279,110,-40,235
1787986426643072,110,-40,235
1787986426663535,110,-40,235
1787986426682831,110,-40,235
1787986426702980,110,-40,235
1787986426723151,110,-40,235
1787986426745061,110,-40,235
1787986426763404,110,-40,235
1787986426783078,110,-40,235
1787986426803217,110,-40,235
1787986426823260,110,-40,235
1787986426843487,110,-40,235
1787986426863138,110,-40,215
1787986426882928,110,-40,215
1787986426903124,110,-40,215
1787986426922521,110,-40,215
1787986426943517,110,-40,215
1787986426962827,110,-40,215
1787986426983121,110,-40,215
1787986427003492,110,-40,215
1787986427024269,110,-40,215
1787986427042904,110,-40,215
1787986427063555,110,-40,215
1787986427083032,110,-40,215
1787986427103501,110,-40,215
1787986427130539,110,-40,215
1787986427151645,110,-40,215
1787986427171944,110,-40,215
1787986427191516,110,-40,215
1787986427212094,110,-40,195
1787986427231769,110,-40,195
1787986427252441,110,-40,195
1787986427277882,110,-40,195
1787986427298515,110,-40,195
1787986427319259,110,-40,195
1787986427338712,110,-40,195
1787986427359634,110,-40,195
1787986427379209,110,-40,195
1787986427399411,110,-40,195
1787986427418894,110,-40,195
1787986427438544,110,-40,195
1787986427458933,110,-40,175
1787986427479068,110,-40,175
1787986427498606,110,-40,175
1787986427519135,110,-40,175
1787986427538560,110,-40,175
1787986427559044,110,-40,175
1787986427578572,110,-40,175
1787986427599090,110,-40,175
1787986427618819,110,-40,175
1787986427638779,110,-40,175
1787986427659050,110,-40,155
1787986427679333,110,-40,155
1787986427702371,110,-40,155
1787986427719338,110,-40,155
1787986427739498,110,-40,155
1787986427758462,110,-40,155
1787986427778554,110,-40,155
1787986427798604,110,-40,155
1787986427818673,110,-40,155
1787986427839085,110,-40,155
1787986427859183,110,-40,135
1787986427878765,110,-40,135
1787986427899306,110,-40,135
1787986427919080,110,-40,135
1787986427939134,110,-40,135
1787986427958930,110,-40,135
1787986427979125,110,-40,135
1787986427998772,110,-40,135
1787986428018635,110,-40,135
1787986428038936,110,-40,135
1787986428059220,110,-40,135
1787986428079532,110,-40,135
1787986428099149,110,-40,135
1787986428119514,110,-40,135
1787986428139260,110,-40,135
1787986428159232,110,-40,135
1787986428178507,110,-40,135
1787986428199206,110,-40,135
1787986428218639,110,-40,135
1787986428239423,110,-40,135
1787986428258877,110,-40,135
1787986428278922,110,-40,135
1787986428299056,110,-40,135
1787986428319198,110,-40,135
1787986428338556,110,-40,135
1787986428359541,110,-40,135
1787986428378803,110,-40,135
1787986428399379,110,-40,135
1787986428419118,110,-40,135
1787986428439520,110,-40,135
1787986428459096,110,-40,135
1787986428479383,110,-40,135
1787986428499149,110,-40,135
1787986428519449,110,-40,135
1787986428538776,110,-40,135
1787986428558566,110,-40,135
1787986428578532,110,-40,135
1787986428598709,110,-40,135
1787986428619287,110,-40,135
1787986428639110,110,-40,135
1787986428659131,110,-40,135
1787986428679405,110,-40,135
1787986428698885,110,-40,135
1787986428718509,110,-40,135
1787986428738802,110,-40,135
1787986428759138,110,-40,135
1787986428779390,110,-40,135
1787986428798944,110,-40,135
1787986428819989,110,-40,135
1787986428839524,110,-40,135
1787986428859378,110,-40,135
1787986428879508,110,-40,135
1787986428898728,110,-40,135
1787986428918727,110,-40,135
1787986428938957,110,-40,135
1787986428959474,110,-40,135
1787986428979533,110,-40,135
1787986428998713,110,-40,135
1787986429018699,110,-40,135
1787986429039146,110,-40,135
1787986429059008,110,-40,135
1787986429079546,110,-40,135
1787986429099569,110,-40,135
1787986429119360,110,-40,135
1787986429138606,110,-40,135
1787986429159260,110,-40,135
1787986429179600,110,-40,135
1787986429199390,110,-40,135
1787986429219353,110,-40,135
1787986429238495,110,-40,135
1787986429259373,110,-40,135
1787986429278982,110,-40,135
1787986429299100,110,-40,135
1787986429319259,110,-40,135
1787986429339028,110,-40,135
1787986429359183,110,-40,135
1787986429379357,110,-40,135
1787986429398652,110,-40,135
1787986429418949,110,-40,135
1787986429439515,110,-40,135
1787986429458841,110,-40,135
1787986429479426,110,-40,135
1787986429498611,110,-40,135
1787986429518946,110,-40,135
1787986429538618,110,-40,135
1787986429559353,110,-40,135
1787986429578495,110,-40,135
1787986429599000,110,-40,135
1787986429619064,110,-40,135
1787986429638947,110,-40,135
1787986429658432,110,-40,135
1787986429679584,110,-40,135
1787986429699259,110,-40,135
1787986429718957,110,-40,135
1787986429739511,110,-40,135
1787986429759392,110,-40,135
1787986429778701,110,-40,135
1787986429799222,110,-40,135
1787986429818857,110,-40,135
1787986429839146,110,-40,135
1787986429859092,110,-40,135
1787986429879481,110,-40,135
1787986429899255,110,-40,135
1787986429919367,110,-40,135
1787986429939339,110,-40,135
1787986429959028,110,-40,135
1787986429979110,110,-40,135
1787986429998437,110,-40,135
1787986430018966,110,-40,135
1787986430039021,110,-40,135
1787986430058750,110,-40,135
1787986430078661,110,-40,135
1787986430098825,110,-40,135
1787986430118600,110,-40,135
1787986430139253,110,-40,135
1787986430158680,110,-40,135
1787986430179392,110,-40,135
1787986430198939,110,-40,135
1787986430218784,110,-40,135
1787986430238726,110,-40,135
1787986430259007,110,-40,135
1787986430279446,110,-40,135
1787986430299185,110,-40,135
1787986430318431,110,-40,135
1787986430339011,110,-40,135
1787986430358623,110,-40,135
1787986430378608,110,-40,135
1787986430399159,110,-40,135
1787986430420354,110,-40,135
1787986430439400,110,-40,135
1787986430459297,110,-40,135
1787986430479293,110,-40,135
1787986430498983,110,-40,135
1787986430519249,110,-40,135
1787986430539006,110,-40,135
1787986430559113,110,-40,135
1787986430578682,110,-40,135
1787986430599254,110,-40,135
1787986430618517,110,-40,135
1787986430638905,110,-40,135
1787986430658535,110,-40,135
1787986430678964,110,-40,135
1787986430698774,110,-40,135
1787986430719169,110,-40,135
1787986430738655,110,-40,135
1787986430758901,110,-40,135
1787986430779258,110,-40,135
1787986430799488,110,-40,135
1787986430819076,110,-40,135
1787986430839471,110,-40,135
1787986430858950,110,-40,135
1787986430879305,110,-40,135
1787986430899290,110,-40,135
1787986430919214,110,-40,135
1787986430939503,110,-40,135
1787986430959520,110,-40,135
1787986430980065,110,-40,135
1787986430998590,110,-40,135
1787986431019469,110,-40,135
1787986431038599,110,-40,135
1787986431059201,110,-40,135
1787986431079461,110,-40,135
1787986431098776,110,-40,135
1787986431118570,110,-40,135
1787986431140573,110,-40,135
1787986431159240,110,-40,135
1787986431179217,110,-40,135
1787986431199457,110,-40,135
1787986431219358,110,-40,135
1787986431238725,110,-40,135
1787986431258614,110,-40,135
1787986431279246,110,-40,135
1787986431299184,110,-40,135
1787986431319554,110,-40,135
1787986431339539,110,-40,135
1787986431358972,110,-40,135
1787986431378991,110,-40,135
1787986431398717,110,-40,135
1787986431419294,110,-40,135
1787986431438865,110,-40,135
1787986431459531,110,-40,135
1787986431479113,110,-40,135
1787986431498644,110,-40,135
1787986431518635,110,-40,135
1787986431539007,110,-40,135
1787986431559183,110,-40,135
1787986431579434,110,-40,135
1787986431598838,110,-40,135
1787986431619150,110,-40,135
1787986431639544,110,-40,135
1787986431658481,110,-40,135
1787986431679296,110,-40,135
1787986431698825,110,-40,135
1787986431719319,110,-40,135
1787986431738626,110,-40,135
1787986431759103,110,-40,135
1787986431779373,110,-40,135
1787986431798455,110,-40,135
1787986431818575,110,-40,135
1787986431838583,110,-40,135
1787986431859381,110,-40,135
1787986431879010,110,-40,135
1787986431899146,110,-40,135
1787986431918744,110,-40,135
1787986431939558,110,-40,135
1787986431958714,110,-40,135
1787986431978584,110,-40,135
1787986431999482,110,-40,135
1787986432018876,110,-40,135
1787986432039272,110,-40,135
1787986432059018,110,-40,135
1787986432079470,110,-40,135
1787986432099559,110,-40,135
1787986432118516,110,-40,135
1787986432139255,110,-40,135
1787986432159335,110,-40,135
1787986432179279,110,-40,135
1787986432198583,110,-40,135
1787986432219191,110,-40,135
1787986432239488,110,-40,135
1787986432258491,110,-40,135
1787986432279463,110,-40,135
1787986432299233,110,-40,135
1787986432319170,110,-40,135
1787986432339176,110,-40,135
1787986432359012,110,-40,135
1787986432378735,110,-40,135
1787986432399435,110,-40,135
1787986432419313,110,-40,135
1787986432439061,110,-40,135
1787986432459475,110,-40,135
1787986432479375,110,-40,135
1787986432498710,110,-40,135
1787986432519423,110,-40,135
1787986432538845,110,-40,135
1787986432558676,110,-40,135
1787986432579453,110,-40,135
1787986432599412,110,-40,135
1787986432618606,110,-40,135
1787986432638887,110,-40,135
1787986432658503,110,-40,135
1787986432678902,110,-40,135
1787986432698639,110,-40,135
1787986432719406,110,-40,135
1787986432739361,110,-40,135
1787986432758588,110,-40,135
1787986432779145,110,-40,135
1787986432800234,110,-40,135
1787986432818537,110,-40,135
1787986432839311,110,-40,135
1787986432859052,110,-40,135
1787986432878569,110,-40,135
1787986432899159,110,-40,135
1787986432925196,110,-40,135
1787986432946210,110,-40,135
1787986432965756,110,-40,135
1787986432986807,110,-40,135
1787986433006460,110,-40,135
1787986433025765,110,-40,135
1787986433046616,110,-40,135
1787986433067387,110,-40,135
1787986433086176,110,-40,135
1787986433105604,110,-40,135
1787986433126016,110,-40,135
1787986433146097,110,-40,135
1787986433166124,110,-40,135
1787986433196719,110,-40,135
1787986433217759,110,-40,135
1787986433237823,110,-40,135
1787986433258410,110,-40,135
1787986433278070,110,-40,135
1787986433297614,110,-40,135
1787986433317512,110,-40,135
1787986433337419,110,-40,135
1787986433358445,110,-40,135
1787986433377745,110,-40,135
1787986433397646,110,-40,135
1787986433418141,110,-40,135
1787986433438249,110,-40,135
1787986433470522,110,-40,135
1787986433491642,110,-40,135
1787986433512214,110,-40,135
1787986433532318,110,-40,135
1787986433552417,110,-40,135
1787986433571837,110,-40,135
1787986433591438,110,-40,135
1787986433611905,110,-40,135
1787986433632209,110,-40,135
1787986433652268,110,-40,135
1787986433672514,110,-40,135
1787986433691923,110,-40,135
1787986433712023,110,-40,135
1787986433735492,110,-40,135
1787986433751791,110,-40,135
1787986433771625,110,-40,135
1787986433792016,110,-40,135
1787986433812540,110,-40,135
1787986433831593,110,-40,135
1787986433852024,110,-40,135
1787986433871688,110,-40,135
1787986433892504,110,-40,135
1787986433913925,110,-40,135
1787986433932299,110,-40,135
1787986433952402,110,-40,135
1787986433971654,110,-40,135
1787986433991744,110,-40,135
1787986434012421,110,-40,135
1787986434031633,110,-40,135
1787986434052327,110,-40,135
1787986434080982,110,-40,135
1787986434101936,110,-40,135
1787986434122305,110,-40,135
1787986434141646,110,-40,135
1787986434162552,110,-40,135
1787986434182389,110,-40,135
1787986434201602,110,-40,135
1787986434221540,110,-40,135
1787986434242113,110,-40,135
1787986434262220,110,-40,135
1787986434282065,110,-40,135
1787986434301711,110,-40,135
1787986434322007,110,-40,135
1787986434342245,110,-40,135
1787986434361978,110,-40,135
1787986434382442,110,-40,135
1787986434402316,110,-40,135
1787986434424084,110,-40,135
1787986434442060,110,-40,135
1787986434461942,110,-40,135
1787986434481819,110,-40,135
1787986434501738,110,-40,135
1787986434521531,110,-40,135
1787986434542102,110,-40,135
1787986434561693,110,-40,135
1787986434591920,110,-40,135
1787986434612697,110,-40,135
1787986434632715,110,-40,135
1787986434652797,110,-40,135
1787986434673203,110,-40,135
1787986434692714,110,-40,135
1787986434713336,110,-40,135
1787986434733134,110,-40,135
1787986434753410,110,-40,135
1787986434772828,110,-40,135
1787986434792753,110,-40,135
1787986434813410,110,-40,135
1787986434833458,110,-40,135
1787986434852681,110,-40,135
1787986434873319,110,-40,135
1787986434893462,110,-40,135
1787986434913345,110,-40,135
1787986434933346,110,-40,135
1787986434952652,110,-40,135
1787986434972722,110,-40,135
1787986434992755,110,-40,135
1787986435013237,110,-40,135
1787986435032448,110,-40,135
1787986435052947,110,-40,135
1787986435072754,110,-40,135
1787986435101903,110,-40,135
1787986435122649,110,-40,135
1787986435143650,110,-40,135
1787986435163068,110,-40,135
1787986435182671,110,-40,135
1787986435202904,110,-40,135
1787986435223160,110,-40,135
1787986435242985,110,-40,135
1787986435264523,110,-40,135
1787986435282688,110,-40,135
1787986435302824,110,-40,135
1787986435323563,110,-40,135
1787986435343320,110,-40,135
1787986435363150,110,-40,135
1787986435382724,110,-40,135
1787986435403524,110,-40,135
1787986435422546,110,-40,135
1787986435442650,110,-40,135
1787986435462510,110,-40,135
1787986435483213,110,-40,135
1787986435503346,110,-40,135
1787986435523516,110,-40,135
1787986435543577,110,-40,135
1787986435562917,110,-40,135
1787986435583443,110,-40,135
1787986435607736,110,-40,135
1787986435629169,110,-40,135
1787986435649290,110,-40,135
1787986435669424,110,-40,135
1787986435688720,110,-40,135
1787986435708808,110,-40,135
1787986435728938,110,-40,135
1787986435748709,110,-40,135
1787986435769180,110,-40,135
1787986435789499,110,-40,135
1787986435808621,110,-40,135
1787986435828561,110,-40,135
1787986435853748,110,-40,135
1787986435874967,110,-40,135
1787986435895486,110,-40,135
1787986435915016,110,-40,135
1787986435935266,110,-40,135
1787986435957198,110,-40,135
1787986435974543,110,-40,135
1787986435995252,110,-40,135
1787986436015437,110,-40,135
1787986436035084,110,-40,135
1787986436055181,110,-40,135
1787986436075070,110,-40,135
1787986436095018,110,-40,135
1787986436118068,110,-40,135
1787986436135099,110,-40,135
1787986436154496,110,-40,135
1787986436175340,110,-40,135
1787986436194742,110,-40,135
1787986436215141,110,-40,135
1787986436234808,110,-40,135
1787986436255517,110,-40,135
1787986436275046,110,-40,135
1787986436295707,110,-40,135
1787986436315187,110,-40,135
1787986436334875,110,-40,135
1787986436354584,110,-40,135
1787986436375249,110,-40,135
1787986436394719,110,-40,135
1787986436414493,110,-40,135
1787986436435233,110,-40,135
1787986436455563,110,-40,135
1787986436474841,110,-40,135
1787986436501688,110,-40,135
1787986436523304,110,-40,135
1787986436542545,110,-40,135
1787986436562596,110,-40,135
1787986436583442,110,-40,135
1787986436602943,110,-40,135
1787986436623275,110,-40,135
1787986436642481,110,-40,135
1787986436662529,110,-40,135
1787986436682979,110,-40,135
1787986436706047,110,-40,135
1787986436722992,110,-40,135
1787986436743376,110,-40,135
1787986436763501,110,-40,135
1787986436783134,110,-40,135
1787986436803258,110,-40,135
1787986436823483,110,-40,135
1787986436842498,110,-40,135
1787986436863127,110,-40,135
1787986436882534,110,-40,135
1787986436903116,110,-40,135
1787986436922986,110,-40,135
1787986436942480,110,-40,135
1787986436962561,110,-40,135
1787986436983059,110,-40,135
1787986437002733,110,-40,135
1787986437023214,110,-40,135
1787986437043359,110,-40,135
1787986437063048,110,-40,135
1787986437083289,110,-40,135
1787986437113250,110,-40,135
1787986437133570,110,-40,135
1787986437154097,110,-40,135
1787986437174022,110,-40,135
1787986437194450,110,-40,135
1787986437213713,110,-40,135
1787986437233607,110,-40,135
1787986437254071,110,-40,135
1787986437273865,110,-40,135
1787986437293581,110,-40,135
1787986437319346,110,-40,135
1787986437339484,110,-40,135
1787986437359875,110,-40,135
1787986437379989,110,-40,135
1787986437400041,110,-40,135
1787986437419992,110,-40,135
1787986437440400,110,-40,135
1787986437460473,110,-40,135
1787986437479834,110,-40,135
1787986437500339,110,-40,135
1787986437523370,110,-40,135
1787986437539975,110,-40,135
1787986437559775,110,-40,135
1787986437580119,110,-40,135
1787986437599947,110,-40,135
1787986437619899,110,-40,135
1787986437639707,110,-40,135
1787986437660522,110,-40,135
1787986437680130,110,-40,135
1787986437699991,110,-40,135
1787986437719793,110,-40,135
1787986437739676,110,-40,135
1787986437759692,110,-40,135
1787986437779657,110,-40,135
1787986437799897,110,-40,135
1787986437819971,110,-40,135
1787986437840166,110,-40,135
1787986437860398,110,-40,135
1787986437879913,110,-40,135
1787986437900280,110,-40,135
1787986437933628,110,-40,135
1787986437956628,110,-40,135
1787986437976008,110,-40,135
1787986437996495,110,-40,135
1787986438015176,110,-40,135
1787986438035191,110,-40,135
1787986438055507,110,-40,135
1787986438075051,110,-40,135
1787986438095357,110,-40,135
1787986438114922,110,-40,135
1787986438135291,110,-40,135
1787986438155382,110,-40,135
1787986438174980,110,-40,135
1787986438196653,110,-40,135
1787986438214739,110,-40,135
1787986438234503,110,-40,135
1787986438254902,110,-40,135
1787986438275342,110,-40,135
1787986438294963,110,-40,135
1787986438315080,110,-40,135
1787986438334718,110,-40,135
1787986438355046,110,-40,135
1787986438374959,110,-40,135
1787986438395467,110,-40,135
1787986438415098,110,-40,135
1787986438434932,110,-40,135
1787986438455094,110,-40,135
1787986438475187,110,-40,135
1787986438494515,110,-40,135
1787986438514898,110,-40,135
1787986438549290,110,-40,135
1787986438569712,110,-40,135
1787986438589820,110,-40,135
1787986438609569,110,-40,135
1787986438630469,110,-40,135
1787986438650325,110,-40,135
1787986438670365,110,-40,135
1787986438689884,110,-40,135
1787986438710297,110,-40,135
1787986438729571,110,-40,135
1787986438752572,110,-40,135
1787986438769705,110,-40,135
1787986438790144,110,-40,135
1787986438810322,110,-40,135
1787986438829914,110,-40,135
1787986438850140,110,-40,135
1787986438869805,110,-40,135
1787986438890416,110,-40,135
1787986438909897,110,-40,135
1787986438929726,110,-40,135
1787986438951796,110,-40,135
1787986438969793,110,-40,135
1787986438989671,110,-40,135
1787986439010205,110,-40,135
1787986439029825,110,-40,135
1787986439049883,110,-40,135
1787986439070412,110,-40,135
1787986439090394,110,-40,135
1787986439109983,110,-40,135
1787986439129687,110,-40,135
1787986439164835,110,-40,135
1787986439186111,110,-40,135
1787986439205611,110,-40,135
1787986439226355,110,-40,135
1787986439245741,110,-40,135
1787986439266340,110,-40,135
1787986439285901,110,-40,135
1787986439305880,110,-40,135
1787986439326145,110,-40,135
1787986439345979,110,-40,135
1787986439365653,110,-40,135
1787986439385882,110,-40,135
1787986439405883,110,-40,135
1787986439426343,110,-40,135
1787986439446288,110,-40,135
1787986439465694,110,-40,135
1787986439486404,110,-40,135
1787986439506414,110,-40,135
1787986439525986,110,-40,135
1787986439546446,110,-40,135
1787986439569934,110,-40,135
1787986439591082,110,-40,135
1787986439610902,110,-40,135
1787986439631058,110,-40,135
1787986439650483,110,-40,135
1787986439671644,110,-40,135
1787986439691236,110,-40,135
1787986439710606,110,-40,135
1787986439731349,110,-40,135
1787986439750855,110,-40,135
1787986439771048,110,-40,135
1787986439790826,110,-40,135
1787986439811399,110,-40,135
1787986439830505,110,-40,135
1787986439850749,110,-40,135
1787986439871275,110,-40,135
1787986439891227,110,-40,135
1787986439910844,110,-40,135
1787986439931447,110,-40,135
1787986439950984,110,-40,135
1787986439977975,110,-40,135
1787986439999581,110,-40,135
1787986440018469,110,-40,135
1787986440039107,110,-40,135
1787986440058777,110,-40,135
1787986440079387,110,-40,135
1787986440098720,110,-40,135
1787986440118867,110,-40,135
1787986440139608,110,-40,135
1787986440158807,110,-40,135
1787986440185498,110,-40,135
1787986440207211,110,-40,135
1787986440227220,110,-40,135
1787986440246702,110,-40,135
1787986440267522,110,-40,135
1787986440287076,110,-40,135
1787986440306542,110,-40,135
1787986440327058,110,-40,135
1787986440346875,110,-40,135
1787986440367337,110,-40,135
1787986440388281,110,-40,135
1787986440406920,110,-40,135
1787986440426510,110,-40,135
1787986440446909,110,-40,135
1787986440466686,110,-40,135
1787986440486966,110,-40,135
1787986440506851,110,-40,135
1787986440527479,110,-40,135
1787986440546731,110,-40,135
1787986440566959,110,-40,135
1787986440586932,110,-40,135
1787986440606612,110,-40,135
1787986440627580,110,-40,135
1787986440646796,110,-40,135
1787986440667205,110,-40,135
1787986440686735,110,-40,135
1787986440707168,110,-40,135
1787986440726575,110,-40,135
1787986440747279,110,-40,135
1787986440767436,110,-40,135
1787986440786753,110,-40,135
1787986440807067,110,-40,135
1787986440826513,110,-40,135
1787986440847090,110,-40,135
1787986440866765,110,-40,135
1787986440887231,110,-40,135
1787986440907125,110,-40,135
1787986440926877,110,-40,135
1787986440947574,110,-40,135
1787986440966695,110,-40,135
1787986440987301,110,-40,135
1787986441006692,110,-40,135
1787986441027191,110,-40,135
1787986441047124,110,-40,135
1787986441066948,110,-40,135
1787986441086730,110,-40,135
1787986441106945,110,-40,135
1787986441127249,110,-40,135
1787986441147601,110,-40,135
1787986441166828,110,-40,135
1787986441186529,110,-40,135
1787986441206498,110,-40,135
1787986441227303,110,-40,135
1787986441246557,110,-40,135
1787986441266538,110,-40,135
1787986441287190,110,-40,135
1787986441307412,110,-40,135
1787986441326904,110,-40,135
1787986441347041,110,-40,135
1787986441367169,110,-40,135
1787986441387366,110,-40,135
1787986441407038,110,-40,135
1787986441427387,110,-40,135
1787986441446788,110,-40,135
1787986441466654,110,-40,135
1787986441486984,110,-40,135
1787986441507240,110,-40,135
1787986441526780,110,-40,135
1787986441546586,110,-40,135
1787986441566585,110,-40,135
1787986441586696,110,-40,135
1787986441606701,110,-40,135
1787986441626710,110,-40,135
1787986441647398,110,-40,135
1787986441666988,110,-40,135
1787986441686663,110,-40,135
1787986441707135,110,-40,135
1787986441726652,110,-40,135
1787986441746404,110,-40,135
1787986441766632,110,-40,135
1787986441787073,110,-40,135
1787986441806514,110,-40,135
1787986441827058,110,-40,135
1787986441846505,110,-40,135
1787986441867197,110,-40,135
1787986441887417,110,-40,135
1787986441907034,110,-40,135
1787986441927346,110,-40,135
1787986441946679,110,-40,135
1787986441966524,110,-40,135
1787986441986977,110,-40,135
1787986442006816,110,-40,135
1787986442026639,110,-40,135
1787986442046715,110,-40,135
1787986442067222,110,-40,135
1787986442086947,110,-40,135
1787986442106537,110,-40,135
1787986442126677,110,-40,135
1787986442147442,110,-40,135
1787986442166465,110,-40,135
1787986442186567,110,-40,135
1787986442206877,110,-40,135
1787986442226475,110,-40,135
1787986442247403,110,-40,135
1787986442266601,110,-40,135
1787986442286936,110,-40,135
1787986442307434,110,-40,135
1787986442326910,110,-40,135
1787986442346558,110,-40,135
1787986442367490,110,-40,135
1787986442387241,110,-40,135
1787986442406603,110,-40,135
1787986442426702,110,-40,135
1787986442447261,110,-40,135
1787986442467496,110,-40,135
1787986442486799,110,-40,135
1787986442506941,110,-40,135
1787986442526966,110,-40,135
1787986442547442,110,-40,135
1787986442566953,110,-40,135
1787986442587366,110,-40,135
1787986442606492,110,-40,135
1787986442626784,110,-40,135
1787986442646644,110,-40,135
1787986442667221,110,-40,135
1787986442686828,110,-40,135
1787986442706576,110,-40,135
1787986442726974,110,-40,135
1787986442747275,110,-40,135
1787986442766958,110,-40,135
1787986442786508,110,-40,135
1787986442807017,110,-40,135
1787986442826709,110,-40,135
1787986442846561,110,-40,135
1787986442866875,110,-40,135
1787986442887140,110,-40,135
1787986442907132,110,-40,135
1787986442927472,110,-40,135
1787986442947117,110,-40,135
1787986442967495,110,-40,135
1787986442986872,110,-40,135
1787986443007213,110,-40,135
1787986443026812,110,-40,135
1787986443047232,110,-40,135
1787986443066867,110,-40,135
1787986443086988,110,-40,135
1787986443106715,110,-40,135
1787986443127307,110,-40,135
1787986443147290,110,-40,135
1787986443167161,110,-40,135
1787986443187009,110,-40,135
1787986443206857,110,-40,135
1787986443227240,110,-40,135
1787986443247337,110,-40,135
1787986443266491,110,-40,135
1787986443286800,110,-40,135
1787986443307207,110,-40,135
1787986443327480,110,-40,135
1787986443347169,110,-40,135
1787986443367181,110,-40,135
1787986443386825,110,-40,135
1787986443407234,110,-40,135
1787986443427254,110,-40,135
1787986443447385,110,-40,135
1787986443466567,110,-40,135
1787986443486749,110,-40,135
1787986443507447,110,-40,135
1787986443527434,110,-40,135
1787986443546878,110,-40,135
1787986443566772,110,-40,135
1787986443586861,110,-40,135
1787986443607203,110,-40,135
1787986443626539,110,-40,135
1787986443646799,110,-40,135
1787986443667111,110,-40,135
1787986443687352,110,-40,135
1787986443707481,110,-40,135
1787986443727107,110,-40,135
1787986443747136,110,-40,135
1787986443766868,110,-40,135
1787986443786738,110,-40,135
1787986443806641,110,-40,135
1787986443827486,110,-40,135
1787986443846978,110,-40,135
1787986443866486,110,-40,135
1787986443887309,110,-40,135
1787986443907089,110,-40,135
1787986443926635,110,-40,135
1787986443946977,110,-40,135
1787986443967203,110,-40,135
1787986443986470,110,-40,135
1787986444006985,110,-40,135
1787986444027269,110,-40,135
1787986444046725,110,-40,135
1787986444066525,110,-40,135
1787986444086607,110,-40,135
1787986444106786,110,-40,135
1787986444126784,110,-40,135
1787986444146964,110,-40,135
1787986444167331,110,-40,135
1787986444187223,110,-40,135
1787986444207058,110,-40,135
1787986444226444,110,-40,135
1787986444247097,110,-40,135
1787986444267481,110,-40,135
1787986444286724,110,-40,135
1787986444306687,110,-40,135
1787986444327508,110,-40,135
1787986444346624,110,-40,135
1787986444366877,110,-40,135
1787986444386463,110,-40,135
1787986444407418,110,-40,135
1787986444427106,110,-40,135
1787986444446556,110,-40,135
1787986444466530,110,-40,135
1787986444487469,110,-40,135
1787986444507435,110,-40,135
1787986444526617,110,-40,135
1787986444547474,110,-40,135
1787986444567435,110,-40,135
1787986444587030,110,-40,135
1787986444606969,110,-40,135
1787986444626742,110,-40,135
1787986444646868,110,-40,135
1787986444667379,110,-40,135
1787986444687364,110,-40,135
1787986444707049,110,-40,135
1787986444726804,110,-40,135
1787986444747463,110,-40,135
1787986444767156,110,-40,135
1787986444786740,110,-40,135
1787986444807281,110,-40,135
1787986444826884,110,-40,135
1787986444847064,110,-40,135
1787986444867447,110,-40,135
1787986444886440,110,-40,135
1787986444906739,110,-40,135
1787986444926916,110,-40,135
1787986444947270,110,-40,135
1787986444967389,110,-40,135
1787986444987051,110,-40,135
1787986445007500,110,-40,135
1787986445026687,110,-40,135
1787986445047062,110,-40,135
1787986445067241,110,-40,135
1787986445087226,110,-40,135
1787986445106413,110,-40,135
