capture_us,seq,tick_id,region_id,battery,roll,pitch,yaw,motors
1787986323952222,103505,0,255,94,-0.32,0.02,5.37,4.82;39.18;0.35;4.35;39.8;0.12;3.88;46.08;-0.12;3.41;45.45;0.35;0.25;-10.35;9.41
1787986323972563,103514,0,255,94,-0.32,0.02,5.37,4.82;39.18;0.35;4.35;39.8;0.12;3.88;46.08;-0.12;3.41;45.45;0.35;0.25;-10.35;9.41
1787986323991507,103523,0,255,94,-0.32,0.02,5.37,4.82;39.18;0.35;4.35;39.8;0.12;3.88;46.08;-0.12;3.41;45.45;0.35;0.25;-10.35;9.41
1787986324010909,103532,0,255,94,-0.32,0.02,5.37,4.82;39.18;0.35;4.35;39.8;0.12;3.88;46.08;-0.12;3.41;45.45;0.35;0.25;-10.35;9.41
1787986324032916,103541,0,255,94,-0.32,0.02,5.37,4.82;39.18;0.35;4.35;39.8;0.12;3.88;46.08;-0.12;3.41;45.45;0.35;0.25;-10.35;9.41
1787986324051416,103550,0,255,94,-0.32,0.02,5.37,4.82;39.18;0.35;4.35;39.8;0.12;3.88;46.08;-0.12;3.41;45.45;0.35;0.25;-10.35;9.41
1787986324071253,103559,0,255,94,-0.32,0.02,5.37,4.82;39.18;0.35;4.35;39.8;0.12;3.88;46.08;-0.12;3.41;45.45;0.35;0.25;-10.35;9.41
1787986324090770,103568,0,255,94,-0.32,0.02,5.37,4.82;39.18;0.35;4.35;39.8;0.12;3.88;46.08;-0.12;3.41;45.45;0.35;0.25;-10.35;9.41
1787986324111782,103577,0,255,94,-0.32,0.02,5.37,4.82;39.18;0.35;4.35;39.8;0.12;3.88;46.08;-0.12;3.41;45.45;0.35;0.25;-10.35;9.41
1787986324132924,103586,0,255,94,-0.32,0.02,5.37,4.82;39.18;0.35;4.35;39.8;0.12;3.88;46.08;-0.12;3.41;45.45;0.35;0.25;-10.35;9.41
1787986324152210,103595,0,255,94,-0.32,0.02,5.37,4.82;39.18;0.35;4.35;39.8;0.12;3.88;46.08;-0.12;3.41;45.45;0.35;0.25;-10.35;9.41
1787986324171929,103604,0,255,94,-0.32,0.02,5.37,4.82;39.18;0.35;4.35;39.8;0.12;3.88;46.08;-0.12;3.41;45.45;0.35;0.25;-10.35;9.41
1787986324191273,103613,0,255,94,-0.32,0.02,5.37,4.82;39.18;0.35;4.35;39.8;0.12;3.88;46.08;-0.12;3.41;45.45;0.35;0.25;-10.35;9.41
1787986324212427,103622,0,255,94,-0.32,0.02,5.37,4.82;39.18;0.35;4.35;39.8;0.12;3.88;46.08;-0.12;3.41;45.45;0.35;0.25;-10.35;9.41
1787986324232983,103631,0,255,94,-0.32,0.02,5.37,4.82;39.18;0.35;4.35;39.8;0.12;3.88;46.08;-0.12;3.41;45.45;0.35;0.25;-10.35;9.41
1787986324273341,103640,0,255,94,-0.32,0.02,5.37,4.82;39.18;0.35;4.35;39.8;0.12;3.88;46.08;-0.12;3.41;45.45;0.35;0.25;-10.35;9.41
1787986324283778,103649,0,255,94,-0.32,0.02,5.37,4.82;39.18;0.35;4.35;39.8;0.12;3.88;46.08;-0.12;3.41;45.45;0.35;0.25;-10.35;9.41
1787986324292096,103658,0,255,94,-0.32,0.02,5.37,4.82;39.18;0.35;4.35;39.8;0.12;3.88;46.08;-0.12;3.41;45.45;0.35;0.25;-10.35;9.41
1787986324311822,103667,0,255,94,-0.32,0.02,5.37,4.82;39.18;0.35;4.35;39.8;0.12;3.88;46.08;-0.12;3.41;45.45;0.35;0.25;-10.35;9.41
1787986324334496,103676,0,255,94,-0.32,0.02,5.37,4.82;39.18;0.35;4.35;39.8;0.12;3.88;46.08;-0.12;3.41;45.45;0.35;0.25;-10.35;9.41
1787986324353807,103685,0,255,94,-0.32,0.02,5.37,4.82;39.18;0.35;4.35;39.8;0.12;3.88;46.08;-0.12;3.41;45.45;0.35;0.25;-10.35;9.41
1787986324375323,103694,0,255,94,-0.32,0.02,5.37,4.82;39.18;0.35;4.35;39.8;0.12;3.88;46.08;-0.12;3.41;45.45;0.35;0.25;-10.35;9.41
1787986324393305,103703,0,255,94,-0.32,0.02,5.37,4.82;39.18;0.35;4.35;39.8;0.12;3.88;46.08;-0.12;3.41;45.45;0.35;0.25;-10.35;9.41
1787986324413733,103712,0,255,94,-0.32,0.02,5.37,4.82;39.18;0.35;4.35;39.8;0.12;3.88;46.08;-0.12;3.41;45.45;0.35;0.25;-10.35;9.41
1787986324432883,103721,0,255,94,-0.32,0.02,5.37,4.82;39.18;0.35;4.35;39.8;0.12;3.88;46.08;-0.12;3.41;45.45;0.35;0.25;-10.35;9.41
1787986324455188,103730,0,255,94,-0.32,0.02,5.37,4.82;39.18;0.35;4.35;39.8;0.12;3.88;46.08;-0.12;3.41;45.45;0.35;0.25;-10.35;9.41
1787986324472441,103739,0,255,94,-0.32,0.02,5.37,4.82;39.18;0.35;4.35;39.8;0.12;3.88;46.08;-0.12;3.41;45.45;0.35;0.25;-10.35;9.41
1787986324492114,103748,0,255,94,-0.32,0.02,5.37,4.82;39.18;0.35;4.35;39.8;0.12;3.88;46.08;-0.12;3.41;45.45;0.35;0.25;-10.35;9.41
1787986324511517,103757,0,255,94,-0.32,0.02,5.37,4.82;39.18;0.35;4.35;39.8;0.12;3.88;46.08;-0.12;3.41;45.45;0.35;0.25;-10.35;9.41
1787986324532476,103766,0,255,94,-0.32,0.02,5.37,4.82;39.18;0.35;4.35;39.8;0.12;3.88;46.08;-0.12;3.41;45.45;0.35;0.25;-10.35;9.41
1787986324553455,103775,0,255,94,-0.32,0.02,5.37,4.82;39.18;0.35;4.35;39.8;0.12;3.88;46.08;-0.12;3.41;45.45;0.35;0.25;-10.35;9.41
1787986324571053,103784,0,255,94,-0.32,0.02,5.37,4.82;39.18;0.35;4.35;39.8;0.12;3.88;46.08;-0.12;3.41;45.45;0.35;0.25;-10.35;9.41
1787986324591129,103793,0,255,94,-0.32,0.02,5.37,4.82;39.18;0.35;4.35;39.8;0.12;3.88;46.08;-0.12;3.41;45.45;0.35;0.25;-10.35;9.41
1787986324613291,103809,0,255,94,-0.32,0.02,5.37,4.82;39.18;0.35;4.35;39.8;0.12;3.88;46.08;-0.12;3.41;45.45;0.35;0.25;-10.35;9.41
1787986324631569,103811,0,255,94,-0.32,0.02,5.37,4.82;39.18;0.35;4.35;39.8;0.12;3.88;46.08;-0.12;3.41;45.45;0.35;0.25;-10.35;9.41
1787986324650752,103820,0,255,94,-0.32,0.02,5.37,4.82;39.18;0.35;4.35;39.8;0.12;3.88;46.08;-0.12;3.41;45.45;0.35;0.25;-10.35;9.41
1787986324671368,103829,0,255,94,-0.32,0.02,5.37,4.82;39.18;0.35;4.35;39.8;0.12;3.88;46.08;-0.12;3.41;45.45;0.35;0.25;-10.35;9.41
1787986324692859,103838,0,255,94,-0.32,0.02,5.37,4.82;39.18;0.35;4.35;39.8;0.12;3.88;46.08;-0.12;3.41;45.45;0.35;0.25;-10.35;9.41
1787986324711503,103847,0,255,94,-0.32,0.02,5.37,4.82;39.18;0.35;4.35;39.8;0.12;3.88;46.08;-0.12;3.41;45.45;0.35;0.25;-10.35;9.41
1787986324730495,103856,0,255,94,-0.32,0.02,5.37,4.82;39.18;0.35;4.35;39.8;0.12;3.88;46.08;-0.12;3.41;45.45;0.35;0.25;-10.35;9.41
1787986324751417,103865,0,255,94,-0.32,0.02,5.37,4.82;39.18;0.35;4.35;39.8;0.12;3.88;46.08;-0.12;3.41;45.45;0.35;0.25;-10.35;9.41
1787986324770501,103874,0,255,94,-0.32,0.02,5.37,4.82;39.18;0.35;4.35;39.8;0.12;3.88;46.08;-0.12;3.41;45.45;0.35;0.25;-10.35;9.41
1787986324790782,103883,0,255,94,-0.32,0.02,5.37,4.82;39.18;0.35;4.35;39.8;0.12;3.88;46.08;-0.12;3.41;45.45;0.35;0.25;-10.35;9.41
1787986324811480,103893,0,255,94,-0.32,0.02,5.37,4.82;39.18;0.35;4.35;39.8;0.12;3.88;46.08;-0.12;3.41;45.45;0.35;0.25;-10.35;9.41
1787986324830972,103902,0,255,94,-0.29,0,5.37,4.82;39.18;0.35;4.35;39.8;0.12;3.88;45.45;-0.12;3.41;45.45;0.35;0.25;-10.35;9.41
1787986324850876,103911,0,255,94,-0.29,0,5.37,4.82;39.18;0.35;4.35;39.8;0.12;3.88;45.45;-0.12;3.41;45.45;0.35;0.25;-10.35;9.41
1787986324870417,103920,0,255,94,-0.29,0,5.37,4.82;39.18;0.35;4.35;39.8;0.12;3.88;45.45;-0.12;3.41;45.45;0.35;0.25;-10.35;9.41
1787986324891665,103929,0,255,94,-0.29,0,5.37,4.82;39.18;0.35;4.35;39.8;0.12;3.88;45.45;-0.12;3.41;45.45;0.35;0.25;-10.35;9.41
1787986324911739,103938,0,255,94,-0.29,0,5.37,4.82;39.18;0.35;4.35;39.8;0.12;3.88;45.45;-0.12;3.41;45.45;0.35;0.25;-10.35;9.41
1787986324931380,103947,0,255,94,-0.29,0,5.37,4.82;39.18;0.35;4.35;39.8;0.12;3.88;45.45;-0.12;3.41;45.45;0.35;0.25;-10.35;9.41
1787986324950995,103956,0,255,94,-0.29,0,5.37,4.82;39.18;0.35;4.35;39.8;0.12;3.88;45.45;-0.12;3.41;45.45;0.35;0.25;-10.35;9.41
1787986324971212,103965,0,255,94,-0.29,0,5.37,4.82;39.18;0.35;4.35;39.8;0.12;3.88;45.45;-0.12;3.41;45.45;0.35;0.25;-10.35;9.41
1787986324991235,103974,0,255,94,-0.29,0,5.37,4.82;39.18;0.35;4.35;39.8;0.12;3.88;45.45;-0.12;3.41;45.45;0.35;0.25;-10.35;9.41
1787986325012054,103983,0,255,94,-0.29,0,5.37,4.82;39.18;0.35;4.35;39.8;0.12;3.88;45.45;-0.12;3.41;45.45;0.35;0.25;-10.35;9.41
1787986325031223,103992,0,255,94,-0.29,0,5.37,4.82;39.18;0.35;4.35;39.8;0.12;3.88;45.45;-0.12;3.41;45.45;0.35;0.25;-10.35;9.41
1787986325050841,104001,0,255,94,-0.29,0,5.37,4.82;39.18;0.35;4.35;39.8;0.12;3.88;45.45;-0.12;3.41;45.45;0.35;0.25;-10.35;9.41
1787986325071049,104010,0,255,94,-0.29,0,5.37,4.82;39.18;0.35;4.35;39.8;0.12;3.88;45.45;-0.12;3.41;45.45;0.35;0.25;-10.35;9.41
1787986325090581,104019,0,255,94,-0.29,0,5.37,4.82;39.18;0.35;4.35;39.8;0.12;3.88;45.45;-0.12;3.41;45.45;0.35;0.25;-10.35;9.41
1787986325110755,104028,0,255,94,-0.29,0,5.37,4.82;39.18;0.35;4.35;39.8;0.12;3.88;45.45;-0.12;3.41;45.45;0.35;0.25;-10.35;9.41
1787986325131592,104037,0,255,94,-0.29,0,5.37,4.82;39.18;0.35;4.35;39.8;0.12;3.88;45.45;-0.12;3.41;45.45;0.35;0.25;-10.35;9.41
1787986325150094,104046,0,255,94,-0.29,0,5.37,4.82;39.18;0.35;4.35;39.8;0.12;3.88;45.45;-0.12;3.41;45.45;0.35;0.25;-10.35;9.41
1787986325201888,104055,0,255,94,-0.29,0,5.37,4.82;39.18;0.35;4.35;39.8;0.12;3.88;45.45;-0.12;3.41;45.45;0.35;0.25;-10.35;9.41
1787986325202534,104057,0,255,94,-0.29,0,5.37,4.82;39.18;0.35;4.35;39.8;0.12;3.88;45.45;-0.12;3.41;45.45;0.35;0.25;-10.35;9.41
1787986325209996,104073,0,255,94,-0.29,0,5.37,4.82;39.18;0.35;4.35;39.8;0.12;3.88;45.45;-0.12;3.41;45.45;0.35;0.25;-10.35;9.41
1787986325230371,104082,0,255,94,-0.29,0,5.37,4.82;39.18;0.35;4.35;39.8;0.12;3.88;45.45;-0.12;3.41;45.45;0.35;0.25;-10.35;9.41
1787986325250541,104091,0,255,94,-0.29,0,5.37,4.82;39.18;0.35;4.35;39.8;0.12;3.88;45.45;-0.12;3.41;45.45;0.35;0.25;-10.35;9.41
1787986325270801,104100,0,255,94,-0.29,0,5.37,4.82;39.18;0.35;4.35;39.8;0.12;3.88;45.45;-0.12;3.41;45.45;0.35;0.25;-10.35;9.41
1787986325290019,104109,0,255,94,-0.29,0,5.37,4.82;39.18;0.35;4.35;39.8;0.12;3.88;45.45;-0.12;3.41;45.45;0.35;0.25;-10.35;9.41
1787986325313468,104118,0,255,94,-0.29,0,5.37,4.82;39.18;0.35;4.35;39.8;0.12;3.88;45.45;-0.12;3.41;45.45;0.35;0.25;-10.35;9.41
1787986325330639,104127,0,255,94,-0.29,0,5.37,4.82;39.18;0.35;4.35;39.8;0.12;3.88;45.45;-0.12;3.41;45.45;0.35;0.25;-10.35;9.41
1787986325350962,104136,0,255,94,-0.29,0,5.37,4.82;39.18;0.35;4.35;39.8;0.12;3.88;45.45;-0.12;3.41;45.45;0.35;0.25;-10.35;9.41
1787986325372321,104145,0,255,94,-0.29,0,5.37,4.82;39.18;0.35;4.35;39.8;0.12;3.88;45.45;-0.12;3.41;45.45;0.35;0.25;-10.35;9.41
1787986325390620,104154,0,255,94,-0.29,0,5.37,4.82;39.18;0.35;4.35;39.8;0.12;3.88;45.45;-0.12;3.41;45.45;0.35;0.25;-10.35;9.41
1787986325423489,104163,0,255,94,-0.29,0,5.37,4.82;39.18;0.35;4.35;39.8;0.12;3.88;45.45;-0.12;3.41;45.45;0.35;0.25;-10.35;9.41
1787986325431436,104172,0,255,94,-0.29,0,5.37,4.82;39.18;0.35;4.35;39.8;0.12;3.88;45.45;-0.12;3.41;45.45;0.35;0.25;-10.35;9.41
1787986325450597,104181,0,255,94,-0.29,0,5.37,4.82;39.18;0.35;4.35;39.8;0.12;3.88;45.45;-0.12;3.41;45.45;0.35;0.25;-10.35;9.41
1787986325470627,104190,0,255,94,-0.29,0,5.37,4.82;39.18;0.35;4.35;39.8;0.12;3.88;45.45;-0.12;3.41;45.45;0.35;0.25;-10.35;9.41
1787986325490874,104199,0,255,94,-0.29,0,5.37,4.82;39.18;0.35;4.35;39.8;0.12;3.88;45.45;-0.12;3.41;45.45;0.35;0.25;-10.35;9.41
1787986325511753,104208,0,255,94,-0.29,0,5.37,4.82;39.18;0.35;4.35;39.8;0.12;3.88;45.45;-0.12;3.41;45.45;0.35;0.25;-10.35;9.41
1787986325529797,104217,0,255,94,-0.29,0,5.37,4.82;39.18;0.35;4.35;39.8;0.12;3.88;45.45;-0.12;3.41;45.45;0.35;0.25;-10.35;9.41
1787986325550220,104226,0,255,94,-0.29,0,5.37,4.82;39.18;0.35;4.35;39.8;0.12;3.88;45.45;-0.12;3.41;45.45;0.35;0.25;-10.35;9.41
1787986325571837,104235,0,255,94,-0.29,0,5.37,4.82;39.18;0.35;4.35;39.8;0.12;3.88;45.45;-0.12;3.41;45.45;0.35;0.25;-10.35;9.41
1787986325591124,104244,0,255,94,-0.29,0,5.37,4.82;39.18;0.35;4.35;39.8;0.12;3.88;45.45;-0.12;3.41;45.45;0.35;0.25;-10.35;9.41
1787986325611576,104253,0,255,94,-0.29,0,5.37,4.82;39.18;0.35;4.35;39.8;0.12;3.88;45.45;-0.12;3.41;45.45;0.35;0.25;-10.35;9.41
1787986325633743,104262,0,255,94,-0.29,0,5.37,4.82;39.18;0.35;4.35;39.8;0.12;3.88;45.45;-0.12;3.41;45.45;0.35;0.25;-10.35;9.41
1787986325650700,104271,0,255,94,-0.29,0,5.37,4.82;39.18;0.35;4.35;39.8;0.12;3.88;45.45;-0.12;3.41;45.45;0.35;0.25;-10.35;9.41
1787986325671164,104280,0,255,94,-0.29,0,5.37,4.82;39.18;0.35;4.35;39.8;0.12;3.88;45.45;-0.12;3.41;45.45;0.35;0.25;-10.35;9.41
1787986325691492,104289,0,255,94,-0.29,0,5.37,4.82;39.18;0.35;4.35;39.8;0.12;3.88;45.45;-0.12;3.41;45.45;0.35;0.25;-10.35;9.41
1787986325711015,104298,0,255,94,-0.29,0,5.37,4.82;39.18;0.35;4.35;39.8;0.12;3.88;45.45;-0.12;3.41;45.45;0.35;0.25;-10.35;9.41
1787986325732127,104307,0,255,94,-0.29,0,5.37,4.82;39.18;0.35;4.35;39.8;0.12;3.88;45.45;-0.12;3.41;45.45;0.35;0.25;-10.35;9.41
1787986325751989,104316,0,255,94,-0.29,0,5.37,4.82;39.18;0.35;4.35;39.8;0.12;3.88;45.45;-0.12;3.41;45.45;0.35;0.25;-10.35;9.41
1787986325771027,104325,0,255,94,-0.29,0,5.37,4.82;39.18;0.35;4.35;39.8;0.12;3.88;45.45;-0.12;3.41;45.45;0.35;0.25;-10.35;9.41
1787986325793027,104334,0,255,94,-0.29,0,5.37,4.82;39.18;0.35;4.35;39.8;0.12;3.88;45.45;-0.12;3.41;45.45;0.35;0.25;-10.35;9.41
1787986325811452,104344,0,255,94,-0.29,0,5.37,4.82;39.18;0.35;4.35;39.8;0.12;3.88;45.45;-0.12;3.41;45.45;0.35;0.25;-10.35;9.41
1787986325831867,104353,0,255,94,-0.33,0.02,5.35,4.82;39.18;0.35;4.35;39.8;-0.35;3.88;45.45;-0.12;3.41;45.45;0.35;0.25;-10.35;9.41
1787986325852876,104362,0,255,94,-0.33,0.02,5.35,4.82;39.18;0.35;4.35;39.8;-0.35;3.88;45.45;-0.12;3.41;45.45;0.35;0.25;-10.35;9.41
1787986325871806,104371,0,255,94,-0.33,0.02,5.35,4.82;39.18;0.35;4.35;39.8;-0.35;3.88;45.45;-0.12;3.41;45.45;0.35;0.25;-10.35;9.41
1787986325892021,104380,0,255,94,-0.33,0.02,5.35,4.82;39.18;0.35;4.35;39.8;-0.35;3.88;45.45;-0.12;3.41;45.45;0.35;0.25;-10.35;9.41
1787986325911480,104389,0,255,94,-0.33,0.02,5.35,4.82;39.18;0.35;4.35;39.8;-0.35;3.88;45.45;-0.12;3.41;45.45;0.35;0.25;-10.35;9.41
1787986325931627,104398,0,255,94,-0.33,0.02,5.35,4.82;39.18;0.35;4.35;39.8;-0.35;3.88;45.45;-0.12;3.41;45.45;0.35;0.25;-10.35;9.41
1787986325951719,104407,0,255,94,-0.33,0.02,5.35,4.82;39.18;0.35;4.35;39.8;-0.35;3.88;45.45;-0.12;3.41;45.45;0.35;0.25;-10.35;9.41
1787986325971455,104416,0,255,94,-0.33,0.02,5.35,4.82;39.18;0.35;4.35;39.8;-0.35;3.88;45.45;-0.12;3.41;45.45;0.35;0.25;-10.35;9.41
1787986325991246,104425,0,255,94,-0.33,0.02,5.35,4.82;39.18;0.35;4.35;39.8;-0.35;3.88;45.45;-0.12;3.41;45.45;0.35;0.25;-10.35;9.41
1787986326012014,104434,0,255,94,-0.33,0.02,5.35,4.82;39.18;0.35;4.35;39.8;-0.35;3.88;45.45;-0.12;3.41;45.45;0.35;0.25;-10.35;9.41
1787986326030954,104443,0,255,94,-0.33,0.02,5.35,4.82;39.18;0.35;4.35;39.8;-0.35;3.88;45.45;-0.12;3.41;45.45;0.35;0.25;-10.35;9.41
1787986326050887,104452,0,255,94,-0.33,0.02,5.35,4.82;39.18;0.35;4.35;39.8;-0.35;3.88;45.45;-0.12;3.41;45.45;0.35;0.25;-10.35;9.41
1787986326073855,104461,0,255,94,-0.33,0.02,5.35,4.82;39.18;0.35;4.35;39.8;-0.35;3.88;45.45;-0.12;3.41;45.45;0.35;0.25;-10.35;9.41
1787986326091893,104470,0,255,94,-0.33,0.02,5.35,4.82;39.18;0.35;4.35;39.8;-0.35;3.88;45.45;-0.12;3.41;45.45;0.35;0.25;-10.35;9.41
1787986326110389,104479,0,255,94,-0.33,0.02,5.35,4.82;39.18;0.35;4.35;39.8;-0.35;3.88;45.45;-0.12;3.41;45.45;0.35;0.25;-10.35;9.41
1787986326130435,104488,0,255,94,-0.33,0.02,5.35,4.82;39.18;0.35;4.35;39.8;-0.35;3.88;45.45;-0.12;3.41;45.45;0.35;0.25;-10.35;9.41
1787986326150687,104497,0,255,94,-0.33,0.02,5.35,4.82;39.18;0.35;4.35;39.8;-0.35;3.88;45.45;-0.12;3.41;45.45;0.35;0.25;-10.35;9.41
1787986326170141,104506,0,255,94,-0.33,0.02,5.35,4.82;39.18;0.35;4.35;39.8;-0.35;3.88;45.45;-0.12;3.41;45.45;0.35;0.25;-10.35;9.41
1787986326191322,104515,0,255,94,-0.33,0.02,5.35,4.82;39.18;0.35;4.35;39.8;-0.35;3.88;45.45;-0.12;3.41;45.45;0.35;0.25;-10.35;9.41
1787986326210672,104524,0,255,94,-0.33,0.02,5.35,4.82;39.18;0.35;4.35;39.8;-0.35;3.88;45.45;-0.12;3.41;45.45;0.35;0.25;-10.35;9.41
1787986326231970,104533,0,255,94,-0.33,0.02,5.35,4.82;39.18;0.35;4.35;39.8;-0.35;3.88;45.45;-0.12;3.41;45.45;0.35;0.25;-10.35;9.41
1787986326251483,104542,0,255,94,-0.33,0.02,5.35,4.82;39.18;0.35;4.35;39.8;-0.35;3.88;45.45;-0.12;3.41;45.45;0.35;0.25;-10.35;9.41
1787986326270493,104551,0,255,94,-0.33,0.02,5.35,4.82;39.18;0.35;4.35;39.8;-0.35;3.88;45.45;-0.12;3.41;45.45;0.35;0.25;-10.35;9.41
1787986326294044,104560,0,255,94,-0.33,0.02,5.35,4.82;39.18;0.35;4.35;39.8;-0.35;3.88;45.45;-0.12;3.41;45.45;0.35;0.25;-10.35;9.41
1787986326313055,104569,0,255,94,-0.33,0.02,5.35,4.82;39.18;0.35;4.35;39.8;-0.35;3.88;45.45;-0.12;3.41;45.45;0.35;0.25;-10.35;9.41
1787986326330843,104578,0,255,94,-0.33,0.02,5.35,4.82;39.18;0.35;4.35;39.8;-0.35;3.88;45.45;-0.12;3.41;45.45;0.35;0.25;-10.35;9.41
1787986326352168,104587,0,255,94,-0.33,0.02,5.35,4.82;39.18;0.35;4.35;39.8;-0.35;3.88;45.45;-0.12;3.41;45.45;0.35;0.25;-10.35;9.41
1787986326370616,104596,0,255,94,-0.33,0.02,5.35,4.82;39.18;0.35;4.35;39.8;-0.35;3.88;45.45;-0.12;3.41;45.45;0.35;0.25;-10.35;9.41
1787986326391522,104605,0,255,94,-0.33,0.02,5.35,4.82;39.18;0.35;4.35;39.8;-0.35;3.88;45.45;-0.12;3.41;45.45;0.35;0.25;-10.35;9.41
1787986326412235,104614,0,255,94,-0.33,0.02,5.35,4.82;39.18;0.35;4.35;39.8;-0.35;3.88;45.45;-0.12;3.41;45.45;0.35;0.25;-10.35;9.41
1787986326430302,104623,0,255,94,-0.33,0.02,5.35,4.82;39.18;0.35;4.35;39.8;-0.35;3.88;45.45;-0.12;3.41;45.45;0.35;0.25;-10.35;9.41
1787986326453962,104632,0,255,94,-0.33,0.02,5.35,4.82;39.18;0.35;4.35;39.8;-0.35;3.88;45.45;-0.12;3.41;45.45;0.35;0.25;-10.35;9.41
1787986326471405,104641,0,255,94,-0.33,0.02,5.35,4.82;39.18;0.35;4.35;39.8;-0.35;3.88;45.45;-0.12;3.41;45.45;0.35;0.25;-10.35;9.41
1787986326490114,104650,0,255,94,-0.33,0.02,5.35,4.82;39.18;0.35;4.35;39.8;-0.35;3.88;45.45;-0.12;3.41;45.45;0.35;0.25;-10.35;9.41
1787986326513094,104659,0,255,94,-0.33,0.02,5.35,4.82;39.18;0.35;4.35;39.8;-0.35;3.88;45.45;-0.12;3.41;45.45;0.35;0.25;-10.35;9.41
1787986326530782,104668,0,255,94,-0.33,0.02,5.35,4.82;39.18;0.35;4.35;39.8;-0.35;3.88;45.45;-0.12;3.41;45.45;0.35;0.25;-10.35;9.41
1787986326550773,104677,0,255,94,-0.33,0.02,5.35,4.82;39.18;0.35;4.35;39.8;-0.35;3.88;45.45;-0.12;3.41;45.45;0.35;0.25;-10.35;9.41
1787986326571894,104686,0,255,94,-0.33,0.02,5.35,4.82;39.18;0.35;4.35;39.8;-0.35;3.88;45.45;-0.12;3.41;45.45;0.35;0.25;-10.35;9.41
1787986326590836,104695,0,255,94,-0.33,0.02,5.35,4.82;39.18;0.35;4.35;39.8;-0.35;3.88;45.45;-0.12;3.41;45.45;0.35;0.25;-10.35;9.41
1787986326611271,104704,0,255,94,-0.33,0.02,5.35,4.82;39.18;0.35;4.35;39.8;-0.35;3.88;45.45;-0.12;3.41;45.45;0.35;0.25;-10.35;9.41
1787986326630048,104713,0,255,94,-0.33,0.02,5.35,4.82;39.18;0.35;4.35;39.8;-0.35;3.88;45.45;-0.12;3.41;45.45;0.35;0.25;-10.35;9.41
1787986326650174,104722,0,255,94,-0.33,0.02,5.35,4.82;39.18;0.35;4.35;39.8;-0.35;3.88;45.45;-0.12;3.41;45.45;0.35;0.25;-10.35;9.41
1787986326670320,104731,0,255,94,-0.33,0.02,5.35,4.82;39.18;0.35;4.35;39.8;-0.35;3.88;45.45;-0.12;3.41;45.45;0.35;0.25;-10.35;9.41
1787986326690925,104740,0,255,94,-0.33,0.02,5.35,4.82;39.18;0.35;4.35;39.8;-0.35;3.88;45.45;-0.12;3.41;45.45;0.35;0.25;-10.35;9.41
1787986326711068,104749,0,255,94,-0.33,0.02,5.35,4.82;39.18;0.35;4.35;39.8;-0.35;3.88;45.45;-0.12;3.41;45.45;0.35;0.25;-10.35;9.41
1787986326735027,104758,0,255,94,-0.33,0.02,5.35,4.82;39.18;0.35;4.35;39.8;-0.35;3.88;45.45;-0.12;3.41;45.45;0.35;0.25;-10.35;9.41
1787986326751383,104767,0,255,94,-0.33,0.02,5.35,4.82;39.18;0.35;4.35;39.8;-0.35;3.88;45.45;-0.12;3.41;45.45;0.35;0.25;-10.35;9.41
1787986326771185,104776,0,255,94,-0.33,0.02,5.35,4.82;39.18;0.35;4.35;39.8;-0.35;3.88;45.45;-0.12;3.41;45.45;0.35;0.25;-10.35;9.41
1787986326790796,104785,0,255,94,-0.33,0.02,5.35,4.82;39.18;0.35;4.35;39.8;-0.35;3.88;45.45;-0.12;3.41;45.45;0.35;0.25;-10.35;9.41
1787986326810913,104795,0,255,94,-0.33,0.02,5.35,4.82;39.18;0.35;4.35;39.8;-0.35;3.88;45.45;-0.12;3.41;45.45;0.35;0.25;-10.35;9.41
1787986326831392,104804,0,255,94,-0.33,0.02,5.35,4.82;39.18;0.35;4.35;39.8;-0.35;3.88;45.45;-0.12;3.41;45.45;0.35;0.25;-10.35;9.41
1787986326855682,104813,0,255,94,-0.61,0.92,5.73,4.82;37.29;0.59;4.35;39.18;-0.35;1.53;46.71;-0.59;2.94;45.45;0.35;0.25;-10.35;9.41
1787986326870675,104822,0,255,94,-0.61,0.92,5.73,4.82;37.29;0.59;4.35;39.18;-0.35;1.53;46.71;-0.59;2.94;45.45;0.35;0.25;-10.35;9.41
1787986326892705,104831,0,255,94,-0.61,0.92,5.73,4.82;37.29;0.59;4.35;39.18;-0.35;1.53;46.71;-0.59;2.94;45.45;0.35;0.25;-10.35;9.41
1787986326912661,104840,0,255,94,-0.61,0.92,5.73,4.82;37.29;0.59;4.35;39.18;-0.35;1.53;46.71;-0.59;2.94;45.45;0.35;0.25;-10.35;9.41
1787986326931169,104849,0,255,94,-0.61,0.92,5.73,4.82;37.29;0.59;4.35;39.18;-0.35;1.53;46.71;-0.59;2.94;45.45;0.35;0.25;-10.35;9.41
1787986326955587,104858,0,255,94,-0.61,0.92,5.73,4.82;37.29;0.59;4.35;39.18;-0.35;1.53;46.71;-0.59;2.94;45.45;0.35;0.25;-10.35;9.41
1787986326975550,104867,0,255,94,-0.61,0.92,5.73,4.82;37.29;0.59;4.35;39.18;-0.35;1.53;46.71;-0.59;2.94;45.45;0.35;0.25;-10.35;9.41
1787986326991500,104876,0,255,94,-0.61,0.92,5.73,4.82;37.29;0.59;4.35;39.18;-0.35;1.53;46.71;-0.59;2.94;45.45;0.35;0.25;-10.35;9.41
1787986327013136,104885,0,255,94,-0.61,0.92,5.73,4.82;37.29;0.59;4.35;39.18;-0.35;1.53;46.71;-0.59;2.94;45.45;0.35;0.25;-10.35;9.41
1787986327031338,104894,0,255,94,-0.61,0.92,5.73,4.82;37.29;0.59;4.35;39.18;-0.35;1.53;46.71;-0.59;2.94;45.45;0.35;0.25;-10.35;9.41
1787986327050617,104903,0,255,94,-0.61,0.92,5.73,4.82;37.29;0.59;4.35;39.18;-0.35;1.53;46.71;-0.59;2.94;45.45;0.35;0.25;-10.35;9.41
1787986327070879,104912,0,255,94,-0.61,0.92,5.73,4.82;37.29;0.59;4.35;39.18;-0.35;1.53;46.71;-0.59;2.94;45.45;0.35;0.25;-10.35;9.41
1787986327091456,104921,0,255,94,-0.61,0.92,5.73,4.82;37.29;0.59;4.35;39.18;-0.35;1.53;46.71;-0.59;2.94;45.45;0.35;0.25;-10.35;9.41
1787986327113506,104930,0,255,94,-0.61,0.92,5.73,4.82;37.29;0.59;4.35;39.18;-0.35;1.53;46.71;-0.59;2.94;45.45;0.35;0.25;-10.35;9.41
1787986327130675,104939,0,255,94,-0.61,0.92,5.73,4.82;37.29;0.59;4.35;39.18;-0.35;1.53;46.71;-0.59;2.94;45.45;0.35;0.25;-10.35;9.41
1787986327151371,104948,0,255,94,-0.61,0.92,5.73,4.82;37.29;0.59;4.35;39.18;-0.35;1.53;46.71;-0.59;2.94;45.45;0.35;0.25;-10.35;9.41
1787986327170499,104957,0,255,94,-0.61,0.92,5.73,4.82;37.29;0.59;4.35;39.18;-0.35;1.53;46.71;-0.59;2.94;45.45;0.35;0.25;-10.35;9.41
1787986327191208,104966,0,255,94,-0.61,0.92,5.73,4.82;37.29;0.59;4.35;39.18;-0.35;1.53;46.71;-0.59;2.94;45.45;0.35;0.25;-10.35;9.41
1787986327211020,104975,0,255,94,-0.61,0.92,5.73,4.82;37.29;0.59;4.35;39.18;-0.35;1.53;46.71;-0.59;2.94;45.45;0.35;0.25;-10.35;9.41
1787986327232261,104984,0,255,94,-0.61,0.92,5.73,4.82;37.29;0.59;4.35;39.18;-0.35;1.53;46.71;-0.59;2.94;45.45;0.35;0.25;-10.35;9.41
1787986327250884,104993,0,255,94,-0.61,0.92,5.73,4.82;37.29;0.59;4.35;39.18;-0.35;1.53;46.71;-0.59;2.94;45.45;0.35;0.25;-10.35;9.41
1787986327273235,105002,0,255,94,-0.61,0.92,5.73,4.82;37.29;0.59;4.35;39.18;-0.35;1.53;46.71;-0.59;2.94;45.45;0.35;0.25;-10.35;9.41
1787986327291375,105011,0,255,94,-0.61,0.92,5.73,4.82;37.29;0.59;4.35;39.18;-0.35;1.53;46.71;-0.59;2.94;45.45;0.35;0.25;-10.35;9.41
1787986327311555,105020,0,255,94,-0.61,0.92,5.73,4.82;37.29;0.59;4.35;39.18;-0.35;1.53;46.71;-0.59;2.94;45.45;0.35;0.25;-10.35;9.41
1787986327332373,105029,0,255,94,-0.61,0.92,5.73,4.82;37.29;0.59;4.35;39.18;-0.35;1.53;46.71;-0.59;2.94;45.45;0.35;0.25;-10.35;9.41
1787986327351686,105038,0,255,94,-0.61,0.92,5.73,4.82;37.29;0.59;4.35;39.18;-0.35;1.53;46.71;-0.59;2.94;45.45;0.35;0.25;-10.35;9.41
1787986327370595,105047,0,255,94,-0.61,0.92,5.73,4.82;37.29;0.59;4.35;39.18;-0.35;1.53;46.71;-0.59;2.94;45.45;0.35;0.25;-10.35;9.41
1787986327391182,105056,0,255,94,-0.61,0.92,5.73,4.82;37.29;0.59;4.35;39.18;-0.35;1.53;46.71;-0.59;2.94;45.45;0.35;0.25;-10.35;9.41
1787986327411392,105065,0,255,94,-0.61,0.92,5.73,4.82;37.29;0.59;4.35;39.18;-0.35;1.53;46.71;-0.59;2.94;45.45;0.35;0.25;-10.35;9.41
1787986327430993,105074,0,255,94,-0.61,0.92,5.73,4.82;37.29;0.59;4.35;39.18;-0.35;1.53;46.71;-0.59;2.94;45.45;0.35;0.25;-10.35;9.41
1787986327454411,105083,0,255,94,-0.61,0.92,5.73,4.82;37.29;0.59;4.35;39.18;-0.35;1.53;46.71;-0.59;2.94;45.45;0.35;0.25;-10.35;9.41
1787986327471085,105092,0,255,94,-0.61,0.92,5.73,4.82;37.29;0.59;4.35;39.18;-0.35;1.53;46.71;-0.59;2.94;45.45;0.35;0.25;-10.35;9.41
1787986327490155,105101,0,255,94,-0.61,0.92,5.73,4.82;37.29;0.59;4.35;39.18;-0.35;1.53;46.71;-0.59;2.94;45.45;0.35;0.25;-10.35;9.41
1787986327511370,105110,0,255,94,-0.61,0.92,5.73,4.82;37.29;0.59;4.35;39.18;-0.35;1.53;46.71;-0.59;2.94;45.45;0.35;0.25;-10.35;9.41
1787986327530597,105119,0,255,94,-0.61,0.92,5.73,4.82;37.29;0.59;4.35;39.18;-0.35;1.53;46.71;-0.59;2.94;45.45;0.35;0.25;-10.35;9.41
1787986327550977,105128,0,255,94,-0.61,0.92,5.73,4.82;37.29;0.59;4.35;39.18;-0.35;1.53;46.71;-0.59;2.94;45.45;0.35;0.25;-10.35;9.41
1787986327570388,105137,0,255,94,-0.61,0.92,5.73,4.82;37.29;0.59;4.35;39.18;-0.35;1.53;46.71;-0.59;2.94;45.45;0.35;0.25;-10.35;9.41
1787986327590713,105146,0,255,94,-0.61,0.92,5.73,4.82;37.29;0.59;4.35;39.18;-0.35;1.53;46.71;-0.59;2.94;45.45;0.35;0.25;-10.35;9.41
1787986327612029,105155,0,255,94,-0.61,0.92,5.73,4.82;37.29;0.59;4.35;39.18;-0.35;1.53;46.71;-0.59;2.94;45.45;0.35;0.25;-10.35;9.41
1787986327630209,105164,0,255,94,-0.61,0.92,5.73,4.82;37.29;0.59;4.35;39.18;-0.35;1.53;46.71;-0.59;2.94;45.45;0.35;0.25;-10.35;9.41
1787986327650583,105173,0,255,94,-0.61,0.92,5.73,4.82;37.29;0.59;4.35;39.18;-0.35;1.53;46.71;-0.59;2.94;45.45;0.35;0.25;-10.35;9.41
1787986327672058,105182,0,255,94,-0.61,0.92,5.73,4.82;37.29;0.59;4.35;39.18;-0.35;1.53;46.71;-0.59;2.94;45.45;0.35;0.25;-10.35;9.41
1787986327690183,105191,0,255,94,-0.61,0.92,5.73,4.82;37.29;0.59;4.35;39.18;-0.35;1.53;46.71;-0.59;2.94;45.45;0.35;0.25;-10.35;9.41
1787986327710372,105200,0,255,94,-0.61,0.92,5.73,4.82;37.29;0.59;4.35;39.18;-0.35;1.53;46.71;-0.59;2.94;45.45;0.35;0.25;-10.35;9.41
1787986327730921,105209,0,255,94,-0.61,0.92,5.73,4.82;37.29;0.59;4.35;39.18;-0.35;1.53;46.71;-0.59;2.94;45.45;0.35;0.25;-10.35;9.41
1787986327750971,105218,0,255,94,-0.61,0.92,5.73,4.82;37.29;0.59;4.35;39.18;-0.35;1.53;46.71;-0.59;2.94;45.45;0.35;0.25;-10.35;9.41
1787986327771660,105227,0,255,94,-0.61,0.92,5.73,4.82;37.29;0.59;4.35;39.18;-0.35;1.53;46.71;-0.59;2.94;45.45;0.35;0.25;-10.35;9.41
1787986327790537,105236,0,255,94,-0.61,0.92,5.73,4.82;37.29;0.59;4.35;39.18;-0.35;1.53;46.71;-0.59;2.94;45.45;0.35;0.25;-10.35;9.41
1787986327811848,105246,0,255,94,-0.61,0.92,5.73,4.82;37.29;0.59;4.35;39.18;-0.35;1.53;46.71;-0.59;2.94;45.45;0.35;0.25;-10.35;9.41
1787986327832738,105255,0,255,94,0.3,-2.34,3.7,3.88;39.18;0.59;3.88;39.8;0.59;3.41;46.08;0.59;2.94;45.45;0.82;0.25;-10.86;8.65
1787986327850317,105264,0,255,94,0.3,-2.34,3.7,3.88;39.18;0.59;3.88;39.8;0.59;3.41;46.08;0.59;2.94;45.45;0.82;0.25;-10.86;8.65
1787986327870517,105273,0,255,94,0.3,-2.34,3.7,3.88;39.18;0.59;3.88;39.8;0.59;3.41;46.08;0.59;2.94;45.45;0.82;0.25;-10.86;8.65
1787986327891848,105282,0,255,94,0.3,-2.34,3.7,3.88;39.18;0.59;3.88;39.8;0.59;3.41;46.08;0.59;2.94;45.45;0.82;0.25;-10.86;8.65
1787986327910952,105291,0,255,94,0.3,-2.34,3.7,3.88;39.18;0.59;3.88;39.8;0.59;3.41;46.08;0.59;2.94;45.45;0.82;0.25;-10.86;8.65
1787986327932462,105300,0,255,94,0.3,-2.34,3.7,3.88;39.18;0.59;3.88;39.8;0.59;3.41;46.08;0.59;2.94;45.45;0.82;0.25;-10.86;8.65
1787986327952187,105309,0,255,94,0.3,-2.34,3.7,3.88;39.18;0.59;3.88;39.8;0.59;3.41;46.08;0.59;2.94;45.45;0.82;0.25;-10.86;8.65
1787986327970570,105318,0,255,94,0.3,-2.34,3.7,3.88;39.18;0.59;3.88;39.8;0.59;3.41;46.08;0.59;2.94;45.45;0.82;0.25;-10.86;8.65
1787986327991151,105327,0,255,94,0.3,-2.34,3.7,3.88;39.18;0.59;3.88;39.8;0.59;3.41;46.08;0.59;2.94;45.45;0.82;0.25;-10.86;8.65
1787986328010360,105336,0,255,94,0.3,-2.34,3.7,3.88;39.18;0.59;3.88;39.8;0.59;3.41;46.08;0.59;2.94;45.45;0.82;0.25;-10.86;8.65
1787986328030615,105345,0,255,94,0.3,-2.34,3.7,3.88;39.18;0.59;3.88;39.8;0.59;3.41;46.08;0.59;2.94;45.45;0.82;0.25;-10.86;8.65
1787986328051160,105354,0,255,94,0.3,-2.34,3.7,3.88;39.18;0.59;3.88;39.8;0.59;3.41;46.08;0.59;2.94;45.45;0.82;0.25;-10.86;8.65
1787986328071529,105363,0,255,94,0.3,-2.34,3.7,3.88;39.18;0.59;3.88;39.8;0.59;3.41;46.08;0.59;2.94;45.45;0.82;0.25;-10.86;8.65
1787986328090361,105372,0,255,94,0.3,-2.34,3.7,3.88;39.18;0.59;3.88;39.8;0.59;3.41;46.08;0.59;2.94;45.45;0.82;0.25;-10.86;8.65
1787986328112702,105381,0,255,94,0.3,-2.34,3.7,3.88;39.18;0.59;3.88;39.8;0.59;3.41;46.08;0.59;2.94;45.45;0.82;0.25;-10.86;8.65
1787986328131998,105390,0,255,94,0.3,-2.34,3.7,3.88;39.18;0.59;3.88;39.8;0.59;3.41;46.08;0.59;2.94;45.45;0.82;0.25;-10.86;8.65
1787986328150471,105399,0,255,94,0.3,-2.34,3.7,3.88;39.18;0.59;3.88;39.8;0.59;3.41;46.08;0.59;2.94;45.45;0.82;0.25;-10.86;8.65
1787986328170389,105408,0,255,94,0.3,-2.34,3.7,3.88;39.18;0.59;3.88;39.8;0.59;3.41;46.08;0.59;2.94;45.45;0.82;0.25;-10.86;8.65
1787986328189944,105417,0,255,94,0.3,-2.34,3.7,3.88;39.18;0.59;3.88;39.8;0.59;3.41;46.08;0.59;2.94;45.45;0.82;0.25;-10.86;8.65
1787986328212567,105426,0,255,94,0.3,-2.34,3.7,3.88;39.18;0.59;3.88;39.8;0.59;3.41;46.08;0.59;2.94;45.45;0.82;0.25;-10.86;8.65
1787986328230430,105435,0,255,94,0.3,-2.34,3.7,3.88;39.18;0.59;3.88;39.8;0.59;3.41;46.08;0.59;2.94;45.45;0.82;0.25;-10.86;8.65
1787986328251838,105444,0,255,94,0.3,-2.34,3.7,3.88;39.18;0.59;3.88;39.8;0.59;3.41;46.08;0.59;2.94;45.45;0.82;0.25;-10.86;8.65
1787986328273574,105453,0,255,94,0.3,-2.34,3.7,3.88;39.18;0.59;3.88;39.8;0.59;3.41;46.08;0.59;2.94;45.45;0.82;0.25;-10.86;8.65
1787986328290708,105462,0,255,94,0.3,-2.34,3.7,3.88;39.18;0.59;3.88;39.8;0.59;3.41;46.08;0.59;2.94;45.45;0.82;0.25;-10.86;8.65
1787986328311790,105471,0,255,94,0.3,-2.34,3.7,3.88;39.18;0.59;3.88;39.8;0.59;3.41;46.08;0.59;2.94;45.45;0.82;0.25;-10.86;8.65
1787986328331974,105480,0,255,94,0.3,-2.34,3.7,3.88;39.18;0.59;3.88;39.8;0.59;3.41;46.08;0.59;2.94;45.45;0.82;0.25;-10.86;8.65
1787986328351205,105489,0,255,94,0.3,-2.34,3.7,3.88;39.18;0.59;3.88;39.8;0.59;3.41;46.08;0.59;2.94;45.45;0.82;0.25;-10.86;8.65
1787986328372335,105498,0,255,94,0.3,-2.34,3.7,3.88;39.18;0.59;3.88;39.8;0.59;3.41;46.08;0.59;2.94;45.45;0.82;0.25;-10.86;8.65
1787986328391646,105507,0,255,94,0.3,-2.34,3.7,3.88;39.18;0.59;3.88;39.8;0.59;3.41;46.08;0.59;2.94;45.45;0.82;0.25;-10.86;8.65
1787986328411336,105516,0,255,94,0.3,-2.34,3.7,3.88;39.18;0.59;3.88;39.8;0.59;3.41;46.08;0.59;2.94;45.45;0.82;0.25;-10.86;8.65
1787986328430377,105525,0,255,94,0.3,-2.34,3.7,3.88;39.18;0.59;3.88;39.8;0.59;3.41;46.08;0.59;2.94;45.45;0.82;0.25;-10.86;8.65
1787986328449854,105534,0,255,94,0.3,-2.34,3.7,3.88;39.18;0.59;3.88;39.8;0.59;3.41;46.08;0.59;2.94;45.45;0.82;0.25;-10.86;8.65
1787986328472895,105543,0,255,94,0.3,-2.34,3.7,3.88;39.18;0.59;3.88;39.8;0.59;3.41;46.08;0.59;2.94;45.45;0.82;0.25;-10.86;8.65
1787986328491421,105552,0,255,94,0.3,-2.34,3.7,3.88;39.18;0.59;3.88;39.8;0.59;3.41;46.08;0.59;2.94;45.45;0.82;0.25;-10.86;8.65
1787986328512727,105561,0,255,94,0.3,-2.34,3.7,3.88;39.18;0.59;3.88;39.8;0.59;3.41;46.08;0.59;2.94;45.45;0.82;0.25;-10.86;8.65
1787986328529922,105570,0,255,94,0.3,-2.34,3.7,3.88;39.18;0.59;3.88;39.8;0.59;3.41;46.08;0.59;2.94;45.45;0.82;0.25;-10.86;8.65
1787986328553434,105579,0,255,94,0.3,-2.34,3.7,3.88;39.18;0.59;3.88;39.8;0.59;3.41;46.08;0.59;2.94;45.45;0.82;0.25;-10.86;8.65
1787986328570798,105588,0,255,94,0.3,-2.34,3.7,3.88;39.18;0.59;3.88;39.8;0.59;3.41;46.08;0.59;2.94;45.45;0.82;0.25;-10.86;8.65
1787986328590392,105597,0,255,94,0.3,-2.34,3.7,3.88;39.18;0.59;3.88;39.8;0.59;3.41;46.08;0.59;2.94;45.45;0.82;0.25;-10.86;8.65
1787986328610988,105606,0,255,94,0.3,-2.34,3.7,3.88;39.18;0.59;3.88;39.8;0.59;3.41;46.08;0.59;2.94;45.45;0.82;0.25;-10.86;8.65
1787986328630728,105615,0,255,94,0.3,-2.34,3.7,3.88;39.18;0.59;3.88;39.8;0.59;3.41;46.08;0.59;2.94;45.45;0.82;0.25;-10.86;8.65
1787986328650390,105624,0,255,94,0.3,-2.34,3.7,3.88;39.18;0.59;3.88;39.8;0.59;3.41;46.08;0.59;2.94;45.45;0.82;0.25;-10.86;8.65
1787986328670419,105633,0,255,94,0.3,-2.34,3.7,3.88;39.18;0.59;3.88;39.8;0.59;3.41;46.08;0.59;2.94;45.45;0.82;0.25;-10.86;8.65
1787986328691641,105642,0,255,94,0.3,-2.34,3.7,3.88;39.18;0.59;3.88;39.8;0.59;3.41;46.08;0.59;2.94;45.45;0.82;0.25;-10.86;8.65
1787986328712715,105651,0,255,94,0.3,-2.34,3.7,3.88;39.18;0.59;3.88;39.8;0.59;3.41;46.08;0.59;2.94;45.45;0.82;0.25;-10.86;8.65
1787986328731021,105660,0,255,94,0.3,-2.34,3.7,3.88;39.18;0.59;3.88;39.8;0.59;3.41;46.08;0.59;2.94;45.45;0.82;0.25;-10.86;8.65
1787986328752164,105669,0,255,94,0.3,-2.34,3.7,3.88;39.18;0.59;3.88;39.8;0.59;3.41;46.08;0.59;2.94;45.45;0.82;0.25;-10.86;8.65
1787986328770955,105678,0,255,94,0.3,-2.34,3.7,3.88;39.18;0.59;3.88;39.8;0.59;3.41;46.08;0.59;2.94;45.45;0.82;0.25;-10.86;8.65
1787986328790831,105687,0,255,94,0.3,-2.34,3.7,3.88;39.18;0.59;3.88;39.8;0.59;3.41;46.08;0.59;2.94;45.45;0.82;0.25;-10.86;8.65
1787986328811718,105697,0,255,94,0.3,-2.34,3.7,3.88;39.18;0.59;3.88;39.8;0.59;3.41;46.08;0.59;2.94;45.45;0.82;0.25;-10.86;8.65
1787986328830959,105706,0,255,93,-0.36,0.11,3.71,3.88;39.18;0.59;3.88;39.18;0.82;3.41;46.08;0.59;3.41;45.45;0.82;0.25;-10.86;9.41
1787986328850660,105715,0,255,93,-0.36,0.11,3.71,3.88;39.18;0.59;3.88;39.18;0.82;3.41;46.08;0.59;3.41;45.45;0.82;0.25;-10.86;9.41
1787986328870551,105724,0,255,93,-0.36,0.11,3.71,3.88;39.18;0.59;3.88;39.18;0.82;3.41;46.08;0.59;3.41;45.45;0.82;0.25;-10.86;9.41
1787986328891282,105733,0,255,93,-0.36,0.11,3.71,3.88;39.18;0.59;3.88;39.18;0.82;3.41;46.08;0.59;3.41;45.45;0.82;0.25;-10.86;9.41
1787986328910319,105742,0,255,93,-0.36,0.11,3.71,3.88;39.18;0.59;3.88;39.18;0.82;3.41;46.08;0.59;3.41;45.45;0.82;0.25;-10.86;9.41
1787986328932106,105751,0,255,93,-0.36,0.11,3.71,3.88;39.18;0.59;3.88;39.18;0.82;3.41;46.08;0.59;3.41;45.45;0.82;0.25;-10.86;9.41
1787986328950237,105760,0,255,93,-0.36,0.11,3.71,3.88;39.18;0.59;3.88;39.18;0.82;3.41;46.08;0.59;3.41;45.45;0.82;0.25;-10.86;9.41
1787986328972111,105769,0,255,93,-0.36,0.11,3.71,3.88;39.18;0.59;3.88;39.18;0.82;3.41;46.08;0.59;3.41;45.45;0.82;0.25;-10.86;9.41
1787986328991667,105778,0,255,93,-0.36,0.11,3.71,3.88;39.18;0.59;3.88;39.18;0.82;3.41;46.08;0.59;3.41;45.45;0.82;0.25;-10.86;9.41
1787986329010394,105787,0,255,93,-0.36,0.11,3.71,3.88;39.18;0.59;3.88;39.18;0.82;3.41;46.08;0.59;3.41;45.45;0.82;0.25;-10.86;9.41
1787986329029999,105796,0,255,93,-0.36,0.11,3.71,3.88;39.18;0.59;3.88;39.18;0.82;3.41;46.08;0.59;3.41;45.45;0.82;0.25;-10.86;9.41
1787986329051289,105805,0,255,93,-0.36,0.11,3.71,3.88;39.18;0.59;3.88;39.18;0.82;3.41;46.08;0.59;3.41;45.45;0.82;0.25;-10.86;9.41
1787986329072592,105814,0,255,93,-0.36,0.11,3.71,3.88;39.18;0.59;3.88;39.18;0.82;3.41;46.08;0.59;3.41;45.45;0.82;0.25;-10.86;9.41
1787986329091480,105823,0,255,93,-0.36,0.11,3.71,3.88;39.18;0.59;3.88;39.18;0.82;3.41;46.08;0.59;3.41;45.45;0.82;0.25;-10.86;9.41
1787986329110696,105832,0,255,93,-0.36,0.11,3.71,3.88;39.18;0.59;3.88;39.18;0.82;3.41;46.08;0.59;3.41;45.45;0.82;0.25;-10.86;9.41
1787986329131020,105841,0,255,93,-0.36,0.11,3.71,3.88;39.18;0.59;3.88;39.18;0.82;3.41;46.08;0.59;3.41;45.45;0.82;0.25;-10.86;9.41
1787986329151265,105850,0,255,93,-0.36,0.11,3.71,3.88;39.18;0.59;3.88;39.18;0.82;3.41;46.08;0.59;3.41;45.45;0.82;0.25;-10.86;9.41
1787986329170144,105859,0,255,93,-0.36,0.11,3.71,3.88;39.18;0.59;3.88;39.18;0.82;3.41;46.08;0.59;3.41;45.45;0.82;0.25;-10.86;9.41
1787986329190982,105868,0,255,93,-0.36,0.11,3.71,3.88;39.18;0.59;3.88;39.18;0.82;3.41;46.08;0.59;3.41;45.45;0.82;0.25;-10.86;9.41
1787986329211720,105877,0,255,93,-0.36,0.11,3.71,3.88;39.18;0.59;3.88;39.18;0.82;3.41;46.08;0.59;3.41;45.45;0.82;0.25;-10.86;9.41
1787986329230118,105886,0,255,93,-0.36,0.11,3.71,3.88;39.18;0.59;3.88;39.18;0.82;3.41;46.08;0.59;3.41;45.45;0.82;0.25;-10.86;9.41
1787986329250460,105895,0,255,93,-0.36,0.11,3.71,3.88;39.18;0.59;3.88;39.18;0.82;3.41;46.08;0.59;3.41;45.45;0.82;0.25;-10.86;9.41
1787986329271464,105904,0,255,93,-0.36,0.11,3.71,3.88;39.18;0.59;3.88;39.18;0.82;3.41;46.08;0.59;3.41;45.45;0.82;0.25;-10.86;9.41
1787986329292025,105913,0,255,93,-0.36,0.11,3.71,3.88;39.18;0.59;3.88;39.18;0.82;3.41;46.08;0.59;3.41;45.45;0.82;0.25;-10.86;9.41
1787986329310841,105922,0,255,93,-0.36,0.11,3.71,3.88;39.18;0.59;3.88;39.18;0.82;3.41;46.08;0.59;3.41;45.45;0.82;0.25;-10.86;9.41
1787986329331485,105931,0,255,93,-0.36,0.11,3.71,3.88;39.18;0.59;3.88;39.18;0.82;3.41;46.08;0.59;3.41;45.45;0.82;0.25;-10.86;9.41
1787986329351351,105940,0,255,93,-0.36,0.11,3.71,3.88;39.18;0.59;3.88;39.18;0.82;3.41;46.08;0.59;3.41;45.45;0.82;0.25;-10.86;9.41
1787986329371876,105949,0,255,93,-0.36,0.11,3.71,3.88;39.18;0.59;3.88;39.18;0.82;3.41;46.08;0.59;3.41;45.45;0.82;0.25;-10.86;9.41
1787986329391280,105958,0,255,93,-0.36,0.11,3.71,3.88;39.18;0.59;3.88;39.18;0.82;3.41;46.08;0.59;3.41;45.45;0.82;0.25;-10.86;9.41
1787986329414398,105967,0,255,93,-0.36,0.11,3.71,3.88;39.18;0.59;3.88;39.18;0.82;3.41;46.08;0.59;3.41;45.45;0.82;0.25;-10.86;9.41
1787986329431718,105976,0,255,93,-0.36,0.11,3.71,3.88;39.18;0.59;3.88;39.18;0.82;3.41;46.08;0.59;3.41;45.45;0.82;0.25;-10.86;9.41
1787986329451150,105985,0,255,93,-0.36,0.11,3.71,3.88;39.18;0.59;3.88;39.18;0.82;3.41;46.08;0.59;3.41;45.45;0.82;0.25;-10.86;9.41
1787986329469935,105994,0,255,93,-0.36,0.11,3.71,3.88;39.18;0.59;3.88;39.18;0.82;3.41;46.08;0.59;3.41;45.45;0.82;0.25;-10.86;9.41
1787986329492251,106003,0,255,93,-0.36,0.11,3.71,3.88;39.18;0.59;3.88;39.18;0.82;3.41;46.08;0.59;3.41;45.45;0.82;0.25;-10.86;9.41
1787986329511659,106012,0,255,93,-0.36,0.11,3.71,3.88;39.18;0.59;3.88;39.18;0.82;3.41;46.08;0.59;3.41;45.45;0.82;0.25;-10.86;9.41
1787986329532930,106021,0,255,93,-0.36,0.11,3.71,3.88;39.18;0.59;3.88;39.18;0.82;3.41;46.08;0.59;3.41;45.45;0.82;0.25;-10.86;9.41
1787986329552000,106030,0,255,93,-0.36,0.11,3.71,3.88;39.18;0.59;3.88;39.18;0.82;3.41;46.08;0.59;3.41;45.45;0.82;0.25;-10.86;9.41
1787986329573946,106039,0,255,93,-0.36,0.11,3.71,3.88;39.18;0.59;3.88;39.18;0.82;3.41;46.08;0.59;3.41;45.45;0.82;0.25;-10.86;9.41
1787986329593184,106048,0,255,93,-0.36,0.11,3.71,3.88;39.18;0.59;3.88;39.18;0.82;3.41;46.08;0.59;3.41;45.45;0.82;0.25;-10.86;9.41
1787986329612139,106057,0,255,93,-0.36,0.11,3.71,3.88;39.18;0.59;3.88;39.18;0.82;3.41;46.08;0.59;3.41;45.45;0.82;0.25;-10.86;9.41
1787986329633235,106066,0,255,93,-0.36,0.11,3.71,3.88;39.18;0.59;3.88;39.18;0.82;3.41;46.08;0.59;3.41;45.45;0.82;0.25;-10.86;9.41
1787986329652483,106075,0,255,93,-0.36,0.11,3.71,3.88;39.18;0.59;3.88;39.18;0.82;3.41;46.08;0.59;3.41;45.45;0.82;0.25;-10.86;9.41
1787986329674938,106084,0,255,93,-0.36,0.11,3.71,3.88;39.18;0.59;3.88;39.18;0.82;3.41;46.08;0.59;3.41;45.45;0.82;0.25;-10.86;9.41
1787986329692752,106093,0,255,93,-0.36,0.11,3.71,3.88;39.18;0.59;3.88;39.18;0.82;3.41;46.08;0.59;3.41;45.45;0.82;0.25;-10.86;9.41
1787986329715536,106102,0,255,93,-0.36,0.11,3.71,3.88;39.18;0.59;3.88;39.18;0.82;3.41;46.08;0.59;3.41;45.45;0.82;0.25;-10.86;9.41
1787986329732079,106111,0,255,93,-0.36,0.11,3.71,3.88;39.18;0.59;3.88;39.18;0.82;3.41;46.08;0.59;3.41;45.45;0.82;0.25;-10.86;9.41
1787986329751702,106120,0,255,93,-0.36,0.11,3.71,3.88;39.18;0.59;3.88;39.18;0.82;3.41;46.08;0.59;3.41;45.45;0.82;0.25;-10.86;9.41
1787986329770182,106129,0,255,93,-0.36,0.11,3.71,3.88;39.18;0.59;3.88;39.18;0.82;3.41;46.08;0.59;3.41;45.45;0.82;0.25;-10.86;9.41
1787986329790322,106138,0,255,93,-0.36,0.11,3.71,3.88;39.18;0.59;3.88;39.18;0.82;3.41;46.08;0.59;3.41;45.45;0.82;0.25;-10.86;9.41
1787986329811856,106148,0,255,93,-0.36,0.11,3.71,3.88;39.18;0.59;3.88;39.18;0.82;3.41;46.08;0.59;3.41;45.45;0.82;0.25;-10.86;9.41
1787986329831083,106157,0,255,93,-0.36,0.11,3.71,3.88;39.18;0.59;3.88;39.18;0.82;3.41;46.08;0.59;3.41;45.45;0.82;0.25;-10.86;9.41
1787986329850794,106166,0,255,94,-1.86,0.72,2.9,4.35;37.29;0.59;-0.82;46.08;-0.82;2.94;45.45;1.76;2.94;46.71;0.59;0.25;-10.86;8.65
1787986329870914,106175,0,255,94,-1.86,0.72,2.9,4.35;37.29;0.59;-0.82;46.08;-0.82;2.94;45.45;1.76;2.94;46.71;0.59;0.25;-10.86;8.65
1787986329891343,106184,0,255,94,-1.86,0.72,2.9,4.35;37.29;0.59;-0.82;46.08;-0.82;2.94;45.45;1.76;2.94;46.71;0.59;0.25;-10.86;8.65
1787986329910641,106193,0,255,94,-1.86,0.72,2.9,4.35;37.29;0.59;-0.82;46.08;-0.82;2.94;45.45;1.76;2.94;46.71;0.59;0.25;-10.86;8.65
1787986329931715,106202,0,255,94,-1.86,0.72,2.9,4.35;37.29;0.59;-0.82;46.08;-0.82;2.94;45.45;1.76;2.94;46.71;0.59;0.25;-10.86;8.65
1787986329952200,106211,0,255,94,-1.86,0.72,2.9,4.35;37.29;0.59;-0.82;46.08;-0.82;2.94;45.45;1.76;2.94;46.71;0.59;0.25;-10.86;8.65
1787986329971714,106220,0,255,94,-1.86,0.72,2.9,4.35;37.29;0.59;-0.82;46.08;-0.82;2.94;45.45;1.76;2.94;46.71;0.59;0.25;-10.86;8.65
1787986329991384,106229,0,255,94,-1.86,0.72,2.9,4.35;37.29;0.59;-0.82;46.08;-0.82;2.94;45.45;1.76;2.94;46.71;0.59;0.25;-10.86;8.65
1787986330011480,106238,0,255,94,-1.86,0.72,2.9,4.35;37.29;0.59;-0.82;46.08;-0.82;2.94;45.45;1.76;2.94;46.71;0.59;0.25;-10.86;8.65
1787986330030856,106247,0,255,94,-1.86,0.72,2.9,4.35;37.29;0.59;-0.82;46.08;-0.82;2.94;45.45;1.76;2.94;46.71;0.59;0.25;-10.86;8.65
1787986330051364,106256,0,255,94,-1.86,0.72,2.9,4.35;37.29;0.59;-0.82;46.08;-0.82;2.94;45.45;1.76;2.94;46.71;0.59;0.25;-10.86;8.65
1787986330071240,106265,0,255,94,-1.86,0.72,2.9,4.35;37.29;0.59;-0.82;46.08;-0.82;2.94;45.45;1.76;2.94;46.71;0.59;0.25;-10.86;8.65
1787986330094407,106274,0,255,94,-1.86,0.72,2.9,4.35;37.29;0.59;-0.82;46.08;-0.82;2.94;45.45;1.76;2.94;46.71;0.59;0.25;-10.86;8.65
1787986330111093,106283,0,255,94,-1.86,0.72,2.9,4.35;37.29;0.59;-0.82;46.08;-0.82;2.94;45.45;1.76;2.94;46.71;0.59;0.25;-10.86;8.65
1787986330130489,106292,0,255,94,-1.86,0.72,2.9,4.35;37.29;0.59;-0.82;46.08;-0.82;2.94;45.45;1.76;2.94;46.71;0.59;0.25;-10.86;8.65
1787986330151836,106301,0,255,94,-1.86,0.72,2.9,4.35;37.29;0.59;-0.82;46.08;-0.82;2.94;45.45;1.76;2.94;46.71;0.59;0.25;-10.86;8.65
1787986330169962,106310,0,255,94,-1.86,0.72,2.9,4.35;37.29;0.59;-0.82;46.08;-0.82;2.94;45.45;1.76;2.94;46.71;0.59;0.25;-10.86;8.65
1787986330190981,106319,0,255,94,-1.86,0.72,2.9,4.35;37.29;0.59;-0.82;46.08;-0.82;2.94;45.45;1.76;2.94;46.71;0.59;0.25;-10.86;8.65
1787986330210253,106328,0,255,94,-1.86,0.72,2.9,4.35;37.29;0.59;-0.82;46.08;-0.82;2.94;45.45;1.76;2.94;46.71;0.59;0.25;-10.86;8.65
1787986330231002,106337,0,255,94,-1.86,0.72,2.9,4.35;37.29;0.59;-0.82;46.08;-0.82;2.94;45.45;1.76;2.94;46.71;0.59;0.25;-10.86;8.65
1787986330250988,106346,0,255,94,-1.86,0.72,2.9,4.35;37.29;0.59;-0.82;46.08;-0.82;2.94;45.45;1.76;2.94;46.71;0.59;0.25;-10.86;8.65
1787986330271048,106355,0,255,94,-1.86,0.72,2.9,4.35;37.29;0.59;-0.82;46.08;-0.82;2.94;45.45;1.76;2.94;46.71;0.59;0.25;-10.86;8.65
1787986330291028,106364,0,255,94,-1.86,0.72,2.9,4.35;37.29;0.59;-0.82;46.08;-0.82;2.94;45.45;1.76;2.94;46.71;0.59;0.25;-10.86;8.65
1787986330312242,106373,0,255,94,-1.86,0.72,2.9,4.35;37.29;0.59;-0.82;46.08;-0.82;2.94;45.45;1.76;2.94;46.71;0.59;0.25;-10.86;8.65
1787986330331086,106382,0,255,94,-1.86,0.72,2.9,4.35;37.29;0.59;-0.82;46.08;-0.82;2.94;45.45;1.76;2.94;46.71;0.59;0.25;-10.86;8.65
1787986330350881,106391,0,255,94,-1.86,0.72,2.9,4.35;37.29;0.59;-0.82;46.08;-0.82;2.94;45.45;1.76;2.94;46.71;0.59;0.25;-10.86;8.65
1787986330373035,106400,0,255,94,-1.86,0.72,2.9,4.35;37.29;0.59;-0.82;46.08;-0.82;2.94;45.45;1.76;2.94;46.71;0.59;0.25;-10.86;8.65
1787986330391588,106409,0,255,94,-1.86,0.72,2.9,4.35;37.29;0.59;-0.82;46.08;-0.82;2.94;45.45;1.76;2.94;46.71;0.59;0.25;-10.86;8.65
1787986330411292,106418,0,255,94,-1.86,0.72,2.9,4.35;37.29;0.59;-0.82;46.08;-0.82;2.94;45.45;1.76;2.94;46.71;0.59;0.25;-10.86;8.65
1787986330431539,106427,0,255,94,-1.86,0.72,2.9,4.35;37.29;0.59;-0.82;46.08;-0.82;2.94;45.45;1.76;2.94;46.71;0.59;0.25;-10.86;8.65
1787986330450223,106436,0,255,94,-1.86,0.72,2.9,4.35;37.29;0.59;-0.82;46.08;-0.82;2.94;45.45;1.76;2.94;46.71;0.59;0.25;-10.86;8.65
1787986330471030,106445,0,255,94,-1.86,0.72,2.9,4.35;37.29;0.59;-0.82;46.08;-0.82;2.94;45.45;1.76;2.94;46.71;0.59;0.25;-10.86;8.65
1787986330492102,106454,0,255,94,-1.86,0.72,2.9,4.35;37.29;0.59;-0.82;46.08;-0.82;2.94;45.45;1.76;2.94;46.71;0.59;0.25;-10.86;8.65
1787986330510236,106463,0,255,94,-1.86,0.72,2.9,4.35;37.29;0.59;-0.82;46.08;-0.82;2.94;45.45;1.76;2.94;46.71;0.59;0.25;-10.86;8.65
1787986330530994,106472,0,255,94,-1.86,0.72,2.9,4.35;37.29;0.59;-0.82;46.08;-0.82;2.94;45.45;1.76;2.94;46.71;0.59;0.25;-10.86;8.65
1787986330550109,106481,0,255,94,-1.86,0.72,2.9,4.35;37.29;0.59;-0.82;46.08;-0.82;2.94;45.45;1.76;2.94;46.71;0.59;0.25;-10.86;8.65
1787986330570339,106490,0,255,94,-1.86,0.72,2.9,4.35;37.29;0.59;-0.82;46.08;-0.82;2.94;45.45;1.76;2.94;46.71;0.59;0.25;-10.86;8.65
1787986330592879,106499,0,255,94,-1.86,0.72,2.9,4.35;37.29;0.59;-0.82;46.08;-0.82;2.94;45.45;1.76;2.94;46.71;0.59;0.25;-10.86;8.65
1787986330610264,106508,0,255,94,-1.86,0.72,2.9,4.35;37.29;0.59;-0.82;46.08;-0.82;2.94;45.45;1.76;2.94;46.71;0.59;0.25;-10.86;8.65
1787986330631364,106517,0,255,94,-1.86,0.72,2.9,4.35;37.29;0.59;-0.82;46.08;-0.82;2.94;45.45;1.76;2.94;46.71;0.59;0.25;-10.86;8.65
1787986330661739,106526,0,255,94,-1.86,0.72,2.9,4.35;37.29;0.59;-0.82;46.08;-0.82;2.94;45.45;1.76;2.94;46.71;0.59;0.25;-10.86;8.65
1787986330670685,106535,0,255,94,-1.86,0.72,2.9,4.35;37.29;0.59;-0.82;46.08;-0.82;2.94;45.45;1.76;2.94;46.71;0.59;0.25;-10.86;8.65
1787986330690369,106544,0,255,94,-1.86,0.72,2.9,4.35;37.29;0.59;-0.82;46.08;-0.82;2.94;45.45;1.76;2.94;46.71;0.59;0.25;-10.86;8.65
1787986330710912,106553,0,255,94,-1.86,0.72,2.9,4.35;37.29;0.59;-0.82;46.08;-0.82;2.94;45.45;1.76;2.94;46.71;0.59;0.25;-10.86;8.65
1787986330730783,106562,0,255,94,-1.86,0.72,2.9,4.35;37.29;0.59;-0.82;46.08;-0.82;2.94;45.45;1.76;2.94;46.71;0.59;0.25;-10.86;8.65
1787986330752360,106571,0,255,94,-1.86,0.72,2.9,4.35;37.29;0.59;-0.82;46.08;-0.82;2.94;45.45;1.76;2.94;46.71;0.59;0.25;-10.86;8.65
1787986330771926,106580,0,255,94,-1.86,0.72,2.9,4.35;37.29;0.59;-0.82;46.08;-0.82;2.94;45.45;1.76;2.94;46.71;0.59;0.25;-10.86;8.65
1787986330791553,106589,0,255,94,-1.86,0.72,2.9,4.35;37.29;0.59;-0.82;46.08;-0.82;2.94;45.45;1.76;2.94;46.71;0.59;0.25;-10.86;8.65
1787986330815295,106599,0,255,94,-1.86,0.72,2.9,4.35;37.29;0.59;-0.82;46.08;-0.82;2.94;45.45;1.76;2.94;46.71;0.59;0.25;-10.86;8.65
1787986330831132,106608,0,255,94,0.04,0.55,0.54,4.35;39.18;0.35;2.94;38.55;0.35;2.94;45.45;-0.35;3.41;46.71;0.35;-0.25;-10.86;9.41
1787986330850936,106617,0,255,94,0.04,0.55,0.54,4.35;39.18;0.35;2.94;38.55;0.35;2.94;45.45;-0.35;3.41;46.71;0.35;-0.25;-10.86;9.41
1787986330873026,106626,0,255,94,0.04,0.55,0.54,4.35;39.18;0.35;2.94;38.55;0.35;2.94;45.45;-0.35;3.41;46.71;0.35;-0.25;-10.86;9.41
1787986330890850,106635,0,255,94,0.04,0.55,0.54,4.35;39.18;0.35;2.94;38.55;0.35;2.94;45.45;-0.35;3.41;46.71;0.35;-0.25;-10.86;9.41
1787986330910407,106644,0,255,94,0.04,0.55,0.54,4.35;39.18;0.35;2.94;38.55;0.35;2.94;45.45;-0.35;3.41;46.71;0.35;-0.25;-10.86;9.41
1787986330932752,106653,0,255,94,0.04,0.55,0.54,4.35;39.18;0.35;2.94;38.55;0.35;2.94;45.45;-0.35;3.41;46.71;0.35;-0.25;-10.86;9.41
1787986330950869,106662,0,255,94,0.04,0.55,0.54,4.35;39.18;0.35;2.94;38.55;0.35;2.94;45.45;-0.35;3.41;46.71;0.35;-0.25;-10.86;9.41
1787986330972395,106671,0,255,94,0.04,0.55,0.54,4.35;39.18;0.35;2.94;38.55;0.35;2.94;45.45;-0.35;3.41;46.71;0.35;-0.25;-10.86;9.41
1787986330991341,106680,0,255,94,0.04,0.55,0.54,4.35;39.18;0.35;2.94;38.55;0.35;2.94;45.45;-0.35;3.41;46.71;0.35;-0.25;-10.86;9.41
1787986331010385,106689,0,255,94,0.04,0.55,0.54,4.35;39.18;0.35;2.94;38.55;0.35;2.94;45.45;-0.35;3.41;46.71;0.35;-0.25;-10.86;9.41
1787986331030420,106698,0,255,94,0.04,0.55,0.54,4.35;39.18;0.35;2.94;38.55;0.35;2.94;45.45;-0.35;3.41;46.71;0.35;-0.25;-10.86;9.41
1787986331050757,106707,0,255,94,0.04,0.55,0.54,4.35;39.18;0.35;2.94;38.55;0.35;2.94;45.45;-0.35;3.41;46.71;0.35;-0.25;-10.86;9.41
1787986331071121,106716,0,255,94,0.04,0.55,0.54,4.35;39.18;0.35;2.94;38.55;0.35;2.94;45.45;-0.35;3.41;46.71;0.35;-0.25;-10.86;9.41
1787986331091287,106725,0,255,94,0.04,0.55,0.54,4.35;39.18;0.35;2.94;38.55;0.35;2.94;45.45;-0.35;3.41;46.71;0.35;-0.25;-10.86;9.41
1787986331110841,106734,0,255,94,0.04,0.55,0.54,4.35;39.18;0.35;2.94;38.55;0.35;2.94;45.45;-0.35;3.41;46.71;0.35;-0.25;-10.86;9.41
1787986331130931,106743,0,255,94,0.04,0.55,0.54,4.35;39.18;0.35;2.94;38.55;0.35;2.94;45.45;-0.35;3.41;46.71;0.35;-0.25;-10.86;9.41
1787986331151054,106752,0,255,94,0.04,0.55,0.54,4.35;39.18;0.35;2.94;38.55;0.35;2.94;45.45;-0.35;3.41;46.71;0.35;-0.25;-10.86;9.41
1787986331171517,106761,0,255,94,0.04,0.55,0.54,4.35;39.18;0.35;2.94;38.55;0.35;2.94;45.45;-0.35;3.41;46.71;0.35;-0.25;-10.86;9.41
1787986331192664,106770,0,255,94,0.04,0.55,0.54,4.35;39.18;0.35;2.94;38.55;0.35;2.94;45.45;-0.35;3.41;46.71;0.35;-0.25;-10.86;9.41
1787986331211692,106779,0,255,94,0.04,0.55,0.54,4.35;39.18;0.35;2.94;38.55;0.35;2.94;45.45;-0.35;3.41;46.71;0.35;-0.25;-10.86;9.41
1787986331231071,106788,0,255,94,0.04,0.55,0.54,4.35;39.18;0.35;2.94;38.55;0.35;2.94;45.45;-0.35;3.41;46.71;0.35;-0.25;-10.86;9.41
1787986331254102,106797,0,255,94,0.04,0.55,0.54,4.35;39.18;0.35;2.94;38.55;0.35;2.94;45.45;-0.35;3.41;46.71;0.35;-0.25;-10.86;9.41
1787986331270681,106806,0,255,94,0.04,0.55,0.54,4.35;39.18;0.35;2.94;38.55;0.35;2.94;45.45;-0.35;3.41;46.71;0.35;-0.25;-10.86;9.41
1787986331293213,106815,0,255,94,0.04,0.55,0.54,4.35;39.18;0.35;2.94;38.55;0.35;2.94;45.45;-0.35;3.41;46.71;0.35;-0.25;-10.86;9.41
1787986331312182,106824,0,255,94,0.04,0.55,0.54,4.35;39.18;0.35;2.94;38.55;0.35;2.94;45.45;-0.35;3.41;46.71;0.35;-0.25;-10.86;9.41
1787986331334525,106833,0,255,94,0.04,0.55,0.54,4.35;39.18;0.35;2.94;38.55;0.35;2.94;45.45;-0.35;3.41;46.71;0.35;-0.25;-10.86;9.41
1787986331355431,106842,0,255,94,0.04,0.55,0.54,4.35;39.18;0.35;2.94;38.55;0.35;2.94;45.45;-0.35;3.41;46.71;0.35;-0.25;-10.86;9.41
1787986331370692,106851,0,255,94,0.04,0.55,0.54,4.35;39.18;0.35;2.94;38.55;0.35;2.94;45.45;-0.35;3.41;46.71;0.35;-0.25;-10.86;9.41
1787986331391748,106860,0,255,94,0.04,0.55,0.54,4.35;39.18;0.35;2.94;38.55;0.35;2.94;45.45;-0.35;3.41;46.71;0.35;-0.25;-10.86;9.41
1787986331419978,106869,0,255,94,0.04,0.55,0.54,4.35;39.18;0.35;2.94;38.55;0.35;2.94;45.45;-0.35;3.41;46.71;0.35;-0.25;-10.86;9.41
1787986331430490,106878,0,255,94,0.04,0.55,0.54,4.35;39.18;0.35;2.94;38.55;0.35;2.94;45.45;-0.35;3.41;46.71;0.35;-0.25;-10.86;9.41
1787986331450408,106887,0,255,94,0.04,0.55,0.54,4.35;39.18;0.35;2.94;38.55;0.35;2.94;45.45;-0.35;3.41;46.71;0.35;-0.25;-10.86;9.41
1787986331499388,106896,0,255,94,0.04,0.55,0.54,4.35;39.18;0.35;2.94;38.55;0.35;2.94;45.45;-0.35;3.41;46.71;0.35;-0.25;-10.86;9.41
1787986331501129,106898,0,255,94,0.04,0.55,0.54,4.35;39.18;0.35;2.94;38.55;0.35;2.94;45.45;-0.35;3.41;46.71;0.35;-0.25;-10.86;9.41
1787986331510859,106914,0,255,94,0.04,0.55,0.54,4.35;39.18;0.35;2.94;38.55;0.35;2.94;45.45;-0.35;3.41;46.71;0.35;-0.25;-10.86;9.41
1787986331530647,106923,0,255,94,0.04,0.55,0.54,4.35;39.18;0.35;2.94;38.55;0.35;2.94;45.45;-0.35;3.41;46.71;0.35;-0.25;-10.86;9.41
1787986331550100,106932,0,255,94,0.04,0.55,0.54,4.35;39.18;0.35;2.94;38.55;0.35;2.94;45.45;-0.35;3.41;46.71;0.35;-0.25;-10.86;9.41
1787986331569838,106941,0,255,94,0.04,0.55,0.54,4.35;39.18;0.35;2.94;38.55;0.35;2.94;45.45;-0.35;3.41;46.71;0.35;-0.25;-10.86;9.41
1787986331591271,106950,0,255,94,0.04,0.55,0.54,4.35;39.18;0.35;2.94;38.55;0.35;2.94;45.45;-0.35;3.41;46.71;0.35;-0.25;-10.86;9.41
1787986331612002,106959,0,255,94,0.04,0.55,0.54,4.35;39.18;0.35;2.94;38.55;0.35;2.94;45.45;-0.35;3.41;46.71;0.35;-0.25;-10.86;9.41
1787986331637588,106968,0,255,94,0.04,0.55,0.54,4.35;39.18;0.35;2.94;38.55;0.35;2.94;45.45;-0.35;3.41;46.71;0.35;-0.25;-10.86;9.41
1787986331650682,106977,0,255,94,0.04,0.55,0.54,4.35;39.18;0.35;2.94;38.55;0.35;2.94;45.45;-0.35;3.41;46.71;0.35;-0.25;-10.86;9.41
1787986331670489,106986,0,255,94,0.04,0.55,0.54,4.35;39.18;0.35;2.94;38.55;0.35;2.94;45.45;-0.35;3.41;46.71;0.35;-0.25;-10.86;9.41
1787986331694440,106995,0,255,94,0.04,0.55,0.54,4.35;39.18;0.35;2.94;38.55;0.35;2.94;45.45;-0.35;3.41;46.71;0.35;-0.25;-10.86;9.41
1787986331712133,107004,0,255,94,0.04,0.55,0.54,4.35;39.18;0.35;2.94;38.55;0.35;2.94;45.45;-0.35;3.41;46.71;0.35;-0.25;-10.86;9.41
1787986331730923,107013,0,255,94,0.04,0.55,0.54,4.35;39.18;0.35;2.94;38.55;0.35;2.94;45.45;-0.35;3.41;46.71;0.35;-0.25;-10.86;9.41
1787986331755991,107022,0,255,94,0.04,0.55,0.54,4.35;39.18;0.35;2.94;38.55;0.35;2.94;45.45;-0.35;3.41;46.71;0.35;-0.25;-10.86;9.41
1787986331770863,107031,0,255,94,0.04,0.55,0.54,4.35;39.18;0.35;2.94;38.55;0.35;2.94;45.45;-0.35;3.41;46.71;0.35;-0.25;-10.86;9.41
1787986331791245,107040,0,255,94,0.04,0.55,0.54,4.35;39.18;0.35;2.94;38.55;0.35;2.94;45.45;-0.35;3.41;46.71;0.35;-0.25;-10.86;9.41
1787986331810406,107050,0,255,94,0.04,0.55,0.54,4.35;39.18;0.35;2.94;38.55;0.35;2.94;45.45;-0.35;3.41;46.71;0.35;-0.25;-10.86;9.41
1787986331830977,107059,0,255,94,2.91,-0.01,1.74,3.88;41.06;1.53;-0.35;34.16;-1.53;2;45.45;1.76;-6.94;51.1;-0.59;-0.25;-10.86;9.41
1787986331852515,107068,0,255,94,2.91,-0.01,1.74,3.88;41.06;1.53;-0.35;34.16;-1.53;2;45.45;1.76;-6.94;51.1;-0.59;-0.25;-10.86;9.41
1787986331871363,107077,0,255,94,2.91,-0.01,1.74,3.88;41.06;1.53;-0.35;34.16;-1.53;2;45.45;1.76;-6.94;51.1;-0.59;-0.25;-10.86;9.41
1787986331892125,107093,0,255,94,2.91,-0.01,1.74,3.88;41.06;1.53;-0.35;34.16;-1.53;2;45.45;1.76;-6.94;51.1;-0.59;-0.25;-10.86;9.41
1787986331912394,107095,0,255,94,2.91,-0.01,1.74,3.88;41.06;1.53;-0.35;34.16;-1.53;2;45.45;1.76;-6.94;51.1;-0.59;-0.25;-10.86;9.41
1787986331930774,107104,0,255,94,2.91,-0.01,1.74,3.88;41.06;1.53;-0.35;34.16;-1.53;2;45.45;1.76;-6.94;51.1;-0.59;-0.25;-10.86;9.41
1787986331950186,107113,0,255,94,2.91,-0.01,1.74,3.88;41.06;1.53;-0.35;34.16;-1.53;2;45.45;1.76;-6.94;51.1;-0.59;-0.25;-10.86;9.41
1787986331970944,107122,0,255,94,2.91,-0.01,1.74,3.88;41.06;1.53;-0.35;34.16;-1.53;2;45.45;1.76;-6.94;51.1;-0.59;-0.25;-10.86;9.41
1787986331990783,107131,0,255,94,2.91,-0.01,1.74,3.88;41.06;1.53;-0.35;34.16;-1.53;2;45.45;1.76;-6.94;51.1;-0.59;-0.25;-10.86;9.41
1787986332010867,107140,0,255,94,2.91,-0.01,1.74,3.88;41.06;1.53;-0.35;34.16;-1.53;2;45.45;1.76;-6.94;51.1;-0.59;-0.25;-10.86;9.41
1787986332031002,107149,0,255,94,2.91,-0.01,1.74,3.88;41.06;1.53;-0.35;34.16;-1.53;2;45.45;1.76;-6.94;51.1;-0.59;-0.25;-10.86;9.41
1787986332050586,107158,0,255,94,2.91,-0.01,1.74,3.88;41.06;1.53;-0.35;34.16;-1.53;2;45.45;1.76;-6.94;51.1;-0.59;-0.25;-10.86;9.41
1787986332071130,107167,0,255,94,2.91,-0.01,1.74,3.88;41.06;1.53;-0.35;34.16;-1.53;2;45.45;1.76;-6.94;51.1;-0.59;-0.25;-10.86;9.41
1787986332091673,107176,0,255,94,2.91,-0.01,1.74,3.88;41.06;1.53;-0.35;34.16;-1.53;2;45.45;1.76;-6.94;51.1;-0.59;-0.25;-10.86;9.41
1787986332111100,107185,0,255,94,2.91,-0.01,1.74,3.88;41.06;1.53;-0.35;34.16;-1.53;2;45.45;1.76;-6.94;51.1;-0.59;-0.25;-10.86;9.41
1787986332132478,107194,0,255,94,2.91,-0.01,1.74,3.88;41.06;1.53;-0.35;34.16;-1.53;2;45.45;1.76;-6.94;51.1;-0.59;-0.25;-10.86;9.41
1787986332151741,107203,0,255,94,2.91,-0.01,1.74,3.88;41.06;1.53;-0.35;34.16;-1.53;2;45.45;1.76;-6.94;51.1;-0.59;-0.25;-10.86;9.41
1787986332171283,107212,0,255,94,2.91,-0.01,1.74,3.88;41.06;1.53;-0.35;34.16;-1.53;2;45.45;1.76;-6.94;51.1;-0.59;-0.25;-10.86;9.41
1787986332191686,107221,0,255,94,2.91,-0.01,1.74,3.88;41.06;1.53;-0.35;34.16;-1.53;2;45.45;1.76;-6.94;51.1;-0.59;-0.25;-10.86;9.41
1787986332210857,107230,0,255,94,2.91,-0.01,1.74,3.88;41.06;1.53;-0.35;34.16;-1.53;2;45.45;1.76;-6.94;51.1;-0.59;-0.25;-10.86;9.41
1787986332233192,107239,0,255,94,2.91,-0.01,1.74,3.88;41.06;1.53;-0.35;34.16;-1.53;2;45.45;1.76;-6.94;51.1;-0.59;-0.25;-10.86;9.41
1787986332251364,107248,0,255,94,2.91,-0.01,1.74,3.88;41.06;1.53;-0.35;34.16;-1.53;2;45.45;1.76;-6.94;51.1;-0.59;-0.25;-10.86;9.41
1787986332270548,107257,0,255,94,2.91,-0.01,1.74,3.88;41.06;1.53;-0.35;34.16;-1.53;2;45.45;1.76;-6.94;51.1;-0.59;-0.25;-10.86;9.41
1787986332294107,107266,0,255,94,2.91,-0.01,1.74,3.88;41.06;1.53;-0.35;34.16;-1.53;2;45.45;1.76;-6.94;51.1;-0.59;-0.25;-10.86;9.41
1787986332311485,107275,0,255,94,2.91,-0.01,1.74,3.88;41.06;1.53;-0.35;34.16;-1.53;2;45.45;1.76;-6.94;51.1;-0.59;-0.25;-10.86;9.41
1787986332330524,107284,0,255,94,2.91,-0.01,1.74,3.88;41.06;1.53;-0.35;34.16;-1.53;2;45.45;1.76;-6.94;51.1;-0.59;-0.25;-10.86;9.41
1787986332352594,107293,0,255,94,2.91,-0.01,1.74,3.88;41.06;1.53;-0.35;34.16;-1.53;2;45.45;1.76;-6.94;51.1;-0.59;-0.25;-10.86;9.41
1787986332370367,107302,0,255,94,2.91,-0.01,1.74,3.88;41.06;1.53;-0.35;34.16;-1.53;2;45.45;1.76;-6.94;51.1;-0.59;-0.25;-10.86;9.41
1787986332390749,107311,0,255,94,2.91,-0.01,1.74,3.88;41.06;1.53;-0.35;34.16;-1.53;2;45.45;1.76;-6.94;51.1;-0.59;-0.25;-10.86;9.41
1787986332411416,107320,0,255,94,2.91,-0.01,1.74,3.88;41.06;1.53;-0.35;34.16;-1.53;2;45.45;1.76;-6.94;51.1;-0.59;-0.25;-10.86;9.41
1787986332430416,107329,0,255,94,2.91,-0.01,1.74,3.88;41.06;1.53;-0.35;34.16;-1.53;2;45.45;1.76;-6.94;51.1;-0.59;-0.25;-10.86;9.41
1787986332450675,107338,0,255,94,2.91,-0.01,1.74,3.88;41.06;1.53;-0.35;34.16;-1.53;2;45.45;1.76;-6.94;51.1;-0.59;-0.25;-10.86;9.41
1787986332471434,107347,0,255,94,2.91,-0.01,1.74,3.88;41.06;1.53;-0.35;34.16;-1.53;2;45.45;1.76;-6.94;51.1;-0.59;-0.25;-10.86;9.41
1787986332493387,107363,0,255,94,2.91,-0.01,1.74,3.88;41.06;1.53;-0.35;34.16;-1.53;2;45.45;1.76;-6.94;51.1;-0.59;-0.25;-10.86;9.41
1787986332512191,107365,0,255,94,2.91,-0.01,1.74,3.88;41.06;1.53;-0.35;34.16;-1.53;2;45.45;1.76;-6.94;51.1;-0.59;-0.25;-10.86;9.41
1787986332530703,107374,0,255,94,2.91,-0.01,1.74,3.88;41.06;1.53;-0.35;34.16;-1.53;2;45.45;1.76;-6.94;51.1;-0.59;-0.25;-10.86;9.41
1787986332549856,107383,0,255,94,2.91,-0.01,1.74,3.88;41.06;1.53;-0.35;34.16;-1.53;2;45.45;1.76;-6.94;51.1;-0.59;-0.25;-10.86;9.41
1787986332577551,107392,0,255,94,2.91,-0.01,1.74,3.88;41.06;1.53;-0.35;34.16;-1.53;2;45.45;1.76;-6.94;51.1;-0.59;-0.25;-10.86;9.41
1787986332591090,107401,0,255,94,2.91,-0.01,1.74,3.88;41.06;1.53;-0.35;34.16;-1.53;2;45.45;1.76;-6.94;51.1;-0.59;-0.25;-10.86;9.41
1787986332610862,107410,0,255,94,2.91,-0.01,1.74,3.88;41.06;1.53;-0.35;34.16;-1.53;2;45.45;1.76;-6.94;51.1;-0.59;-0.25;-10.86;9.41
1787986332631640,107419,0,255,94,2.91,-0.01,1.74,3.88;41.06;1.53;-0.35;34.16;-1.53;2;45.45;1.76;-6.94;51.1;-0.59;-0.25;-10.86;9.41
1787986332651379,107435,0,255,94,2.91,-0.01,1.74,3.88;41.06;1.53;-0.35;34.16;-1.53;2;45.45;1.76;-6.94;51.1;-0.59;-0.25;-10.86;9.41
1787986332677731,107437,0,255,94,2.91,-0.01,1.74,3.88;41.06;1.53;-0.35;34.16;-1.53;2;45.45;1.76;-6.94;51.1;-0.59;-0.25;-10.86;9.41
1787986332690191,107446,0,255,94,2.91,-0.01,1.74,3.88;41.06;1.53;-0.35;34.16;-1.53;2;45.45;1.76;-6.94;51.1;-0.59;-0.25;-10.86;9.41
1787986332710542,107455,0,255,94,2.91,-0.01,1.74,3.88;41.06;1.53;-0.35;34.16;-1.53;2;45.45;1.76;-6.94;51.1;-0.59;-0.25;-10.86;9.41
1787986332733163,107464,0,255,94,2.91,-0.01,1.74,3.88;41.06;1.53;-0.35;34.16;-1.53;2;45.45;1.76;-6.94;51.1;-0.59;-0.25;-10.86;9.41
1787986332750741,107473,0,255,94,2.91,-0.01,1.74,3.88;41.06;1.53;-0.35;34.16;-1.53;2;45.45;1.76;-6.94;51.1;-0.59;-0.25;-10.86;9.41
1787986332773494,107482,0,255,94,2.91,-0.01,1.74,3.88;41.06;1.53;-0.35;34.16;-1.53;2;45.45;1.76;-6.94;51.1;-0.59;-0.25;-10.86;9.41
1787986332795070,107491,0,255,94,2.91,-0.01,1.74,3.88;41.06;1.53;-0.35;34.16;-1.53;2;45.45;1.76;-6.94;51.1;-0.59;-0.25;-10.86;9.41
1787986332812237,107501,0,255,94,2.91,-0.01,1.74,3.88;41.06;1.53;-0.35;34.16;-1.53;2;45.45;1.76;-6.94;51.1;-0.59;-0.25;-10.86;9.41
1787986332830648,107510,0,255,94,2.91,-0.01,1.74,3.88;41.06;1.53;-0.35;34.16;-1.53;2;45.45;1.76;-6.94;51.1;-0.59;-0.25;-10.86;9.41
1787986332851484,107519,0,255,94,-2.1,1.64,-0.71,-18.24;42.31;-0.35;5.29;42.94;1.53;-13.53;38.55;-0.59;2.47;51.73;0.12;-0.25;-10.35;10.18
1787986332870879,107528,0,255,94,-2.1,1.64,-0.71,-18.24;42.31;-0.35;5.29;42.94;1.53;-13.53;38.55;-0.59;2.47;51.73;0.12;-0.25;-10.35;10.18
1787986332890253,107537,0,255,94,-2.1,1.64,-0.71,-18.24;42.31;-0.35;5.29;42.94;1.53;-13.53;38.55;-0.59;2.47;51.73;0.12;-0.25;-10.35;10.18
1787986332910052,107546,0,255,94,-2.1,1.64,-0.71,-18.24;42.31;-0.35;5.29;42.94;1.53;-13.53;38.55;-0.59;2.47;51.73;0.12;-0.25;-10.35;10.18
1787986332930293,107555,0,255,94,-2.1,1.64,-0.71,-18.24;42.31;-0.35;5.29;42.94;1.53;-13.53;38.55;-0.59;2.47;51.73;0.12;-0.25;-10.35;10.18
1787986332951423,107564,0,255,94,-2.1,1.64,-0.71,-18.24;42.31;-0.35;5.29;42.94;1.53;-13.53;38.55;-0.59;2.47;51.73;0.12;-0.25;-10.35;10.18
1787986332971937,107573,0,255,94,-2.1,1.64,-0.71,-18.24;42.31;-0.35;5.29;42.94;1.53;-13.53;38.55;-0.59;2.47;51.73;0.12;-0.25;-10.35;10.18
1787986332990201,107582,0,255,94,-2.1,1.64,-0.71,-18.24;42.31;-0.35;5.29;42.94;1.53;-13.53;38.55;-0.59;2.47;51.73;0.12;-0.25;-10.35;10.18
1787986333013937,107591,0,255,94,-2.1,1.64,-0.71,-18.24;42.31;-0.35;5.29;42.94;1.53;-13.53;38.55;-0.59;2.47;51.73;0.12;-0.25;-10.35;10.18
1787986333030892,107600,0,255,94,-2.1,1.64,-0.71,-18.24;42.31;-0.35;5.29;42.94;1.53;-13.53;38.55;-0.59;2.47;51.73;0.12;-0.25;-10.35;10.18
1787986333051954,107609,0,255,94,-2.1,1.64,-0.71,-18.24;42.31;-0.35;5.29;42.94;1.53;-13.53;38.55;-0.59;2.47;51.73;0.12;-0.25;-10.35;10.18
1787986333072694,107618,0,255,94,-2.1,1.64,-0.71,-18.24;42.31;-0.35;5.29;42.94;1.53;-13.53;38.55;-0.59;2.47;51.73;0.12;-0.25;-10.35;10.18
1787986333091398,107627,0,255,94,-2.1,1.64,-0.71,-18.24;42.31;-0.35;5.29;42.94;1.53;-13.53;38.55;-0.59;2.47;51.73;0.12;-0.25;-10.35;10.18
1787986333111084,107636,0,255,94,-2.1,1.64,-0.71,-18.24;42.31;-0.35;5.29;42.94;1.53;-13.53;38.55;-0.59;2.47;51.73;0.12;-0.25;-10.35;10.18
1787986333131421,107645,0,255,94,-2.1,1.64,-0.71,-18.24;42.31;-0.35;5.29;42.94;1.53;-13.53;38.55;-0.59;2.47;51.73;0.12;-0.25;-10.35;10.18
1787986333151307,107654,0,255,94,-2.1,1.64,-0.71,-18.24;42.31;-0.35;5.29;42.94;1.53;-13.53;38.55;-0.59;2.47;51.73;0.12;-0.25;-10.35;10.18
1787986333171055,107663,0,255,94,-2.1,1.64,-0.71,-18.24;42.31;-0.35;5.29;42.94;1.53;-13.53;38.55;-0.59;2.47;51.73;0.12;-0.25;-10.35;10.18
1787986333190895,107672,0,255,94,-2.1,1.64,-0.71,-18.24;42.31;-0.35;5.29;42.94;1.53;-13.53;38.55;-0.59;2.47;51.73;0.12;-0.25;-10.35;10.18
1787986333211021,107681,0,255,94,-2.1,1.64,-0.71,-18.24;42.31;-0.35;5.29;42.94;1.53;-13.53;38.55;-0.59;2.47;51.73;0.12;-0.25;-10.35;10.18
1787986333232069,107690,0,255,94,-2.1,1.64,-0.71,-18.24;42.31;-0.35;5.29;42.94;1.53;-13.53;38.55;-0.59;2.47;51.73;0.12;-0.25;-10.35;10.18
1787986333251372,107699,0,255,94,-2.1,1.64,-0.71,-18.24;42.31;-0.35;5.29;42.94;1.53;-13.53;38.55;-0.59;2.47;51.73;0.12;-0.25;-10.35;10.18
1787986333271552,107708,0,255,94,-2.1,1.64,-0.71,-18.24;42.31;-0.35;5.29;42.94;1.53;-13.53;38.55;-0.59;2.47;51.73;0.12;-0.25;-10.35;10.18
1787986333292019,107717,0,255,94,-2.1,1.64,-0.71,-18.24;42.31;-0.35;5.29;42.94;1.53;-13.53;38.55;-0.59;2.47;51.73;0.12;-0.25;-10.35;10.18
1787986333311024,107726,0,255,94,-2.1,1.64,-0.71,-18.24;42.31;-0.35;5.29;42.94;1.53;-13.53;38.55;-0.59;2.47;51.73;0.12;-0.25;-10.35;10.18
1787986333331299,107735,0,255,94,-2.1,1.64,-0.71,-18.24;42.31;-0.35;5.29;42.94;1.53;-13.53;38.55;-0.59;2.47;51.73;0.12;-0.25;-10.35;10.18
1787986333350956,107744,0,255,94,-2.1,1.64,-0.71,-18.24;42.31;-0.35;5.29;42.94;1.53;-13.53;38.55;-0.59;2.47;51.73;0.12;-0.25;-10.35;10.18
1787986333371967,107753,0,255,94,-2.1,1.64,-0.71,-18.24;42.31;-0.35;5.29;42.94;1.53;-13.53;38.55;-0.59;2.47;51.73;0.12;-0.25;-10.35;10.18
1787986333393438,107762,0,255,94,-2.1,1.64,-0.71,-18.24;42.31;-0.35;5.29;42.94;1.53;-13.53;38.55;-0.59;2.47;51.73;0.12;-0.25;-10.35;10.18
1787986333411417,107771,0,255,94,-2.1,1.64,-0.71,-18.24;42.31;-0.35;5.29;42.94;1.53;-13.53;38.55;-0.59;2.47;51.73;0.12;-0.25;-10.35;10.18
1787986333433176,107780,0,255,94,-2.1,1.64,-0.71,-18.24;42.31;-0.35;5.29;42.94;1.53;-13.53;38.55;-0.59;2.47;51.73;0.12;-0.25;-10.35;10.18
1787986333452717,107789,0,255,94,-2.1,1.64,-0.71,-18.24;42.31;-0.35;5.29;42.94;1.53;-13.53;38.55;-0.59;2.47;51.73;0.12;-0.25;-10.35;10.18
1787986333470612,107798,0,255,94,-2.1,1.64,-0.71,-18.24;42.31;-0.35;5.29;42.94;1.53;-13.53;38.55;-0.59;2.47;51.73;0.12;-0.25;-10.35;10.18
1787986333491384,107807,0,255,94,-2.1,1.64,-0.71,-18.24;42.31;-0.35;5.29;42.94;1.53;-13.53;38.55;-0.59;2.47;51.73;0.12;-0.25;-10.35;10.18
1787986333519717,107816,0,255,94,-2.1,1.64,-0.71,-18.24;42.31;-0.35;5.29;42.94;1.53;-13.53;38.55;-0.59;2.47;51.73;0.12;-0.25;-10.35;10.18
1787986333537237,107832,0,255,94,-2.1,1.64,-0.71,-18.24;42.31;-0.35;5.29;42.94;1.53;-13.53;38.55;-0.59;2.47;51.73;0.12;-0.25;-10.35;10.18
1787986333557577,107841,0,255,94,-2.1,1.64,-0.71,-18.24;42.31;-0.35;5.29;42.94;1.53;-13.53;38.55;-0.59;2.47;51.73;0.12;-0.25;-10.35;10.18
1787986333579147,107850,0,255,94,-2.1,1.64,-0.71,-18.24;42.31;-0.35;5.29;42.94;1.53;-13.53;38.55;-0.59;2.47;51.73;0.12;-0.25;-10.35;10.18
1787986333597488,107859,0,255,94,-2.1,1.64,-0.71,-18.24;42.31;-0.35;5.29;42.94;1.53;-13.53;38.55;-0.59;2.47;51.73;0.12;-0.25;-10.35;10.18
1787986333617778,107868,0,255,94,-2.1,1.64,-0.71,-18.24;42.31;-0.35;5.29;42.94;1.53;-13.53;38.55;-0.59;2.47;51.73;0.12;-0.25;-10.35;10.18
1787986333637622,107877,0,255,94,-2.1,1.64,-0.71,-18.24;42.31;-0.35;5.29;42.94;1.53;-13.53;38.55;-0.59;2.47;51.73;0.12;-0.25;-10.35;10.18
1787986333656542,107886,0,255,94,-2.1,1.64,-0.71,-18.24;42.31;-0.35;5.29;42.94;1.53;-13.53;38.55;-0.59;2.47;51.73;0.12;-0.25;-10.35;10.18
1787986333677114,107895,0,255,94,-2.1,1.64,-0.71,-18.24;42.31;-0.35;5.29;42.94;1.53;-13.53;38.55;-0.59;2.47;51.73;0.12;-0.25;-10.35;10.18
1787986333698844,107904,0,255,94,-2.1,1.64,-0.71,-18.24;42.31;-0.35;5.29;42.94;1.53;-13.53;38.55;-0.59;2.47;51.73;0.12;-0.25;-10.35;10.18
1787986333717195,107913,0,255,94,-2.1,1.64,-0.71,-18.24;42.31;-0.35;5.29;42.94;1.53;-13.53;38.55;-0.59;2.47;51.73;0.12;-0.25;-10.35;10.18
1787986333736873,107922,0,255,94,-2.1,1.64,-0.71,-18.24;42.31;-0.35;5.29;42.94;1.53;-13.53;38.55;-0.59;2.47;51.73;0.12;-0.25;-10.35;10.18
1787986333756848,107931,0,255,94,-2.1,1.64,-0.71,-18.24;42.31;-0.35;5.29;42.94;1.53;-13.53;38.55;-0.59;2.47;51.73;0.12;-0.25;-10.35;10.18
1787986333777350,107940,0,255,94,-2.1,1.64,-0.71,-18.24;42.31;-0.35;5.29;42.94;1.53;-13.53;38.55;-0.59;2.47;51.73;0.12;-0.25;-10.35;10.18
1787986333799785,107949,0,255,94,-2.1,1.64,-0.71,-18.24;42.31;-0.35;5.29;42.94;1.53;-13.53;38.55;-0.59;2.47;51.73;0.12;-0.25;-10.35;10.18
1787986333817092,107959,0,255,94,-2.1,1.64,-0.71,-18.24;42.31;-0.35;5.29;42.94;1.53;-13.53;38.55;-0.59;2.47;51.73;0.12;-0.25;-10.35;10.18
1787986333837206,107968,0,255,94,-2.1,1.64,-0.71,-18.24;42.31;-0.35;5.29;42.94;1.53;-13.53;38.55;-0.59;2.47;51.73;0.12;-0.25;-10.35;10.18
1787986333859186,107977,0,255,93,-0.12,0.59,-1.56,2.94;37.92;0.59;4.35;39.18;1.29;3.88;46.08;-0.12;3.41;46.08;0.59;-0.25;-10.35;9.41
1787986333877838,107986,0,255,93,-0.12,0.59,-1.56,2.94;37.92;0.59;4.35;39.18;1.29;3.88;46.08;-0.12;3.41;46.08;0.59;-0.25;-10.35;9.41
1787986333898718,107995,0,255,93,-0.12,0.59,-1.56,2.94;37.92;0.59;4.35;39.18;1.29;3.88;46.08;-0.12;3.41;46.08;0.59;-0.25;-10.35;9.41
1787986333920040,108004,0,255,93,-0.12,0.59,-1.56,2.94;37.92;0.59;4.35;39.18;1.29;3.88;46.08;-0.12;3.41;46.08;0.59;-0.25;-10.35;9.41
1787986333938383,108013,0,255,93,-0.12,0.59,-1.56,2.94;37.92;0.59;4.35;39.18;1.29;3.88;46.08;-0.12;3.41;46.08;0.59;-0.25;-10.35;9.41
1787986333956973,108022,0,255,93,-0.12,0.59,-1.56,2.94;37.92;0.59;4.35;39.18;1.29;3.88;46.08;-0.12;3.41;46.08;0.59;-0.25;-10.35;9.41
1787986333978670,108031,0,255,93,-0.12,0.59,-1.56,2.94;37.92;0.59;4.35;39.18;1.29;3.88;46.08;-0.12;3.41;46.08;0.59;-0.25;-10.35;9.41
1787986333997193,108040,0,255,93,-0.12,0.59,-1.56,2.94;37.92;0.59;4.35;39.18;1.29;3.88;46.08;-0.12;3.41;46.08;0.59;-0.25;-10.35;9.41
1787986334018793,108049,0,255,93,-0.12,0.59,-1.56,2.94;37.92;0.59;4.35;39.18;1.29;3.88;46.08;-0.12;3.41;46.08;0.59;-0.25;-10.35;9.41
1787986334037604,108058,0,255,93,-0.12,0.59,-1.56,2.94;37.92;0.59;4.35;39.18;1.29;3.88;46.08;-0.12;3.41;46.08;0.59;-0.25;-10.35;9.41
1787986334057191,108067,0,255,93,-0.12,0.59,-1.56,2.94;37.92;0.59;4.35;39.18;1.29;3.88;46.08;-0.12;3.41;46.08;0.59;-0.25;-10.35;9.41
1787986334079715,108076,0,255,93,-0.12,0.59,-1.56,2.94;37.92;0.59;4.35;39.18;1.29;3.88;46.08;-0.12;3.41;46.08;0.59;-0.25;-10.35;9.41
1787986334098869,108085,0,255,93,-0.12,0.59,-1.56,2.94;37.92;0.59;4.35;39.18;1.29;3.88;46.08;-0.12;3.41;46.08;0.59;-0.25;-10.35;9.41
1787986334117150,108094,0,255,93,-0.12,0.59,-1.56,2.94;37.92;0.59;4.35;39.18;1.29;3.88;46.08;-0.12;3.41;46.08;0.59;-0.25;-10.35;9.41
1787986334137458,108103,0,255,93,-0.12,0.59,-1.56,2.94;37.92;0.59;4.35;39.18;1.29;3.88;46.08;-0.12;3.41;46.08;0.59;-0.25;-10.35;9.41
1787986334157344,108112,0,255,93,-0.12,0.59,-1.56,2.94;37.92;0.59;4.35;39.18;1.29;3.88;46.08;-0.12;3.41;46.08;0.59;-0.25;-10.35;9.41
1787986334178472,108121,0,255,93,-0.12,0.59,-1.56,2.94;37.92;0.59;4.35;39.18;1.29;3.88;46.08;-0.12;3.41;46.08;0.59;-0.25;-10.35;9.41
1787986334197030,108130,0,255,93,-0.12,0.59,-1.56,2.94;37.92;0.59;4.35;39.18;1.29;3.88;46.08;-0.12;3.41;46.08;0.59;-0.25;-10.35;9.41
1787986334217628,108139,0,255,93,-0.12,0.59,-1.56,2.94;37.92;0.59;4.35;39.18;1.29;3.88;46.08;-0.12;3.41;46.08;0.59;-0.25;-10.35;9.41
1787986334239506,108148,0,255,93,-0.12,0.59,-1.56,2.94;37.92;0.59;4.35;39.18;1.29;3.88;46.08;-0.12;3.41;46.08;0.59;-0.25;-10.35;9.41
1787986334257333,108157,0,255,93,-0.12,0.59,-1.56,2.94;37.92;0.59;4.35;39.18;1.29;3.88;46.08;-0.12;3.41;46.08;0.59;-0.25;-10.35;9.41
1787986334277077,108166,0,255,93,-0.12,0.59,-1.56,2.94;37.92;0.59;4.35;39.18;1.29;3.88;46.08;-0.12;3.41;46.08;0.59;-0.25;-10.35;9.41
1787986334300176,108175,0,255,93,-0.12,0.59,-1.56,2.94;37.92;0.59;4.35;39.18;1.29;3.88;46.08;-0.12;3.41;46.08;0.59;-0.25;-10.35;9.41
1787986334317236,108184,0,255,93,-0.12,0.59,-1.56,2.94;37.92;0.59;4.35;39.18;1.29;3.88;46.08;-0.12;3.41;46.08;0.59;-0.25;-10.35;9.41
1787986334337261,108193,0,255,93,-0.12,0.59,-1.56,2.94;37.92;0.59;4.35;39.18;1.29;3.88;46.08;-0.12;3.41;46.08;0.59;-0.25;-10.35;9.41
1787986334358711,108202,0,255,93,-0.12,0.59,-1.56,2.94;37.92;0.59;4.35;39.18;1.29;3.88;46.08;-0.12;3.41;46.08;0.59;-0.25;-10.35;9.41
1787986334378302,108211,0,255,93,-0.12,0.59,-1.56,2.94;37.92;0.59;4.35;39.18;1.29;3.88;46.08;-0.12;3.41;46.08;0.59;-0.25;-10.35;9.41
1787986334397486,108220,0,255,93,-0.12,0.59,-1.56,2.94;37.92;0.59;4.35;39.18;1.29;3.88;46.08;-0.12;3.41;46.08;0.59;-0.25;-10.35;9.41
1787986334417529,108229,0,255,93,-0.12,0.59,-1.56,2.94;37.92;0.59;4.35;39.18;1.29;3.88;46.08;-0.12;3.41;46.08;0.59;-0.25;-10.35;9.41
1787986334436826,108238,0,255,93,-0.12,0.59,-1.56,2.94;37.92;0.59;4.35;39.18;1.29;3.88;46.08;-0.12;3.41;46.08;0.59;-0.25;-10.35;9.41
1787986334459575,108247,0,255,93,-0.12,0.59,-1.56,2.94;37.92;0.59;4.35;39.18;1.29;3.88;46.08;-0.12;3.41;46.08;0.59;-0.25;-10.35;9.41
1787986334478240,108256,0,255,93,-0.12,0.59,-1.56,2.94;37.92;0.59;4.35;39.18;1.29;3.88;46.08;-0.12;3.41;46.08;0.59;-0.25;-10.35;9.41
1787986334497693,108265,0,255,93,-0.12,0.59,-1.56,2.94;37.92;0.59;4.35;39.18;1.29;3.88;46.08;-0.12;3.41;46.08;0.59;-0.25;-10.35;9.41
1787986334521027,108274,0,255,93,-0.12,0.59,-1.56,2.94;37.92;0.59;4.35;39.18;1.29;3.88;46.08;-0.12;3.41;46.08;0.59;-0.25;-10.35;9.41
1787986334536938,108283,0,255,93,-0.12,0.59,-1.56,2.94;37.92;0.59;4.35;39.18;1.29;3.88;46.08;-0.12;3.41;46.08;0.59;-0.25;-10.35;9.41
1787986334557165,108292,0,255,93,-0.12,0.59,-1.56,2.94;37.92;0.59;4.35;39.18;1.29;3.88;46.08;-0.12;3.41;46.08;0.59;-0.25;-10.35;9.41
1787986334577966,108301,0,255,93,-0.12,0.59,-1.56,2.94;37.92;0.59;4.35;39.18;1.29;3.88;46.08;-0.12;3.41;46.08;0.59;-0.25;-10.35;9.41
1787986334597211,108310,0,255,93,-0.12,0.59,-1.56,2.94;37.92;0.59;4.35;39.18;1.29;3.88;46.08;-0.12;3.41;46.08;0.59;-0.25;-10.35;9.41
1787986334620467,108319,0,255,93,-0.12,0.59,-1.56,2.94;37.92;0.59;4.35;39.18;1.29;3.88;46.08;-0.12;3.41;46.08;0.59;-0.25;-10.35;9.41
1787986334637377,108328,0,255,93,-0.12,0.59,-1.56,2.94;37.92;0.59;4.35;39.18;1.29;3.88;46.08;-0.12;3.41;46.08;0.59;-0.25;-10.35;9.41
1787986334658015,108337,0,255,93,-0.12,0.59,-1.56,2.94;37.92;0.59;4.35;39.18;1.29;3.88;46.08;-0.12;3.41;46.08;0.59;-0.25;-10.35;9.41
1787986334678244,108346,0,255,93,-0.12,0.59,-1.56,2.94;37.92;0.59;4.35;39.18;1.29;3.88;46.08;-0.12;3.41;46.08;0.59;-0.25;-10.35;9.41
1787986334696834,108355,0,255,93,-0.12,0.59,-1.56,2.94;37.92;0.59;4.35;39.18;1.29;3.88;46.08;-0.12;3.41;46.08;0.59;-0.25;-10.35;9.41
1787986334725738,108364,0,255,93,-0.12,0.59,-1.56,2.94;37.92;0.59;4.35;39.18;1.29;3.88;46.08;-0.12;3.41;46.08;0.59;-0.25;-10.35;9.41
1787986334743465,108366,0,255,93,-0.12,0.59,-1.56,2.94;37.92;0.59;4.35;39.18;1.29;3.88;46.08;-0.12;3.41;46.08;0.59;-0.25;-10.35;9.41
1787986334758979,108382,0,255,93,-0.12,0.59,-1.56,2.94;37.92;0.59;4.35;39.18;1.29;3.88;46.08;-0.12;3.41;46.08;0.59;-0.25;-10.35;9.41
1787986334778622,108391,0,255,93,-0.12,0.59,-1.56,2.94;37.92;0.59;4.35;39.18;1.29;3.88;46.08;-0.12;3.41;46.08;0.59;-0.25;-10.35;9.41
1787986334799045,108400,0,255,93,-0.12,0.59,-1.56,2.94;37.92;0.59;4.35;39.18;1.29;3.88;46.08;-0.12;3.41;46.08;0.59;-0.25;-10.35;9.41
1787986334822321,108410,0,255,93,-0.12,0.59,-1.56,2.94;37.92;0.59;4.35;39.18;1.29;3.88;46.08;-0.12;3.41;46.08;0.59;-0.25;-10.35;9.41
1787986334842455,108419,0,255,93,-0.12,0.59,-1.56,2.94;37.92;0.59;4.35;39.18;1.29;3.88;46.08;-0.12;3.41;46.08;0.59;-0.25;-10.35;9.41
1787986334857493,108428,0,255,92,1.97,1.2,-2.18,4.35;39.18;0.59;3.41;39.18;0.12;2.47;46.08;-0.12;3.41;45.45;0.82;-0.25;-10.86;9.41
1787986334877999,108437,0,255,92,1.97,1.2,-2.18,4.35;39.18;0.59;3.41;39.18;0.12;2.47;46.08;-0.12;3.41;45.45;0.82;-0.25;-10.86;9.41
1787986334902535,108446,0,255,92,1.97,1.2,-2.18,4.35;39.18;0.59;3.41;39.18;0.12;2.47;46.08;-0.12;3.41;45.45;0.82;-0.25;-10.86;9.41
1787986334921419,108455,0,255,92,1.97,1.2,-2.18,4.35;39.18;0.59;3.41;39.18;0.12;2.47;46.08;-0.12;3.41;45.45;0.82;-0.25;-10.86;9.41
1787986334936970,108464,0,255,92,1.97,1.2,-2.18,4.35;39.18;0.59;3.41;39.18;0.12;2.47;46.08;-0.12;3.41;45.45;0.82;-0.25;-10.86;9.41
1787986334959174,108473,0,255,92,1.97,1.2,-2.18,4.35;39.18;0.59;3.41;39.18;0.12;2.47;46.08;-0.12;3.41;45.45;0.82;-0.25;-10.86;9.41
1787986334976449,108482,0,255,92,1.97,1.2,-2.18,4.35;39.18;0.59;3.41;39.18;0.12;2.47;46.08;-0.12;3.41;45.45;0.82;-0.25;-10.86;9.41
1787986334997829,108491,0,255,92,1.97,1.2,-2.18,4.35;39.18;0.59;3.41;39.18;0.12;2.47;46.08;-0.12;3.41;45.45;0.82;-0.25;-10.86;9.41
1787986335018116,108500,0,255,92,1.97,1.2,-2.18,4.35;39.18;0.59;3.41;39.18;0.12;2.47;46.08;-0.12;3.41;45.45;0.82;-0.25;-10.86;9.41
1787986335037150,108509,0,255,92,1.97,1.2,-2.18,4.35;39.18;0.59;3.41;39.18;0.12;2.47;46.08;-0.12;3.41;45.45;0.82;-0.25;-10.86;9.41
1787986335057465,108518,0,255,92,1.97,1.2,-2.18,4.35;39.18;0.59;3.41;39.18;0.12;2.47;46.08;-0.12;3.41;45.45;0.82;-0.25;-10.86;9.41
1787986335077076,108527,0,255,92,1.97,1.2,-2.18,4.35;39.18;0.59;3.41;39.18;0.12;2.47;46.08;-0.12;3.41;45.45;0.82;-0.25;-10.86;9.41
1787986335099686,108536,0,255,92,1.97,1.2,-2.18,4.35;39.18;0.59;3.41;39.18;0.12;2.47;46.08;-0.12;3.41;45.45;0.82;-0.25;-10.86;9.41
1787986335119278,108545,0,255,92,1.97,1.2,-2.18,4.35;39.18;0.59;3.41;39.18;0.12;2.47;46.08;-0.12;3.41;45.45;0.82;-0.25;-10.86;9.41
1787986335137702,108554,0,255,92,1.97,1.2,-2.18,4.35;39.18;0.59;3.41;39.18;0.12;2.47;46.08;-0.12;3.41;45.45;0.82;-0.25;-10.86;9.41
1787986335157323,108563,0,255,92,1.97,1.2,-2.18,4.35;39.18;0.59;3.41;39.18;0.12;2.47;46.08;-0.12;3.41;45.45;0.82;-0.25;-10.86;9.41
1787986335178677,108572,0,255,92,1.97,1.2,-2.18,4.35;39.18;0.59;3.41;39.18;0.12;2.47;46.08;-0.12;3.41;45.45;0.82;-0.25;-10.86;9.41
1787986335197035,108581,0,255,92,1.97,1.2,-2.18,4.35;39.18;0.59;3.41;39.18;0.12;2.47;46.08;-0.12;3.41;45.45;0.82;-0.25;-10.86;9.41
1787986335217341,108590,0,255,92,1.97,1.2,-2.18,4.35;39.18;0.59;3.41;39.18;0.12;2.47;46.08;-0.12;3.41;45.45;0.82;-0.25;-10.86;9.41
1787986335238898,108599,0,255,92,1.97,1.2,-2.18,4.35;39.18;0.59;3.41;39.18;0.12;2.47;46.08;-0.12;3.41;45.45;0.82;-0.25;-10.86;9.41
1787986335258215,108608,0,255,92,1.97,1.2,-2.18,4.35;39.18;0.59;3.41;39.18;0.12;2.47;46.08;-0.12;3.41;45.45;0.82;-0.25;-10.86;9.41
1787986335280210,108617,0,255,92,1.97,1.2,-2.18,4.35;39.18;0.59;3.41;39.18;0.12;2.47;46.08;-0.12;3.41;45.45;0.82;-0.25;-10.86;9.41
1787986335297904,108626,0,255,92,1.97,1.2,-2.18,4.35;39.18;0.59;3.41;39.18;0.12;2.47;46.08;-0.12;3.41;45.45;0.82;-0.25;-10.86;9.41
1787986335317172,108635,0,255,92,1.97,1.2,-2.18,4.35;39.18;0.59;3.41;39.18;0.12;2.47;46.08;-0.12;3.41;45.45;0.82;-0.25;-10.86;9.41
1787986335337307,108644,0,255,92,1.97,1.2,-2.18,4.35;39.18;0.59;3.41;39.18;0.12;2.47;46.08;-0.12;3.41;45.45;0.82;-0.25;-10.86;9.41
1787986335357308,108653,0,255,92,1.97,1.2,-2.18,4.35;39.18;0.59;3.41;39.18;0.12;2.47;46.08;-0.12;3.41;45.45;0.82;-0.25;-10.86;9.41
1787986335377790,108662,0,255,92,1.97,1.2,-2.18,4.35;39.18;0.59;3.41;39.18;0.12;2.47;46.08;-0.12;3.41;45.45;0.82;-0.25;-10.86;9.41
1787986335400972,108671,0,255,92,1.97,1.2,-2.18,4.35;39.18;0.59;3.41;39.18;0.12;2.47;46.08;-0.12;3.41;45.45;0.82;-0.25;-10.86;9.41
1787986335417164,108680,0,255,92,1.97,1.2,-2.18,4.35;39.18;0.59;3.41;39.18;0.12;2.47;46.08;-0.12;3.41;45.45;0.82;-0.25;-10.86;9.41
1787986335437452,108689,0,255,92,1.97,1.2,-2.18,4.35;39.18;0.59;3.41;39.18;0.12;2.47;46.08;-0.12;3.41;45.45;0.82;-0.25;-10.86;9.41
1787986335461299,108698,0,255,92,1.97,1.2,-2.18,4.35;39.18;0.59;3.41;39.18;0.12;2.47;46.08;-0.12;3.41;45.45;0.82;-0.25;-10.86;9.41
1787986335477448,108707,0,255,92,1.97,1.2,-2.18,4.35;39.18;0.59;3.41;39.18;0.12;2.47;46.08;-0.12;3.41;45.45;0.82;-0.25;-10.86;9.41
1787986335497762,108716,0,255,92,1.97,1.2,-2.18,4.35;39.18;0.59;3.41;39.18;0.12;2.47;46.08;-0.12;3.41;45.45;0.82;-0.25;-10.86;9.41
1787986335518028,108725,0,255,92,1.97,1.2,-2.18,4.35;39.18;0.59;3.41;39.18;0.12;2.47;46.08;-0.12;3.41;45.45;0.82;-0.25;-10.86;9.41
1787986335537810,108734,0,255,92,1.97,1.2,-2.18,4.35;39.18;0.59;3.41;39.18;0.12;2.47;46.08;-0.12;3.41;45.45;0.82;-0.25;-10.86;9.41
1787986335558406,108743,0,255,92,1.97,1.2,-2.18,4.35;39.18;0.59;3.41;39.18;0.12;2.47;46.08;-0.12;3.41;45.45;0.82;-0.25;-10.86;9.41
1787986335578755,108752,0,255,92,1.97,1.2,-2.18,4.35;39.18;0.59;3.41;39.18;0.12;2.47;46.08;-0.12;3.41;45.45;0.82;-0.25;-10.86;9.41
1787986335597968,108761,0,255,92,1.97,1.2,-2.18,4.35;39.18;0.59;3.41;39.18;0.12;2.47;46.08;-0.12;3.41;45.45;0.82;-0.25;-10.86;9.41
1787986335618796,108770,0,255,92,1.97,1.2,-2.18,4.35;39.18;0.59;3.41;39.18;0.12;2.47;46.08;-0.12;3.41;45.45;0.82;-0.25;-10.86;9.41
1787986335637598,108779,0,255,92,1.97,1.2,-2.18,4.35;39.18;0.59;3.41;39.18;0.12;2.47;46.08;-0.12;3.41;45.45;0.82;-0.25;-10.86;9.41
1787986335657808,108788,0,255,92,1.97,1.2,-2.18,4.35;39.18;0.59;3.41;39.18;0.12;2.47;46.08;-0.12;3.41;45.45;0.82;-0.25;-10.86;9.41
1787986335679384,108790,0,255,92,1.97,1.2,-2.18,4.35;39.18;0.59;3.41;39.18;0.12;2.47;46.08;-0.12;3.41;45.45;0.82;-0.25;-10.86;9.41
1787986335697106,108806,0,255,92,1.97,1.2,-2.18,4.35;39.18;0.59;3.41;39.18;0.12;2.47;46.08;-0.12;3.41;45.45;0.82;-0.25;-10.86;9.41
1787986335718033,108815,0,255,92,1.97,1.2,-2.18,4.35;39.18;0.59;3.41;39.18;0.12;2.47;46.08;-0.12;3.41;45.45;0.82;-0.25;-10.86;9.41
1787986335736584,108824,0,255,92,1.97,1.2,-2.18,4.35;39.18;0.59;3.41;39.18;0.12;2.47;46.08;-0.12;3.41;45.45;0.82;-0.25;-10.86;9.41
1787986335757282,108833,0,255,92,1.97,1.2,-2.18,4.35;39.18;0.59;3.41;39.18;0.12;2.47;46.08;-0.12;3.41;45.45;0.82;-0.25;-10.86;9.41
1787986335780024,108842,0,255,92,1.97,1.2,-2.18,4.35;39.18;0.59;3.41;39.18;0.12;2.47;46.08;-0.12;3.41;45.45;0.82;-0.25;-10.86;9.41
1787986335798075,108851,0,255,92,1.97,1.2,-2.18,4.35;39.18;0.59;3.41;39.18;0.12;2.47;46.08;-0.12;3.41;45.45;0.82;-0.25;-10.86;9.41
1787986335817829,108861,0,255,92,1.97,1.2,-2.18,4.35;39.18;0.59;3.41;39.18;0.12;2.47;46.08;-0.12;3.41;45.45;0.82;-0.25;-10.86;9.41
1787986335838273,108870,0,255,92,1.97,1.2,-2.18,4.35;39.18;0.59;3.41;39.18;0.12;2.47;46.08;-0.12;3.41;45.45;0.82;-0.25;-10.86;9.41
1787986335857098,108879,0,255,94,-0.87,-1.38,-0.96,3.41;36.67;-0.82;3.41;37.92;1.29;1.53;46.71;-0.82;2.94;42.31;0.82;-0.25;-10.86;8.65
1787986335877231,108888,0,255,94,-0.87,-1.38,-0.96,3.41;36.67;-0.82;3.41;37.92;1.29;1.53;46.71;-0.82;2.94;42.31;0.82;-0.25;-10.86;8.65
1787986335898588,108897,0,255,94,-0.87,-1.38,-0.96,3.41;36.67;-0.82;3.41;37.92;1.29;1.53;46.71;-0.82;2.94;42.31;0.82;-0.25;-10.86;8.65
1787986335919053,108906,0,255,94,-0.87,-1.38,-0.96,3.41;36.67;-0.82;3.41;37.92;1.29;1.53;46.71;-0.82;2.94;42.31;0.82;-0.25;-10.86;8.65
1787986335937276,108915,0,255,94,-0.87,-1.38,-0.96,3.41;36.67;-0.82;3.41;37.92;1.29;1.53;46.71;-0.82;2.94;42.31;0.82;-0.25;-10.86;8.65
1787986335958475,108924,0,255,94,-0.87,-1.38,-0.96,3.41;36.67;-0.82;3.41;37.92;1.29;1.53;46.71;-0.82;2.94;42.31;0.82;-0.25;-10.86;8.65
1787986335976631,108933,0,255,94,-0.87,-1.38,-0.96,3.41;36.67;-0.82;3.41;37.92;1.29;1.53;46.71;-0.82;2.94;42.31;0.82;-0.25;-10.86;8.65
1787986335996995,108942,0,255,94,-0.87,-1.38,-0.96,3.41;36.67;-0.82;3.41;37.92;1.29;1.53;46.71;-0.82;2.94;42.31;0.82;-0.25;-10.86;8.65
1787986336018445,108951,0,255,94,-0.87,-1.38,-0.96,3.41;36.67;-0.82;3.41;37.92;1.29;1.53;46.71;-0.82;2.94;42.31;0.82;-0.25;-10.86;8.65
1787986336037553,108960,0,255,94,-0.87,-1.38,-0.96,3.41;36.67;-0.82;3.41;37.92;1.29;1.53;46.71;-0.82;2.94;42.31;0.82;-0.25;-10.86;8.65
1787986336056997,108969,0,255,94,-0.87,-1.38,-0.96,3.41;36.67;-0.82;3.41;37.92;1.29;1.53;46.71;-0.82;2.94;42.31;0.82;-0.25;-10.86;8.65
1787986336077014,108978,0,255,94,-0.87,-1.38,-0.96,3.41;36.67;-0.82;3.41;37.92;1.29;1.53;46.71;-0.82;2.94;42.31;0.82;-0.25;-10.86;8.65
1787986336096233,108987,0,255,94,-0.87,-1.38,-0.96,3.41;36.67;-0.82;3.41;37.92;1.29;1.53;46.71;-0.82;2.94;42.31;0.82;-0.25;-10.86;8.65
1787986336120456,108996,0,255,94,-0.87,-1.38,-0.96,3.41;36.67;-0.82;3.41;37.92;1.29;1.53;46.71;-0.82;2.94;42.31;0.82;-0.25;-10.86;8.65
1787986336137063,109005,0,255,94,-0.87,-1.38,-0.96,3.41;36.67;-0.82;3.41;37.92;1.29;1.53;46.71;-0.82;2.94;42.31;0.82;-0.25;-10.86;8.65
1787986336157400,109014,0,255,94,-0.87,-1.38,-0.96,3.41;36.67;-0.82;3.41;37.92;1.29;1.53;46.71;-0.82;2.94;42.31;0.82;-0.25;-10.86;8.65
1787986336176634,109023,0,255,94,-0.87,-1.38,-0.96,3.41;36.67;-0.82;3.41;37.92;1.29;1.53;46.71;-0.82;2.94;42.31;0.82;-0.25;-10.86;8.65
1787986336197949,109032,0,255,94,-0.87,-1.38,-0.96,3.41;36.67;-0.82;3.41;37.92;1.29;1.53;46.71;-0.82;2.94;42.31;0.82;-0.25;-10.86;8.65
1787986336217248,109041,0,255,94,-0.87,-1.38,-0.96,3.41;36.67;-0.82;3.41;37.92;1.29;1.53;46.71;-0.82;2.94;42.31;0.82;-0.25;-10.86;8.65
1787986336237540,109050,0,255,94,-0.87,-1.38,-0.96,3.41;36.67;-0.82;3.41;37.92;1.29;1.53;46.71;-0.82;2.94;42.31;0.82;-0.25;-10.86;8.65
1787986336258633,109059,0,255,94,-0.87,-1.38,-0.96,3.41;36.67;-0.82;3.41;37.92;1.29;1.53;46.71;-0.82;2.94;42.31;0.82;-0.25;-10.86;8.65
1787986336281248,109068,0,255,94,-0.87,-1.38,-0.96,3.41;36.67;-0.82;3.41;37.92;1.29;1.53;46.71;-0.82;2.94;42.31;0.82;-0.25;-10.86;8.65
1787986336298550,109077,0,255,94,-0.87,-1.38,-0.96,3.41;36.67;-0.82;3.41;37.92;1.29;1.53;46.71;-0.82;2.94;42.31;0.82;-0.25;-10.86;8.65
1787986336317426,109086,0,255,94,-0.87,-1.38,-0.96,3.41;36.67;-0.82;3.41;37.92;1.29;1.53;46.71;-0.82;2.94;42.31;0.82;-0.25;-10.86;8.65
1787986336341363,109095,0,255,94,-0.87,-1.38,-0.96,3.41;36.67;-0.82;3.41;37.92;1.29;1.53;46.71;-0.82;2.94;42.31;0.82;-0.25;-10.86;8.65
1787986336357494,109104,0,255,94,-0.87,-1.38,-0.96,3.41;36.67;-0.82;3.41;37.92;1.29;1.53;46.71;-0.82;2.94;42.31;0.82;-0.25;-10.86;8.65
1787986336377895,109113,0,255,94,-0.87,-1.38,-0.96,3.41;36.67;-0.82;3.41;37.92;1.29;1.53;46.71;-0.82;2.94;42.31;0.82;-0.25;-10.86;8.65
1787986336398406,109122,0,255,94,-0.87,-1.38,-0.96,3.41;36.67;-0.82;3.41;37.92;1.29;1.53;46.71;-0.82;2.94;42.31;0.82;-0.25;-10.86;8.65
1787986336417848,109131,0,255,94,-0.87,-1.38,-0.96,3.41;36.67;-0.82;3.41;37.92;1.29;1.53;46.71;-0.82;2.94;42.31;0.82;-0.25;-10.86;8.65
1787986336437563,109140,0,255,94,-0.87,-1.38,-0.96,3.41;36.67;-0.82;3.41;37.92;1.29;1.53;46.71;-0.82;2.94;42.31;0.82;-0.25;-10.86;8.65
1787986336457866,109149,0,255,94,-0.87,-1.38,-0.96,3.41;36.67;-0.82;3.41;37.92;1.29;1.53;46.71;-0.82;2.94;42.31;0.82;-0.25;-10.86;8.65
1787986336477263,109158,0,255,94,-0.87,-1.38,-0.96,3.41;36.67;-0.82;3.41;37.92;1.29;1.53;46.71;-0.82;2.94;42.31;0.82;-0.25;-10.86;8.65
1787986336498667,109167,0,255,94,-0.87,-1.38,-0.96,3.41;36.67;-0.82;3.41;37.92;1.29;1.53;46.71;-0.82;2.94;42.31;0.82;-0.25;-10.86;8.65
1787986336517923,109176,0,255,94,-0.87,-1.38,-0.96,3.41;36.67;-0.82;3.41;37.92;1.29;1.53;46.71;-0.82;2.94;42.31;0.82;-0.25;-10.86;8.65
1787986336536799,109185,0,255,94,-0.87,-1.38,-0.96,3.41;36.67;-0.82;3.41;37.92;1.29;1.53;46.71;-0.82;2.94;42.31;0.82;-0.25;-10.86;8.65
1787986336557303,109194,0,255,94,-0.87,-1.38,-0.96,3.41;36.67;-0.82;3.41;37.92;1.29;1.53;46.71;-0.82;2.94;42.31;0.82;-0.25;-10.86;8.65
1787986336577395,109203,0,255,94,-0.87,-1.38,-0.96,3.41;36.67;-0.82;3.41;37.92;1.29;1.53;46.71;-0.82;2.94;42.31;0.82;-0.25;-10.86;8.65
1787986336596800,109212,0,255,94,-0.87,-1.38,-0.96,3.41;36.67;-0.82;3.41;37.92;1.29;1.53;46.71;-0.82;2.94;42.31;0.82;-0.25;-10.86;8.65
1787986336617293,109221,0,255,94,-0.87,-1.38,-0.96,3.41;36.67;-0.82;3.41;37.92;1.29;1.53;46.71;-0.82;2.94;42.31;0.82;-0.25;-10.86;8.65
1787986336637729,109230,0,255,94,-0.87,-1.38,-0.96,3.41;36.67;-0.82;3.41;37.92;1.29;1.53;46.71;-0.82;2.94;42.31;0.82;-0.25;-10.86;8.65
1787986336657421,109239,0,255,94,-0.87,-1.38,-0.96,3.41;36.67;-0.82;3.41;37.92;1.29;1.53;46.71;-0.82;2.94;42.31;0.82;-0.25;-10.86;8.65
1787986336676844,109248,0,255,94,-0.87,-1.38,-0.96,3.41;36.67;-0.82;3.41;37.92;1.29;1.53;46.71;-0.82;2.94;42.31;0.82;-0.25;-10.86;8.65
1787986336697230,109257,0,255,94,-0.87,-1.38,-0.96,3.41;36.67;-0.82;3.41;37.92;1.29;1.53;46.71;-0.82;2.94;42.31;0.82;-0.25;-10.86;8.65
1787986336719655,109266,0,255,94,-0.87,-1.38,-0.96,3.41;36.67;-0.82;3.41;37.92;1.29;1.53;46.71;-0.82;2.94;42.31;0.82;-0.25;-10.86;8.65
1787986336738709,109275,0,255,94,-0.87,-1.38,-0.96,3.41;36.67;-0.82;3.41;37.92;1.29;1.53;46.71;-0.82;2.94;42.31;0.82;-0.25;-10.86;8.65
1787986336758387,109284,0,255,94,-0.87,-1.38,-0.96,3.41;36.67;-0.82;3.41;37.92;1.29;1.53;46.71;-0.82;2.94;42.31;0.82;-0.25;-10.86;8.65
1787986336777923,109293,0,255,94,-0.87,-1.38,-0.96,3.41;36.67;-0.82;3.41;37.92;1.29;1.53;46.71;-0.82;2.94;42.31;0.82;-0.25;-10.86;8.65
1787986336797406,109302,0,255,94,-0.87,-1.38,-0.96,3.41;36.67;-0.82;3.41;37.92;1.29;1.53;46.71;-0.82;2.94;42.31;0.82;-0.25;-10.86;8.65
1787986336817545,109312,0,255,94,-0.87,-1.38,-0.96,3.41;36.67;-0.82;3.41;37.92;1.29;1.53;46.71;-0.82;2.94;42.31;0.82;-0.25;-10.86;8.65
1787986336836937,109321,0,255,94,-0.87,-1.38,-0.96,3.41;36.67;-0.82;3.41;37.92;1.29;1.53;46.71;-0.82;2.94;42.31;0.82;-0.25;-10.86;8.65
1787986336857110,109330,0,255,94,0.2,-0.72,-1.89,4.35;37.92;0.59;3.88;39.18;0.12;3.41;46.08;0.35;2.94;45.45;0.82;-0.25;-10.86;9.41
1787986336878940,109339,0,255,94,0.2,-0.72,-1.89,4.35;37.92;0.59;3.88;39.18;0.12;3.41;46.08;0.35;2.94;45.45;0.82;-0.25;-10.86;9.41
1787986336897509,109348,0,255,94,0.2,-0.72,-1.89,4.35;37.92;0.59;3.88;39.18;0.12;3.41;46.08;0.35;2.94;45.45;0.82;-0.25;-10.86;9.41
1787986336918311,109357,0,255,94,0.2,-0.72,-1.89,4.35;37.92;0.59;3.88;39.18;0.12;3.41;46.08;0.35;2.94;45.45;0.82;-0.25;-10.86;9.41
1787986336938971,109366,0,255,94,0.2,-0.72,-1.89,4.35;37.92;0.59;3.88;39.18;0.12;3.41;46.08;0.35;2.94;45.45;0.82;-0.25;-10.86;9.41
1787986336957887,109375,0,255,94,0.2,-0.72,-1.89,4.35;37.92;0.59;3.88;39.18;0.12;3.41;46.08;0.35;2.94;45.45;0.82;-0.25;-10.86;9.41
1787986336977197,109384,0,255,94,0.2,-0.72,-1.89,4.35;37.92;0.59;3.88;39.18;0.12;3.41;46.08;0.35;2.94;45.45;0.82;-0.25;-10.86;9.41
1787986337001226,109393,0,255,94,0.2,-0.72,-1.89,4.35;37.92;0.59;3.88;39.18;0.12;3.41;46.08;0.35;2.94;45.45;0.82;-0.25;-10.86;9.41
1787986337017387,109402,0,255,94,0.2,-0.72,-1.89,4.35;37.92;0.59;3.88;39.18;0.12;3.41;46.08;0.35;2.94;45.45;0.82;-0.25;-10.86;9.41
1787986337037272,109411,0,255,94,0.2,-0.72,-1.89,4.35;37.92;0.59;3.88;39.18;0.12;3.41;46.08;0.35;2.94;45.45;0.82;-0.25;-10.86;9.41
1787986337058237,109420,0,255,94,0.2,-0.72,-1.89,4.35;37.92;0.59;3.88;39.18;0.12;3.41;46.08;0.35;2.94;45.45;0.82;-0.25;-10.86;9.41
1787986337077980,109429,0,255,94,0.2,-0.72,-1.89,4.35;37.92;0.59;3.88;39.18;0.12;3.41;46.08;0.35;2.94;45.45;0.82;-0.25;-10.86;9.41
1787986337099862,109438,0,255,94,0.2,-0.72,-1.89,4.35;37.92;0.59;3.88;39.18;0.12;3.41;46.08;0.35;2.94;45.45;0.82;-0.25;-10.86;9.41
1787986337117975,109447,0,255,94,0.2,-0.72,-1.89,4.35;37.92;0.59;3.88;39.18;0.12;3.41;46.08;0.35;2.94;45.45;0.82;-0.25;-10.86;9.41
1787986337137321,109456,0,255,94,0.2,-0.72,-1.89,4.35;37.92;0.59;3.88;39.18;0.12;3.41;46.08;0.35;2.94;45.45;0.82;-0.25;-10.86;9.41
1787986337159050,109465,0,255,94,0.2,-0.72,-1.89,4.35;37.92;0.59;3.88;39.18;0.12;3.41;46.08;0.35;2.94;45.45;0.82;-0.25;-10.86;9.41
1787986337176295,109474,0,255,94,0.2,-0.72,-1.89,4.35;37.92;0.59;3.88;39.18;0.12;3.41;46.08;0.35;2.94;45.45;0.82;-0.25;-10.86;9.41
1787986337196983,109483,0,255,94,0.2,-0.72,-1.89,4.35;37.92;0.59;3.88;39.18;0.12;3.41;46.08;0.35;2.94;45.45;0.82;-0.25;-10.86;9.41
1787986337219984,109492,0,255,94,0.2,-0.72,-1.89,4.35;37.92;0.59;3.88;39.18;0.12;3.41;46.08;0.35;2.94;45.45;0.82;-0.25;-10.86;9.41
1787986337236627,109501,0,255,94,0.2,-0.72,-1.89,4.35;37.92;0.59;3.88;39.18;0.12;3.41;46.08;0.35;2.94;45.45;0.82;-0.25;-10.86;9.41
1787986337257535,109510,0,255,94,0.2,-0.72,-1.89,4.35;37.92;0.59;3.88;39.18;0.12;3.41;46.08;0.35;2.94;45.45;0.82;-0.25;-10.86;9.41
1787986337278669,109519,0,255,94,0.2,-0.72,-1.89,4.35;37.92;0.59;3.88;39.18;0.12;3.41;46.08;0.35;2.94;45.45;0.82;-0.25;-10.86;9.41
1787986337297712,109528,0,255,94,0.2,-0.72,-1.89,4.35;37.92;0.59;3.88;39.18;0.12;3.41;46.08;0.35;2.94;45.45;0.82;-0.25;-10.86;9.41
1787986337318325,109537,0,255,94,0.2,-0.72,-1.89,4.35;37.92;0.59;3.88;39.18;0.12;3.41;46.08;0.35;2.94;45.45;0.82;-0.25;-10.86;9.41
1787986337339216,109546,0,255,94,0.2,-0.72,-1.89,4.35;37.92;0.59;3.88;39.18;0.12;3.41;46.08;0.35;2.94;45.45;0.82;-0.25;-10.86;9.41
1787986337357389,109555,0,255,94,0.2,-0.72,-1.89,4.35;37.92;0.59;3.88;39.18;0.12;3.41;46.08;0.35;2.94;45.45;0.82;-0.25;-10.86;9.41
1787986337380480,109564,0,255,94,0.2,-0.72,-1.89,4.35;37.92;0.59;3.88;39.18;0.12;3.41;46.08;0.35;2.94;45.45;0.82;-0.25;-10.86;9.41
1787986337398863,109573,0,255,94,0.2,-0.72,-1.89,4.35;37.92;0.59;3.88;39.18;0.12;3.41;46.08;0.35;2.94;45.45;0.82;-0.25;-10.86;9.41
1787986337417610,109582,0,255,94,0.2,-0.72,-1.89,4.35;37.92;0.59;3.88;39.18;0.12;3.41;46.08;0.35;2.94;45.45;0.82;-0.25;-10.86;9.41
1787986337440100,109591,0,255,94,0.2,-0.72,-1.89,4.35;37.92;0.59;3.88;39.18;0.12;3.41;46.08;0.35;2.94;45.45;0.82;-0.25;-10.86;9.41
1787986337456891,109600,0,255,94,0.2,-0.72,-1.89,4.35;37.92;0.59;3.88;39.18;0.12;3.41;46.08;0.35;2.94;45.45;0.82;-0.25;-10.86;9.41
1787986337477506,109609,0,255,94,0.2,-0.72,-1.89,4.35;37.92;0.59;3.88;39.18;0.12;3.41;46.08;0.35;2.94;45.45;0.82;-0.25;-10.86;9.41
1787986337497887,109618,0,255,94,0.2,-0.72,-1.89,4.35;37.92;0.59;3.88;39.18;0.12;3.41;46.08;0.35;2.94;45.45;0.82;-0.25;-10.86;9.41
1787986337517911,109627,0,255,94,0.2,-0.72,-1.89,4.35;37.92;0.59;3.88;39.18;0.12;3.41;46.08;0.35;2.94;45.45;0.82;-0.25;-10.86;9.41
1787986337536635,109636,0,255,94,0.2,-0.72,-1.89,4.35;37.92;0.59;3.88;39.18;0.12;3.41;46.08;0.35;2.94;45.45;0.82;-0.25;-10.86;9.41
1787986337557885,109645,0,255,94,0.2,-0.72,-1.89,4.35;37.92;0.59;3.88;39.18;0.12;3.41;46.08;0.35;2.94;45.45;0.82;-0.25;-10.86;9.41
1787986337577535,109654,0,255,94,0.2,-0.72,-1.89,4.35;37.92;0.59;3.88;39.18;0.12;3.41;46.08;0.35;2.94;45.45;0.82;-0.25;-10.86;9.41
1787986337598042,109663,0,255,94,0.2,-0.72,-1.89,4.35;37.92;0.59;3.88;39.18;0.12;3.41;46.08;0.35;2.94;45.45;0.82;-0.25;-10.86;9.41
1787986337618187,109672,0,255,94,0.2,-0.72,-1.89,4.35;37.92;0.59;3.88;39.18;0.12;3.41;46.08;0.35;2.94;45.45;0.82;-0.25;-10.86;9.41
1787986337637863,109681,0,255,94,0.2,-0.72,-1.89,4.35;37.92;0.59;3.88;39.18;0.12;3.41;46.08;0.35;2.94;45.45;0.82;-0.25;-10.86;9.41
1787986337660516,109690,0,255,94,0.2,-0.72,-1.89,4.35;37.92;0.59;3.88;39.18;0.12;3.41;46.08;0.35;2.94;45.45;0.82;-0.25;-10.86;9.41
1787986337677971,109699,0,255,94,0.2,-0.72,-1.89,4.35;37.92;0.59;3.88;39.18;0.12;3.41;46.08;0.35;2.94;45.45;0.82;-0.25;-10.86;9.41
1787986337697387,109708,0,255,94,0.2,-0.72,-1.89,4.35;37.92;0.59;3.88;39.18;0.12;3.41;46.08;0.35;2.94;45.45;0.82;-0.25;-10.86;9.41
1787986337717718,109717,0,255,94,0.2,-0.72,-1.89,4.35;37.92;0.59;3.88;39.18;0.12;3.41;46.08;0.35;2.94;45.45;0.82;-0.25;-10.86;9.41
1787986337736813,109726,0,255,94,0.2,-0.72,-1.89,4.35;37.92;0.59;3.88;39.18;0.12;3.41;46.08;0.35;2.94;45.45;0.82;-0.25;-10.86;9.41
1787986337757422,109735,0,255,94,0.2,-0.72,-1.89,4.35;37.92;0.59;3.88;39.18;0.12;3.41;46.08;0.35;2.94;45.45;0.82;-0.25;-10.86;9.41
1787986337778252,109744,0,255,94,0.2,-0.72,-1.89,4.35;37.92;0.59;3.88;39.18;0.12;3.41;46.08;0.35;2.94;45.45;0.82;-0.25;-10.86;9.41
1787986337798050,109753,0,255,94,0.2,-0.72,-1.89,4.35;37.92;0.59;3.88;39.18;0.12;3.41;46.08;0.35;2.94;45.45;0.82;-0.25;-10.86;9.41
1787986337817465,109763,0,255,94,0.2,-0.72,-1.89,4.35;37.92;0.59;3.88;39.18;0.12;3.41;46.08;0.35;2.94;45.45;0.82;-0.25;-10.86;9.41
1787986337837919,109772,0,255,94,0.2,-0.72,-1.89,4.35;37.92;0.59;3.88;39.18;0.12;3.41;46.08;0.35;2.94;45.45;0.82;-0.25;-10.86;9.41
1787986337856929,109781,0,255,92,0,-1.95,10.34,4.35;39.18;1.53;4.35;39.18;1.53;2.94;44.82;0.35;2;44.2;0.59;-0.25;-10.35;9.41
1787986337877866,109790,0,255,92,0,-1.95,10.34,4.35;39.18;1.53;4.35;39.18;1.53;2.94;44.82;0.35;2;44.2;0.59;-0.25;-10.35;9.41
1787986337897697,109799,0,255,92,0,-1.95,10.34,4.35;39.18;1.53;4.35;39.18;1.53;2.94;44.82;0.35;2;44.2;0.59;-0.25;-10.35;9.41
1787986337917009,109808,0,255,92,0,-1.95,10.34,4.35;39.18;1.53;4.35;39.18;1.53;2.94;44.82;0.35;2;44.2;0.59;-0.25;-10.35;9.41
1787986337937820,109817,0,255,92,0,-1.95,10.34,4.35;39.18;1.53;4.35;39.18;1.53;2.94;44.82;0.35;2;44.2;0.59;-0.25;-10.35;9.41
1787986337957392,109826,0,255,92,0,-1.95,10.34,4.35;39.18;1.53;4.35;39.18;1.53;2.94;44.82;0.35;2;44.2;0.59;-0.25;-10.35;9.41
1787986337979033,109835,0,255,92,0,-1.95,10.34,4.35;39.18;1.53;4.35;39.18;1.53;2.94;44.82;0.35;2;44.2;0.59;-0.25;-10.35;9.41
1787986337998651,109844,0,255,92,0,-1.95,10.34,4.35;39.18;1.53;4.35;39.18;1.53;2.94;44.82;0.35;2;44.2;0.59;-0.25;-10.35;9.41
1787986338017263,109853,0,255,92,0,-1.95,10.34,4.35;39.18;1.53;4.35;39.18;1.53;2.94;44.82;0.35;2;44.2;0.59;-0.25;-10.35;9.41
1787986338036585,109862,0,255,92,0,-1.95,10.34,4.35;39.18;1.53;4.35;39.18;1.53;2.94;44.82;0.35;2;44.2;0.59;-0.25;-10.35;9.41
1787986338060286,109871,0,255,92,0,-1.95,10.34,4.35;39.18;1.53;4.35;39.18;1.53;2.94;44.82;0.35;2;44.2;0.59;-0.25;-10.35;9.41
1787986338077642,109880,0,255,92,0,-1.95,10.34,4.35;39.18;1.53;4.35;39.18;1.53;2.94;44.82;0.35;2;44.2;0.59;-0.25;-10.35;9.41
1787986338100680,109889,0,255,92,0,-1.95,10.34,4.35;39.18;1.53;4.35;39.18;1.53;2.94;44.82;0.35;2;44.2;0.59;-0.25;-10.35;9.41
1787986338117467,109898,0,255,92,0,-1.95,10.34,4.35;39.18;1.53;4.35;39.18;1.53;2.94;44.82;0.35;2;44.2;0.59;-0.25;-10.35;9.41
1787986338137106,109907,0,255,92,0,-1.95,10.34,4.35;39.18;1.53;4.35;39.18;1.53;2.94;44.82;0.35;2;44.2;0.59;-0.25;-10.35;9.41
1787986338157314,109916,0,255,92,0,-1.95,10.34,4.35;39.18;1.53;4.35;39.18;1.53;2.94;44.82;0.35;2;44.2;0.59;-0.25;-10.35;9.41
1787986338176881,109925,0,255,92,0,-1.95,10.34,4.35;39.18;1.53;4.35;39.18;1.53;2.94;44.82;0.35;2;44.2;0.59;-0.25;-10.35;9.41
1787986338197910,109934,0,255,92,0,-1.95,10.34,4.35;39.18;1.53;4.35;39.18;1.53;2.94;44.82;0.35;2;44.2;0.59;-0.25;-10.35;9.41
1787986338217902,109943,0,255,92,0,-1.95,10.34,4.35;39.18;1.53;4.35;39.18;1.53;2.94;44.82;0.35;2;44.2;0.59;-0.25;-10.35;9.41
1787986338236923,109952,0,255,92,0,-1.95,10.34,4.35;39.18;1.53;4.35;39.18;1.53;2.94;44.82;0.35;2;44.2;0.59;-0.25;-10.35;9.41
1787986338258861,109961,0,255,92,0,-1.95,10.34,4.35;39.18;1.53;4.35;39.18;1.53;2.94;44.82;0.35;2;44.2;0.59;-0.25;-10.35;9.41
1787986338277517,109970,0,255,92,0,-1.95,10.34,4.35;39.18;1.53;4.35;39.18;1.53;2.94;44.82;0.35;2;44.2;0.59;-0.25;-10.35;9.41
1787986338297208,109979,0,255,92,0,-1.95,10.34,4.35;39.18;1.53;4.35;39.18;1.53;2.94;44.82;0.35;2;44.2;0.59;-0.25;-10.35;9.41
1787986338317959,109988,0,255,92,0,-1.95,10.34,4.35;39.18;1.53;4.35;39.18;1.53;2.94;44.82;0.35;2;44.2;0.59;-0.25;-10.35;9.41
1787986338349092,109997,0,255,92,0,-1.95,10.34,4.35;39.18;1.53;4.35;39.18;1.53;2.94;44.82;0.35;2;44.2;0.59;-0.25;-10.35;9.41
1787986338358828,110006,0,255,92,0,-1.95,10.34,4.35;39.18;1.53;4.35;39.18;1.53;2.94;44.82;0.35;2;44.2;0.59;-0.25;-10.35;9.41
1787986338378604,110008,0,255,92,0,-1.95,10.34,4.35;39.18;1.53;4.35;39.18;1.53;2.94;44.82;0.35;2;44.2;0.59;-0.25;-10.35;9.41
1787986338397480,110024,0,255,92,0,-1.95,10.34,4.35;39.18;1.53;4.35;39.18;1.53;2.94;44.82;0.35;2;44.2;0.59;-0.25;-10.35;9.41
1787986338419328,110026,0,255,92,0,-1.95,10.34,4.35;39.18;1.53;4.35;39.18;1.53;2.94;44.82;0.35;2;44.2;0.59;-0.25;-10.35;9.41
1787986338438496,110042,0,255,92,0,-1.95,10.34,4.35;39.18;1.53;4.35;39.18;1.53;2.94;44.82;0.35;2;44.2;0.59;-0.25;-10.35;9.41
1787986338458804,110044,0,255,92,0,-1.95,10.34,4.35;39.18;1.53;4.35;39.18;1.53;2.94;44.82;0.35;2;44.2;0.59;-0.25;-10.35;9.41
1787986338486479,110053,0,255,92,0,-1.95,10.34,4.35;39.18;1.53;4.35;39.18;1.53;2.94;44.82;0.35;2;44.2;0.59;-0.25;-10.35;9.41
1787986338500769,110062,0,255,92,0,-1.95,10.34,4.35;39.18;1.53;4.35;39.18;1.53;2.94;44.82;0.35;2;44.2;0.59;-0.25;-10.35;9.41
1787986338529064,110071,0,255,92,0,-1.95,10.34,4.35;39.18;1.53;4.35;39.18;1.53;2.94;44.82;0.35;2;44.2;0.59;-0.25;-10.35;9.41
1787986338542198,110080,0,255,92,0,-1.95,10.34,4.35;39.18;1.53;4.35;39.18;1.53;2.94;44.82;0.35;2;44.2;0.59;-0.25;-10.35;9.41
1787986338559215,110089,0,255,92,0,-1.95,10.34,4.35;39.18;1.53;4.35;39.18;1.53;2.94;44.82;0.35;2;44.2;0.59;-0.25;-10.35;9.41
1787986338579086,110098,0,255,92,0,-1.95,10.34,4.35;39.18;1.53;4.35;39.18;1.53;2.94;44.82;0.35;2;44.2;0.59;-0.25;-10.35;9.41
1787986338601340,110107,0,255,92,0,-1.95,10.34,4.35;39.18;1.53;4.35;39.18;1.53;2.94;44.82;0.35;2;44.2;0.59;-0.25;-10.35;9.41
1787986338622010,110123,0,255,92,0,-1.95,10.34,4.35;39.18;1.53;4.35;39.18;1.53;2.94;44.82;0.35;2;44.2;0.59;-0.25;-10.35;9.41
1787986338637473,110125,0,255,92,0,-1.95,10.34,4.35;39.18;1.53;4.35;39.18;1.53;2.94;44.82;0.35;2;44.2;0.59;-0.25;-10.35;9.41
1787986338659848,110134,0,255,92,0,-1.95,10.34,4.35;39.18;1.53;4.35;39.18;1.53;2.94;44.82;0.35;2;44.2;0.59;-0.25;-10.35;9.41
1787986338686586,110143,0,255,92,0,-1.95,10.34,4.35;39.18;1.53;4.35;39.18;1.53;2.94;44.82;0.35;2;44.2;0.59;-0.25;-10.35;9.41
1787986338699010,110152,0,255,92,0,-1.95,10.34,4.35;39.18;1.53;4.35;39.18;1.53;2.94;44.82;0.35;2;44.2;0.59;-0.25;-10.35;9.41
1787986338719888,110161,0,255,92,0,-1.95,10.34,4.35;39.18;1.53;4.35;39.18;1.53;2.94;44.82;0.35;2;44.2;0.59;-0.25;-10.35;9.41
1787986338737361,110177,0,255,92,0,-1.95,10.34,4.35;39.18;1.53;4.35;39.18;1.53;2.94;44.82;0.35;2;44.2;0.59;-0.25;-10.35;9.41
1787986338759080,110179,0,255,92,0,-1.95,10.34,4.35;39.18;1.53;4.35;39.18;1.53;2.94;44.82;0.35;2;44.2;0.59;-0.25;-10.35;9.41
1787986338777656,110195,0,255,92,0,-1.95,10.34,4.35;39.18;1.53;4.35;39.18;1.53;2.94;44.82;0.35;2;44.2;0.59;-0.25;-10.35;9.41
1787986338798892,110204,0,255,92,0,-1.95,10.34,4.35;39.18;1.53;4.35;39.18;1.53;2.94;44.82;0.35;2;44.2;0.59;-0.25;-10.35;9.41
1787986338819176,110207,0,255,92,0,-1.95,10.34,4.35;39.18;1.53;4.35;39.18;1.53;2.94;44.82;0.35;2;44.2;0.59;-0.25;-10.35;9.41
1787986338837507,110223,0,255,92,-0.58,0.83,9.05,4.35;39.18;0.35;2.94;38.55;0.82;2.94;45.45;-0.35;3.41;46.08;-0.59;-0.25;-10.35;9.41
1787986338857252,110232,0,255,92,-0.58,0.83,9.05,4.35;39.18;0.35;2.94;38.55;0.82;2.94;45.45;-0.35;3.41;46.08;-0.59;-0.25;-10.35;9.41
1787986338877666,110241,0,255,92,-0.58,0.83,9.05,4.35;39.18;0.35;2.94;38.55;0.82;2.94;45.45;-0.35;3.41;46.08;-0.59;-0.25;-10.35;9.41
1787986338898125,110250,0,255,92,-0.58,0.83,9.05,4.35;39.18;0.35;2.94;38.55;0.82;2.94;45.45;-0.35;3.41;46.08;-0.59;-0.25;-10.35;9.41
1787986338919075,110259,0,255,92,-0.58,0.83,9.05,4.35;39.18;0.35;2.94;38.55;0.82;2.94;45.45;-0.35;3.41;46.08;-0.59;-0.25;-10.35;9.41
1787986338937818,110268,0,255,92,-0.58,0.83,9.05,4.35;39.18;0.35;2.94;38.55;0.82;2.94;45.45;-0.35;3.41;46.08;-0.59;-0.25;-10.35;9.41
1787986338958463,110277,0,255,92,-0.58,0.83,9.05,4.35;39.18;0.35;2.94;38.55;0.82;2.94;45.45;-0.35;3.41;46.08;-0.59;-0.25;-10.35;9.41
1787986338978457,110279,0,255,92,-0.58,0.83,9.05,4.35;39.18;0.35;2.94;38.55;0.82;2.94;45.45;-0.35;3.41;46.08;-0.59;-0.25;-10.35;9.41
1787986338998239,110295,0,255,92,-0.58,0.83,9.05,4.35;39.18;0.35;2.94;38.55;0.82;2.94;45.45;-0.35;3.41;46.08;-0.59;-0.25;-10.35;9.41
1787986339017303,110304,0,255,92,-0.58,0.83,9.05,4.35;39.18;0.35;2.94;38.55;0.82;2.94;45.45;-0.35;3.41;46.08;-0.59;-0.25;-10.35;9.41
1787986339037042,110313,0,255,92,-0.58,0.83,9.05,4.35;39.18;0.35;2.94;38.55;0.82;2.94;45.45;-0.35;3.41;46.08;-0.59;-0.25;-10.35;9.41
1787986339058065,110322,0,255,92,-0.58,0.83,9.05,4.35;39.18;0.35;2.94;38.55;0.82;2.94;45.45;-0.35;3.41;46.08;-0.59;-0.25;-10.35;9.41
1787986339078596,110331,0,255,92,-0.58,0.83,9.05,4.35;39.18;0.35;2.94;38.55;0.82;2.94;45.45;-0.35;3.41;46.08;-0.59;-0.25;-10.35;9.41
1787986339098121,110340,0,255,92,-0.58,0.83,9.05,4.35;39.18;0.35;2.94;38.55;0.82;2.94;45.45;-0.35;3.41;46.08;-0.59;-0.25;-10.35;9.41
1787986339117143,110349,0,255,92,-0.58,0.83,9.05,4.35;39.18;0.35;2.94;38.55;0.82;2.94;45.45;-0.35;3.41;46.08;-0.59;-0.25;-10.35;9.41
1787986339140395,110351,0,255,92,-0.58,0.83,9.05,4.35;39.18;0.35;2.94;38.55;0.82;2.94;45.45;-0.35;3.41;46.08;-0.59;-0.25;-10.35;9.41
1787986339157670,110367,0,255,92,-0.58,0.83,9.05,4.35;39.18;0.35;2.94;38.55;0.82;2.94;45.45;-0.35;3.41;46.08;-0.59;-0.25;-10.35;9.41
1787986339177637,110376,0,255,92,-0.58,0.83,9.05,4.35;39.18;0.35;2.94;38.55;0.82;2.94;45.45;-0.35;3.41;46.08;-0.59;-0.25;-10.35;9.41
1787986339198193,110378,0,255,92,-0.58,0.83,9.05,4.35;39.18;0.35;2.94;38.55;0.82;2.94;45.45;-0.35;3.41;46.08;-0.59;-0.25;-10.35;9.41
1787986339218783,110394,0,255,92,-0.58,0.83,9.05,4.35;39.18;0.35;2.94;38.55;0.82;2.94;45.45;-0.35;3.41;46.08;-0.59;-0.25;-10.35;9.41
1787986339237997,110403,0,255,92,-0.58,0.83,9.05,4.35;39.18;0.35;2.94;38.55;0.82;2.94;45.45;-0.35;3.41;46.08;-0.59;-0.25;-10.35;9.41
1787986339258824,110405,0,255,92,-0.58,0.83,9.05,4.35;39.18;0.35;2.94;38.55;0.82;2.94;45.45;-0.35;3.41;46.08;-0.59;-0.25;-10.35;9.41
1787986339277569,110414,0,255,92,-0.58,0.83,9.05,4.35;39.18;0.35;2.94;38.55;0.82;2.94;45.45;-0.35;3.41;46.08;-0.59;-0.25;-10.35;9.41
1787986339299340,110430,0,255,92,-0.58,0.83,9.05,4.35;39.18;0.35;2.94;38.55;0.82;2.94;45.45;-0.35;3.41;46.08;-0.59;-0.25;-10.35;9.41
1787986339318052,110439,0,255,92,-0.58,0.83,9.05,4.35;39.18;0.35;2.94;38.55;0.82;2.94;45.45;-0.35;3.41;46.08;-0.59;-0.25;-10.35;9.41
1787986339343396,110441,0,255,92,-0.58,0.83,9.05,4.35;39.18;0.35;2.94;38.55;0.82;2.94;45.45;-0.35;3.41;46.08;-0.59;-0.25;-10.35;9.41
1787986339360109,110450,0,255,92,-0.58,0.83,9.05,4.35;39.18;0.35;2.94;38.55;0.82;2.94;45.45;-0.35;3.41;46.08;-0.59;-0.25;-10.35;9.41
1787986339378155,110459,0,255,92,-0.58,0.83,9.05,4.35;39.18;0.35;2.94;38.55;0.82;2.94;45.45;-0.35;3.41;46.08;-0.59;-0.25;-10.35;9.41
1787986339397813,110475,0,255,92,-0.58,0.83,9.05,4.35;39.18;0.35;2.94;38.55;0.82;2.94;45.45;-0.35;3.41;46.08;-0.59;-0.25;-10.35;9.41
1787986339422379,110477,0,255,92,-0.58,0.83,9.05,4.35;39.18;0.35;2.94;38.55;0.82;2.94;45.45;-0.35;3.41;46.08;-0.59;-0.25;-10.35;9.41
1787986339447947,110486,0,255,92,-0.58,0.83,9.05,4.35;39.18;0.35;2.94;38.55;0.82;2.94;45.45;-0.35;3.41;46.08;-0.59;-0.25;-10.35;9.41
1787986339457436,110495,0,255,92,-0.58,0.83,9.05,4.35;39.18;0.35;2.94;38.55;0.82;2.94;45.45;-0.35;3.41;46.08;-0.59;-0.25;-10.35;9.41
1787986339480813,110504,0,255,92,-0.58,0.83,9.05,4.35;39.18;0.35;2.94;38.55;0.82;2.94;45.45;-0.35;3.41;46.08;-0.59;-0.25;-10.35;9.41
1787986339497576,110520,0,255,92,-0.58,0.83,9.05,4.35;39.18;0.35;2.94;38.55;0.82;2.94;45.45;-0.35;3.41;46.08;-0.59;-0.25;-10.35;9.41
1787986339519215,110529,0,255,92,-0.58,0.83,9.05,4.35;39.18;0.35;2.94;38.55;0.82;2.94;45.45;-0.35;3.41;46.08;-0.59;-0.25;-10.35;9.41
1787986339537529,110538,0,255,92,-0.58,0.83,9.05,4.35;39.18;0.35;2.94;38.55;0.82;2.94;45.45;-0.35;3.41;46.08;-0.59;-0.25;-10.35;9.41
1787986339558306,110547,0,255,92,-0.58,0.83,9.05,4.35;39.18;0.35;2.94;38.55;0.82;2.94;45.45;-0.35;3.41;46.08;-0.59;-0.25;-10.35;9.41
1787986339577631,110549,0,255,92,-0.58,0.83,9.05,4.35;39.18;0.35;2.94;38.55;0.82;2.94;45.45;-0.35;3.41;46.08;-0.59;-0.25;-10.35;9.41
1787986339597362,110565,0,255,92,-0.58,0.83,9.05,4.35;39.18;0.35;2.94;38.55;0.82;2.94;45.45;-0.35;3.41;46.08;-0.59;-0.25;-10.35;9.41
1787986339619213,110574,0,255,92,-0.58,0.83,9.05,4.35;39.18;0.35;2.94;38.55;0.82;2.94;45.45;-0.35;3.41;46.08;-0.59;-0.25;-10.35;9.41
1787986339639513,110576,0,255,92,-0.58,0.83,9.05,4.35;39.18;0.35;2.94;38.55;0.82;2.94;45.45;-0.35;3.41;46.08;-0.59;-0.25;-10.35;9.41
1787986339657755,110592,0,255,92,-0.58,0.83,9.05,4.35;39.18;0.35;2.94;38.55;0.82;2.94;45.45;-0.35;3.41;46.08;-0.59;-0.25;-10.35;9.41
1787986339676385,110594,0,255,92,-0.58,0.83,9.05,4.35;39.18;0.35;2.94;38.55;0.82;2.94;45.45;-0.35;3.41;46.08;-0.59;-0.25;-10.35;9.41
1787986339703291,110610,0,255,92,-0.58,0.83,9.05,4.35;39.18;0.35;2.94;38.55;0.82;2.94;45.45;-0.35;3.41;46.08;-0.59;-0.25;-10.35;9.41
1787986339718001,110619,0,255,92,-0.58,0.83,9.05,4.35;39.18;0.35;2.94;38.55;0.82;2.94;45.45;-0.35;3.41;46.08;-0.59;-0.25;-10.35;9.41
1787986339737661,110628,0,255,92,-0.58,0.83,9.05,4.35;39.18;0.35;2.94;38.55;0.82;2.94;45.45;-0.35;3.41;46.08;-0.59;-0.25;-10.35;9.41
1787986339783351,110630,0,255,92,-0.58,0.83,9.05,4.35;39.18;0.35;2.94;38.55;0.82;2.94;45.45;-0.35;3.41;46.08;-0.59;-0.25;-10.35;9.41
1787986339785114,110632,0,255,92,-0.58,0.83,9.05,4.35;39.18;0.35;2.94;38.55;0.82;2.94;45.45;-0.35;3.41;46.08;-0.59;-0.25;-10.35;9.41
1787986339798561,110648,0,255,92,-0.58,0.83,9.05,4.35;39.18;0.35;2.94;38.55;0.82;2.94;45.45;-0.35;3.41;46.08;-0.59;-0.25;-10.35;9.41
1787986339818849,110665,0,255,92,-0.58,0.83,9.05,4.35;39.18;0.35;2.94;38.55;0.82;2.94;45.45;-0.35;3.41;46.08;-0.59;-0.25;-10.35;9.41
1787986339838241,110674,0,255,92,-0.58,0.83,9.05,4.35;39.18;0.35;2.94;38.55;0.82;2.94;45.45;-0.35;3.41;46.08;-0.59;-0.25;-10.35;9.41
1787986339859112,110676,0,255,93,-0.01,0.29,8.33,4.35;39.18;0.82;3.88;37.92;0.59;2.94;46.08;-0.59;2.94;45.45;0.12;-0.25;-10.35;9.41
1787986339878418,110692,0,255,93,-0.01,0.29,8.33,4.35;39.18;0.82;3.88;37.92;0.59;2.94;46.08;-0.59;2.94;45.45;0.12;-0.25;-10.35;9.41
1787986339899051,110694,0,255,93,-0.01,0.29,8.33,4.35;39.18;0.82;3.88;37.92;0.59;2.94;46.08;-0.59;2.94;45.45;0.12;-0.25;-10.35;9.41
1787986339923132,110703,0,255,93,-0.01,0.29,8.33,4.35;39.18;0.82;3.88;37.92;0.59;2.94;46.08;-0.59;2.94;45.45;0.12;-0.25;-10.35;9.41
1787986339937871,110719,0,255,93,-0.01,0.29,8.33,4.35;39.18;0.82;3.88;37.92;0.59;2.94;46.08;-0.59;2.94;45.45;0.12;-0.25;-10.35;9.41
1787986339957614,110728,0,255,93,-0.01,0.29,8.33,4.35;39.18;0.82;3.88;37.92;0.59;2.94;46.08;-0.59;2.94;45.45;0.12;-0.25;-10.35;9.41
1787986339978414,110737,0,255,93,-0.01,0.29,8.33,4.35;39.18;0.82;3.88;37.92;0.59;2.94;46.08;-0.59;2.94;45.45;0.12;-0.25;-10.35;9.41
1787986339998125,110746,0,255,93,-0.01,0.29,8.33,4.35;39.18;0.82;3.88;37.92;0.59;2.94;46.08;-0.59;2.94;45.45;0.12;-0.25;-10.35;9.41
1787986340020143,110748,0,255,93,-0.01,0.29,8.33,4.35;39.18;0.82;3.88;37.92;0.59;2.94;46.08;-0.59;2.94;45.45;0.12;-0.25;-10.35;9.41
1787986340037454,110764,0,255,93,-0.01,0.29,8.33,4.35;39.18;0.82;3.88;37.92;0.59;2.94;46.08;-0.59;2.94;45.45;0.12;-0.25;-10.35;9.41
1787986340058053,110773,0,255,93,-0.01,0.29,8.33,4.35;39.18;0.82;3.88;37.92;0.59;2.94;46.08;-0.59;2.94;45.45;0.12;-0.25;-10.35;9.41
1787986340079764,110775,0,255,93,-0.01,0.29,8.33,4.35;39.18;0.82;3.88;37.92;0.59;2.94;46.08;-0.59;2.94;45.45;0.12;-0.25;-10.35;9.41
1787986340101577,110791,0,255,93,-0.01,0.29,8.33,4.35;39.18;0.82;3.88;37.92;0.59;2.94;46.08;-0.59;2.94;45.45;0.12;-0.25;-10.35;9.41
1787986340119616,110793,0,255,93,-0.01,0.29,8.33,4.35;39.18;0.82;3.88;37.92;0.59;2.94;46.08;-0.59;2.94;45.45;0.12;-0.25;-10.35;9.41
1787986340141754,110802,0,255,93,-0.01,0.29,8.33,4.35;39.18;0.82;3.88;37.92;0.59;2.94;46.08;-0.59;2.94;45.45;0.12;-0.25;-10.35;9.41
1787986340157168,110818,0,255,93,-0.01,0.29,8.33,4.35;39.18;0.82;3.88;37.92;0.59;2.94;46.08;-0.59;2.94;45.45;0.12;-0.25;-10.35;9.41
1787986340177275,110827,0,255,93,-0.01,0.29,8.33,4.35;39.18;0.82;3.88;37.92;0.59;2.94;46.08;-0.59;2.94;45.45;0.12;-0.25;-10.35;9.41
1787986340199661,110836,0,255,93,-0.01,0.29,8.33,4.35;39.18;0.82;3.88;37.92;0.59;2.94;46.08;-0.59;2.94;45.45;0.12;-0.25;-10.35;9.41
1787986340217865,110845,0,255,93,-0.01,0.29,8.33,4.35;39.18;0.82;3.88;37.92;0.59;2.94;46.08;-0.59;2.94;45.45;0.12;-0.25;-10.35;9.41
1787986340238961,110854,0,255,93,-0.01,0.29,8.33,4.35;39.18;0.82;3.88;37.92;0.59;2.94;46.08;-0.59;2.94;45.45;0.12;-0.25;-10.35;9.41
1787986340259740,110863,0,255,93,-0.01,0.29,8.33,4.35;39.18;0.82;3.88;37.92;0.59;2.94;46.08;-0.59;2.94;45.45;0.12;-0.25;-10.35;9.41
1787986340276858,110872,0,255,93,-0.01,0.29,8.33,4.35;39.18;0.82;3.88;37.92;0.59;2.94;46.08;-0.59;2.94;45.45;0.12;-0.25;-10.35;9.41
1787986340299927,110881,0,255,93,-0.01,0.29,8.33,4.35;39.18;0.82;3.88;37.92;0.59;2.94;46.08;-0.59;2.94;45.45;0.12;-0.25;-10.35;9.41
1787986340318157,110890,0,255,93,-0.01,0.29,8.33,4.35;39.18;0.82;3.88;37.92;0.59;2.94;46.08;-0.59;2.94;45.45;0.12;-0.25;-10.35;9.41
1787986340338522,110899,0,255,93,-0.01,0.29,8.33,4.35;39.18;0.82;3.88;37.92;0.59;2.94;46.08;-0.59;2.94;45.45;0.12;-0.25;-10.35;9.41
1787986340357372,110901,0,255,93,-0.01,0.29,8.33,4.35;39.18;0.82;3.88;37.92;0.59;2.94;46.08;-0.59;2.94;45.45;0.12;-0.25;-10.35;9.41
1787986340377106,110917,0,255,93,-0.01,0.29,8.33,4.35;39.18;0.82;3.88;37.92;0.59;2.94;46.08;-0.59;2.94;45.45;0.12;-0.25;-10.35;9.41
1787986340396863,110919,0,255,93,-0.01,0.29,8.33,4.35;39.18;0.82;3.88;37.92;0.59;2.94;46.08;-0.59;2.94;45.45;0.12;-0.25;-10.35;9.41
1787986340419069,110935,0,255,93,-0.01,0.29,8.33,4.35;39.18;0.82;3.88;37.92;0.59;2.94;46.08;-0.59;2.94;45.45;0.12;-0.25;-10.35;9.41
1787986340437275,110944,0,255,93,-0.01,0.29,8.33,4.35;39.18;0.82;3.88;37.92;0.59;2.94;46.08;-0.59;2.94;45.45;0.12;-0.25;-10.35;9.41
1787986340458021,110946,0,255,93,-0.01,0.29,8.33,4.35;39.18;0.82;3.88;37.92;0.59;2.94;46.08;-0.59;2.94;45.45;0.12;-0.25;-10.35;9.41
1787986340478513,110962,0,255,93,-0.01,0.29,8.33,4.35;39.18;0.82;3.88;37.92;0.59;2.94;46.08;-0.59;2.94;45.45;0.12;-0.25;-10.35;9.41
1787986340497541,110971,0,255,93,-0.01,0.29,8.33,4.35;39.18;0.82;3.88;37.92;0.59;2.94;46.08;-0.59;2.94;45.45;0.12;-0.25;-10.35;9.41
1787986340518041,110973,0,255,93,-0.01,0.29,8.33,4.35;39.18;0.82;3.88;37.92;0.59;2.94;46.08;-0.59;2.94;45.45;0.12;-0.25;-10.35;9.41
1787986340536699,110989,0,255,93,-0.01,0.29,8.33,4.35;39.18;0.82;3.88;37.92;0.59;2.94;46.08;-0.59;2.94;45.45;0.12;-0.25;-10.35;9.41
1787986340557893,110998,0,255,93,-0.01,0.29,8.33,4.35;39.18;0.82;3.88;37.92;0.59;2.94;46.08;-0.59;2.94;45.45;0.12;-0.25;-10.35;9.41
1787986340579489,111000,0,255,93,-0.01,0.29,8.33,4.35;39.18;0.82;3.88;37.92;0.59;2.94;46.08;-0.59;2.94;45.45;0.12;-0.25;-10.35;9.41
1787986340597894,111016,0,255,93,-0.01,0.29,8.33,4.35;39.18;0.82;3.88;37.92;0.59;2.94;46.08;-0.59;2.94;45.45;0.12;-0.25;-10.35;9.41
1787986340617698,111025,0,255,93,-0.01,0.29,8.33,4.35;39.18;0.82;3.88;37.92;0.59;2.94;46.08;-0.59;2.94;45.45;0.12;-0.25;-10.35;9.41
1787986340641548,111034,0,255,93,-0.01,0.29,8.33,4.35;39.18;0.82;3.88;37.92;0.59;2.94;46.08;-0.59;2.94;45.45;0.12;-0.25;-10.35;9.41
1787986340661059,111036,0,255,93,-0.01,0.29,8.33,4.35;39.18;0.82;3.88;37.92;0.59;2.94;46.08;-0.59;2.94;45.45;0.12;-0.25;-10.35;9.41
1787986340676979,111045,0,255,93,-0.01,0.29,8.33,4.35;39.18;0.82;3.88;37.92;0.59;2.94;46.08;-0.59;2.94;45.45;0.12;-0.25;-10.35;9.41
1787986340698366,111061,0,255,93,-0.01,0.29,8.33,4.35;39.18;0.82;3.88;37.92;0.59;2.94;46.08;-0.59;2.94;45.45;0.12;-0.25;-10.35;9.41
1787986340717839,111063,0,255,93,-0.01,0.29,8.33,4.35;39.18;0.82;3.88;37.92;0.59;2.94;46.08;-0.59;2.94;45.45;0.12;-0.25;-10.35;9.41
1787986340738908,111079,0,255,93,-0.01,0.29,8.33,4.35;39.18;0.82;3.88;37.92;0.59;2.94;46.08;-0.59;2.94;45.45;0.12;-0.25;-10.35;9.41
1787986340757649,111088,0,255,93,-0.01,0.29,8.33,4.35;39.18;0.82;3.88;37.92;0.59;2.94;46.08;-0.59;2.94;45.45;0.12;-0.25;-10.35;9.41
1787986340777175,111097,0,255,93,-0.01,0.29,8.33,4.35;39.18;0.82;3.88;37.92;0.59;2.94;46.08;-0.59;2.94;45.45;0.12;-0.25;-10.35;9.41
1787986340801182,111099,0,255,93,-0.01,0.29,8.33,4.35;39.18;0.82;3.88;37.92;0.59;2.94;46.08;-0.59;2.94;45.45;0.12;-0.25;-10.35;9.41
1787986340818790,111116,0,255,93,-0.01,0.29,8.33,4.35;39.18;0.82;3.88;37.92;0.59;2.94;46.08;-0.59;2.94;45.45;0.12;-0.25;-10.35;9.41
1787986340838545,111118,0,255,93,-0.01,0.29,8.33,4.35;39.18;0.82;3.88;37.92;0.59;2.94;46.08;-0.59;2.94;45.45;0.12;-0.25;-10.35;9.41
1787986340856820,111134,0,255,93,0.44,-4.71,8.05,15.18;38.55;0.82;14.71;38.55;0.35;-4.59;57.37;-0.59;-4.59;56.12;0.35;0.25;-10.86;20.88
1787986340876842,111136,0,255,93,0.44,-4.71,8.05,15.18;38.55;0.82;14.71;38.55;0.35;-4.59;57.37;-0.59;-4.59;56.12;0.35;0.25;-10.86;20.88
1787986340899129,111145,0,255,93,0.44,-4.71,8.05,15.18;38.55;0.82;14.71;38.55;0.35;-4.59;57.37;-0.59;-4.59;56.12;0.35;0.25;-10.86;20.88
1787986340918387,111161,0,255,93,0.44,-4.71,8.05,15.18;38.55;0.82;14.71;38.55;0.35;-4.59;57.37;-0.59;-4.59;56.12;0.35;0.25;-10.86;20.88
1787986340938198,111163,0,255,93,0.44,-4.71,8.05,15.18;38.55;0.82;14.71;38.55;0.35;-4.59;57.37;-0.59;-4.59;56.12;0.35;0.25;-10.86;20.88
1787986340959234,111179,0,255,93,0.44,-4.71,8.05,15.18;38.55;0.82;14.71;38.55;0.35;-4.59;57.37;-0.59;-4.59;56.12;0.35;0.25;-10.86;20.88
1787986340984856,111181,0,255,93,0.44,-4.71,8.05,15.18;38.55;0.82;14.71;38.55;0.35;-4.59;57.37;-0.59;-4.59;56.12;0.35;0.25;-10.86;20.88
1787986340997698,111197,0,255,93,0.44,-4.71,8.05,15.18;38.55;0.82;14.71;38.55;0.35;-4.59;57.37;-0.59;-4.59;56.12;0.35;0.25;-10.86;20.88
1787986341019941,111206,0,255,93,0.44,-4.71,8.05,15.18;38.55;0.82;14.71;38.55;0.35;-4.59;57.37;-0.59;-4.59;56.12;0.35;0.25;-10.86;20.88
1787986341039931,111215,0,255,93,0.44,-4.71,8.05,15.18;38.55;0.82;14.71;38.55;0.35;-4.59;57.37;-0.59;-4.59;56.12;0.35;0.25;-10.86;20.88
1787986341060798,111217,0,255,93,0.44,-4.71,8.05,15.18;38.55;0.82;14.71;38.55;0.35;-4.59;57.37;-0.59;-4.59;56.12;0.35;0.25;-10.86;20.88
1787986341076781,111226,0,255,93,0.44,-4.71,8.05,15.18;38.55;0.82;14.71;38.55;0.35;-4.59;57.37;-0.59;-4.59;56.12;0.35;0.25;-10.86;20.88
1787986341097280,111242,0,255,93,0.44,-4.71,8.05,15.18;38.55;0.82;14.71;38.55;0.35;-4.59;57.37;-0.59;-4.59;56.12;0.35;0.25;-10.86;20.88
1787986341119038,111251,0,255,93,0.44,-4.71,8.05,15.18;38.55;0.82;14.71;38.55;0.35;-4.59;57.37;-0.59;-4.59;56.12;0.35;0.25;-10.86;20.88
1787986341137293,111260,0,255,93,0.44,-4.71,8.05,15.18;38.55;0.82;14.71;38.55;0.35;-4.59;57.37;-0.59;-4.59;56.12;0.35;0.25;-10.86;20.88
1787986341157831,111269,0,255,93,0.44,-4.71,8.05,15.18;38.55;0.82;14.71;38.55;0.35;-4.59;57.37;-0.59;-4.59;56.12;0.35;0.25;-10.86;20.88
1787986341177378,111271,0,255,93,0.44,-4.71,8.05,15.18;38.55;0.82;14.71;38.55;0.35;-4.59;57.37;-0.59;-4.59;56.12;0.35;0.25;-10.86;20.88
1787986341198244,111280,0,255,93,0.44,-4.71,8.05,15.18;38.55;0.82;14.71;38.55;0.35;-4.59;57.37;-0.59;-4.59;56.12;0.35;0.25;-10.86;20.88
1787986341216999,111296,0,255,93,0.44,-4.71,8.05,15.18;38.55;0.82;14.71;38.55;0.35;-4.59;57.37;-0.59;-4.59;56.12;0.35;0.25;-10.86;20.88
1787986341250880,111305,0,255,93,0.44,-4.71,8.05,15.18;38.55;0.82;14.71;38.55;0.35;-4.59;57.37;-0.59;-4.59;56.12;0.35;0.25;-10.86;20.88
1787986341258130,111307,0,255,93,0.44,-4.71,8.05,15.18;38.55;0.82;14.71;38.55;0.35;-4.59;57.37;-0.59;-4.59;56.12;0.35;0.25;-10.86;20.88
1787986341278678,111316,0,255,93,0.44,-4.71,8.05,15.18;38.55;0.82;14.71;38.55;0.35;-4.59;57.37;-0.59;-4.59;56.12;0.35;0.25;-10.86;20.88
1787986341299329,111332,0,255,93,0.44,-4.71,8.05,15.18;38.55;0.82;14.71;38.55;0.35;-4.59;57.37;-0.59;-4.59;56.12;0.35;0.25;-10.86;20.88
1787986341317172,111341,0,255,93,0.44,-4.71,8.05,15.18;38.55;0.82;14.71;38.55;0.35;-4.59;57.37;-0.59;-4.59;56.12;0.35;0.25;-10.86;20.88
1787986341337020,111350,0,255,93,0.44,-4.71,8.05,15.18;38.55;0.82;14.71;38.55;0.35;-4.59;57.37;-0.59;-4.59;56.12;0.35;0.25;-10.86;20.88
1787986341358708,111359,0,255,93,0.44,-4.71,8.05,15.18;38.55;0.82;14.71;38.55;0.35;-4.59;57.37;-0.59;-4.59;56.12;0.35;0.25;-10.86;20.88
1787986341378314,111368,0,255,93,0.44,-4.71,8.05,15.18;38.55;0.82;14.71;38.55;0.35;-4.59;57.37;-0.59;-4.59;56.12;0.35;0.25;-10.86;20.88
1787986341397846,111370,0,255,93,0.44,-4.71,8.05,15.18;38.55;0.82;14.71;38.55;0.35;-4.59;57.37;-0.59;-4.59;56.12;0.35;0.25;-10.86;20.88
1787986341418884,111386,0,255,93,0.44,-4.71,8.05,15.18;38.55;0.82;14.71;38.55;0.35;-4.59;57.37;-0.59;-4.59;56.12;0.35;0.25;-10.86;20.88
1787986341437188,111395,0,255,93,0.44,-4.71,8.05,15.18;38.55;0.82;14.71;38.55;0.35;-4.59;57.37;-0.59;-4.59;56.12;0.35;0.25;-10.86;20.88
1787986341459002,111397,0,255,93,0.44,-4.71,8.05,15.18;38.55;0.82;14.71;38.55;0.35;-4.59;57.37;-0.59;-4.59;56.12;0.35;0.25;-10.86;20.88
1787986341479322,111413,0,255,93,0.44,-4.71,8.05,15.18;38.55;0.82;14.71;38.55;0.35;-4.59;57.37;-0.59;-4.59;56.12;0.35;0.25;-10.86;20.88
1787986341498055,111415,0,255,93,0.44,-4.71,8.05,15.18;38.55;0.82;14.71;38.55;0.35;-4.59;57.37;-0.59;-4.59;56.12;0.35;0.25;-10.86;20.88
1787986341519166,111431,0,255,93,0.44,-4.71,8.05,15.18;38.55;0.82;14.71;38.55;0.35;-4.59;57.37;-0.59;-4.59;56.12;0.35;0.25;-10.86;20.88
1787986341538306,111440,0,255,93,0.44,-4.71,8.05,15.18;38.55;0.82;14.71;38.55;0.35;-4.59;57.37;-0.59;-4.59;56.12;0.35;0.25;-10.86;20.88
1787986341557263,111449,0,255,93,0.44,-4.71,8.05,15.18;38.55;0.82;14.71;38.55;0.35;-4.59;57.37;-0.59;-4.59;56.12;0.35;0.25;-10.86;20.88
1787986341578423,111458,0,255,93,0.44,-4.71,8.05,15.18;38.55;0.82;14.71;38.55;0.35;-4.59;57.37;-0.59;-4.59;56.12;0.35;0.25;-10.86;20.88
1787986341597371,111467,0,255,93,0.44,-4.71,8.05,15.18;38.55;0.82;14.71;38.55;0.35;-4.59;57.37;-0.59;-4.59;56.12;0.35;0.25;-10.86;20.88
1787986341618576,111469,0,255,93,0.44,-4.71,8.05,15.18;38.55;0.82;14.71;38.55;0.35;-4.59;57.37;-0.59;-4.59;56.12;0.35;0.25;-10.86;20.88
1787986341638397,111485,0,255,93,0.44,-4.71,8.05,15.18;38.55;0.82;14.71;38.55;0.35;-4.59;57.37;-0.59;-4.59;56.12;0.35;0.25;-10.86;20.88
1787986341658223,111494,0,255,93,0.44,-4.71,8.05,15.18;38.55;0.82;14.71;38.55;0.35;-4.59;57.37;-0.59;-4.59;56.12;0.35;0.25;-10.86;20.88
1787986341680134,111496,0,255,93,0.44,-4.71,8.05,15.18;38.55;0.82;14.71;38.55;0.35;-4.59;57.37;-0.59;-4.59;56.12;0.35;0.25;-10.86;20.88
1787986341697522,111512,0,255,93,0.44,-4.71,8.05,15.18;38.55;0.82;14.71;38.55;0.35;-4.59;57.37;-0.59;-4.59;56.12;0.35;0.25;-10.86;20.88
1787986341716718,111521,0,255,93,0.44,-4.71,8.05,15.18;38.55;0.82;14.71;38.55;0.35;-4.59;57.37;-0.59;-4.59;56.12;0.35;0.25;-10.86;20.88
1787986341741128,111530,0,255,93,0.44,-4.71,8.05,15.18;38.55;0.82;14.71;38.55;0.35;-4.59;57.37;-0.59;-4.59;56.12;0.35;0.25;-10.86;20.88
1787986341757459,111532,0,255,93,0.44,-4.71,8.05,15.18;38.55;0.82;14.71;38.55;0.35;-4.59;57.37;-0.59;-4.59;56.12;0.35;0.25;-10.86;20.88
1787986341779159,111541,0,255,93,0.44,-4.71,8.05,15.18;38.55;0.82;14.71;38.55;0.35;-4.59;57.37;-0.59;-4.59;56.12;0.35;0.25;-10.86;20.88
1787986341799535,111557,0,255,93,0.44,-4.71,8.05,15.18;38.55;0.82;14.71;38.55;0.35;-4.59;57.37;-0.59;-4.59;56.12;0.35;0.25;-10.86;20.88
1787986341817711,111567,0,255,93,0.44,-4.71,8.05,15.18;38.55;0.82;14.71;38.55;0.35;-4.59;57.37;-0.59;-4.59;56.12;0.35;0.25;-10.86;20.88
1787986341838844,111569,0,255,93,0.44,-4.71,8.05,15.18;38.55;0.82;14.71;38.55;0.35;-4.59;57.37;-0.59;-4.59;56.12;0.35;0.25;-10.86;20.88
1787986341860942,111585,0,255,93,0.1,4.4,8.89,-5.06;39.18;0.35;-5.53;38.55;0.59;10.94;36.04;-0.82;11.41;36.04;0.35;0.25;-12.9;1
1787986341878420,111594,0,255,93,0.1,4.4,8.89,-5.06;39.18;0.35;-5.53;38.55;0.59;10.94;36.04;-0.82;11.41;36.04;0.35;0.25;-12.9;1
1787986341900324,111596,0,255,93,0.1,4.4,8.89,-5.06;39.18;0.35;-5.53;38.55;0.59;10.94;36.04;-0.82;11.41;36.04;0.35;0.25;-12.9;1
1787986341918552,111612,0,255,93,0.1,4.4,8.89,-5.06;39.18;0.35;-5.53;38.55;0.59;10.94;36.04;-0.82;11.41;36.04;0.35;0.25;-12.9;1
1787986341937405,111621,0,255,93,0.1,4.4,8.89,-5.06;39.18;0.35;-5.53;38.55;0.59;10.94;36.04;-0.82;11.41;36.04;0.35;0.25;-12.9;1
1787986341962738,111623,0,255,93,0.1,4.4,8.89,-5.06;39.18;0.35;-5.53;38.55;0.59;10.94;36.04;-0.82;11.41;36.04;0.35;0.25;-12.9;1
1787986341977969,111639,0,255,93,0.1,4.4,8.89,-5.06;39.18;0.35;-5.53;38.55;0.59;10.94;36.04;-0.82;11.41;36.04;0.35;0.25;-12.9;1
1787986341997206,111641,0,255,93,0.1,4.4,8.89,-5.06;39.18;0.35;-5.53;38.55;0.59;10.94;36.04;-0.82;11.41;36.04;0.35;0.25;-12.9;1
1787986342018738,111657,0,255,93,0.1,4.4,8.89,-5.06;39.18;0.35;-5.53;38.55;0.59;10.94;36.04;-0.82;11.41;36.04;0.35;0.25;-12.9;1
1787986342036878,111666,0,255,93,0.1,4.4,8.89,-5.06;39.18;0.35;-5.53;38.55;0.59;10.94;36.04;-0.82;11.41;36.04;0.35;0.25;-12.9;1
1787986342058750,111675,0,255,93,0.1,4.4,8.89,-5.06;39.18;0.35;-5.53;38.55;0.59;10.94;36.04;-0.82;11.41;36.04;0.35;0.25;-12.9;1
1787986342078132,111677,0,255,93,0.1,4.4,8.89,-5.06;39.18;0.35;-5.53;38.55;0.59;10.94;36.04;-0.82;11.41;36.04;0.35;0.25;-12.9;1
1787986342097840,111686,0,255,93,0.1,4.4,8.89,-5.06;39.18;0.35;-5.53;38.55;0.59;10.94;36.04;-0.82;11.41;36.04;0.35;0.25;-12.9;1
1787986342119979,111702,0,255,93,0.1,4.4,8.89,-5.06;39.18;0.35;-5.53;38.55;0.59;10.94;36.04;-0.82;11.41;36.04;0.35;0.25;-12.9;1
1787986342137503,111704,0,255,93,0.1,4.4,8.89,-5.06;39.18;0.35;-5.53;38.55;0.59;10.94;36.04;-0.82;11.41;36.04;0.35;0.25;-12.9;1
1787986342157905,111720,0,255,93,0.1,4.4,8.89,-5.06;39.18;0.35;-5.53;38.55;0.59;10.94;36.04;-0.82;11.41;36.04;0.35;0.25;-12.9;1
1787986342180331,111729,0,255,93,0.1,4.4,8.89,-5.06;39.18;0.35;-5.53;38.55;0.59;10.94;36.04;-0.82;11.41;36.04;0.35;0.25;-12.9;1
1787986342198098,111738,0,255,93,0.1,4.4,8.89,-5.06;39.18;0.35;-5.53;38.55;0.59;10.94;36.04;-0.82;11.41;36.04;0.35;0.25;-12.9;1
1787986342217324,111747,0,255,93,0.1,4.4,8.89,-5.06;39.18;0.35;-5.53;38.55;0.59;10.94;36.04;-0.82;11.41;36.04;0.35;0.25;-12.9;1
1787986342238647,111749,0,255,93,0.1,4.4,8.89,-5.06;39.18;0.35;-5.53;38.55;0.59;10.94;36.04;-0.82;11.41;36.04;0.35;0.25;-12.9;1
1787986342257783,111758,0,255,93,0.1,4.4,8.89,-5.06;39.18;0.35;-5.53;38.55;0.59;10.94;36.04;-0.82;11.41;36.04;0.35;0.25;-12.9;1
1787986342277484,111767,0,255,93,0.1,4.4,8.89,-5.06;39.18;0.35;-5.53;38.55;0.59;10.94;36.04;-0.82;11.41;36.04;0.35;0.25;-12.9;1
1787986342297732,111783,0,255,93,0.1,4.4,8.89,-5.06;39.18;0.35;-5.53;38.55;0.59;10.94;36.04;-0.82;11.41;36.04;0.35;0.25;-12.9;1
1787986342316129,111785,0,255,93,0.1,4.4,8.89,-5.06;39.18;0.35;-5.53;38.55;0.59;10.94;36.04;-0.82;11.41;36.04;0.35;0.25;-12.9;1
1787986342338869,111794,0,255,93,0.1,4.4,8.89,-5.06;39.18;0.35;-5.53;38.55;0.59;10.94;36.04;-0.82;11.41;36.04;0.35;0.25;-12.9;1
1787986342357598,111810,0,255,93,0.1,4.4,8.89,-5.06;39.18;0.35;-5.53;38.55;0.59;10.94;36.04;-0.82;11.41;36.04;0.35;0.25;-12.9;1
1787986342377471,111812,0,255,93,0.1,4.4,8.89,-5.06;39.18;0.35;-5.53;38.55;0.59;10.94;36.04;-0.82;11.41;36.04;0.35;0.25;-12.9;1
1787986342399018,111828,0,255,93,0.1,4.4,8.89,-5.06;39.18;0.35;-5.53;38.55;0.59;10.94;36.04;-0.82;11.41;36.04;0.35;0.25;-12.9;1
1787986342417465,111837,0,255,93,0.1,4.4,8.89,-5.06;39.18;0.35;-5.53;38.55;0.59;10.94;36.04;-0.82;11.41;36.04;0.35;0.25;-12.9;1
1787986342438149,111839,0,255,93,0.1,4.4,8.89,-5.06;39.18;0.35;-5.53;38.55;0.59;10.94;36.04;-0.82;11.41;36.04;0.35;0.25;-12.9;1
1787986342457022,111855,0,255,93,0.1,4.4,8.89,-5.06;39.18;0.35;-5.53;38.55;0.59;10.94;36.04;-0.82;11.41;36.04;0.35;0.25;-12.9;1
1787986342478280,111864,0,255,93,0.1,4.4,8.89,-5.06;39.18;0.35;-5.53;38.55;0.59;10.94;36.04;-0.82;11.41;36.04;0.35;0.25;-12.9;1
1787986342498213,111873,0,255,93,0.1,4.4,8.89,-5.06;39.18;0.35;-5.53;38.55;0.59;10.94;36.04;-0.82;11.41;36.04;0.35;0.25;-12.9;1
1787986342517245,111882,0,255,93,0.1,4.4,8.89,-5.06;39.18;0.35;-5.53;38.55;0.59;10.94;36.04;-0.82;11.41;36.04;0.35;0.25;-12.9;1
1787986342537912,111891,0,255,93,0.1,4.4,8.89,-5.06;39.18;0.35;-5.53;38.55;0.59;10.94;36.04;-0.82;11.41;36.04;0.35;0.25;-12.9;1
1787986342559341,111893,0,255,93,0.1,4.4,8.89,-5.06;39.18;0.35;-5.53;38.55;0.59;10.94;36.04;-0.82;11.41;36.04;0.35;0.25;-12.9;1
1787986342578652,111909,0,255,93,0.1,4.4,8.89,-5.06;39.18;0.35;-5.53;38.55;0.59;10.94;36.04;-0.82;11.41;36.04;0.35;0.25;-12.9;1
1787986342597089,111918,0,255,93,0.1,4.4,8.89,-5.06;39.18;0.35;-5.53;38.55;0.59;10.94;36.04;-0.82;11.41;36.04;0.35;0.25;-12.9;1
1787986342619322,111920,0,255,93,0.1,4.4,8.89,-5.06;39.18;0.35;-5.53;38.55;0.59;10.94;36.04;-0.82;11.41;36.04;0.35;0.25;-12.9;1
1787986342638691,111936,0,255,93,0.1,4.4,8.89,-5.06;39.18;0.35;-5.53;38.55;0.59;10.94;36.04;-0.82;11.41;36.04;0.35;0.25;-12.9;1
1787986342657063,111945,0,255,93,0.1,4.4,8.89,-5.06;39.18;0.35;-5.53;38.55;0.59;10.94;36.04;-0.82;11.41;36.04;0.35;0.25;-12.9;1
1787986342677919,111954,0,255,93,0.1,4.4,8.89,-5.06;39.18;0.35;-5.53;38.55;0.59;10.94;36.04;-0.82;11.41;36.04;0.35;0.25;-12.9;1
1787986342697831,111956,0,255,93,0.1,4.4,8.89,-5.06;39.18;0.35;-5.53;38.55;0.59;10.94;36.04;-0.82;11.41;36.04;0.35;0.25;-12.9;1
1787986342717602,111965,0,255,93,0.1,4.4,8.89,-5.06;39.18;0.35;-5.53;38.55;0.59;10.94;36.04;-0.82;11.41;36.04;0.35;0.25;-12.9;1
1787986342738058,111981,0,255,93,0.1,4.4,8.89,-5.06;39.18;0.35;-5.53;38.55;0.59;10.94;36.04;-0.82;11.41;36.04;0.35;0.25;-12.9;1
1787986342757958,111990,0,255,93,0.1,4.4,8.89,-5.06;39.18;0.35;-5.53;38.55;0.59;10.94;36.04;-0.82;11.41;36.04;0.35;0.25;-12.9;1
1787986342782821,111992,0,255,93,0.1,4.4,8.89,-5.06;39.18;0.35;-5.53;38.55;0.59;10.94;36.04;-0.82;11.41;36.04;0.35;0.25;-12.9;1
1787986342797615,112001,0,255,93,0.1,4.4,8.89,-5.06;39.18;0.35;-5.53;38.55;0.59;10.94;36.04;-0.82;11.41;36.04;0.35;0.25;-12.9;1
1787986342817949,112018,0,255,93,0.1,4.4,8.89,-5.06;39.18;0.35;-5.53;38.55;0.59;10.94;36.04;-0.82;11.41;36.04;0.35;0.25;-12.9;1
1787986342841563,112027,0,255,93,0.1,4.4,8.89,-5.06;39.18;0.35;-5.53;38.55;0.59;10.94;36.04;-0.82;11.41;36.04;0.35;0.25;-12.9;1
1787986342857384,112036,0,255,93,0.42,11.17,8.71,-15.41;38.55;0.59;-16.35;38.55;0.59;20.82;23.49;-0.59;20.82;24.75;0.12;0.25;-15.96;-7.41
1787986342876994,112045,0,255,93,0.42,11.17,8.71,-15.41;38.55;0.59;-16.35;38.55;0.59;20.82;23.49;-0.59;20.82;24.75;0.12;0.25;-15.96;-7.41
1787986342898774,112054,0,255,93,0.42,11.17,8.71,-15.41;38.55;0.59;-16.35;38.55;0.59;20.82;23.49;-0.59;20.82;24.75;0.12;0.25;-15.96;-7.41
1787986342918489,112063,0,255,93,0.42,11.17,8.71,-15.41;38.55;0.59;-16.35;38.55;0.59;20.82;23.49;-0.59;20.82;24.75;0.12;0.25;-15.96;-7.41
1787986342938940,112072,0,255,93,0.42,11.17,8.71,-15.41;38.55;0.59;-16.35;38.55;0.59;20.82;23.49;-0.59;20.82;24.75;0.12;0.25;-15.96;-7.41
1787986342957399,112081,0,255,93,0.42,11.17,8.71,-15.41;38.55;0.59;-16.35;38.55;0.59;20.82;23.49;-0.59;20.82;24.75;0.12;0.25;-15.96;-7.41
1787986342977518,112090,0,255,93,0.42,11.17,8.71,-15.41;38.55;0.59;-16.35;38.55;0.59;20.82;23.49;-0.59;20.82;24.75;0.12;0.25;-15.96;-7.41
1787986342998864,112092,0,255,93,0.42,11.17,8.71,-15.41;38.55;0.59;-16.35;38.55;0.59;20.82;23.49;-0.59;20.82;24.75;0.12;0.25;-15.96;-7.41
1787986343017419,112108,0,255,93,0.42,11.17,8.71,-15.41;38.55;0.59;-16.35;38.55;0.59;20.82;23.49;-0.59;20.82;24.75;0.12;0.25;-15.96;-7.41
1787986343037053,112117,0,255,93,0.42,11.17,8.71,-15.41;38.55;0.59;-16.35;38.55;0.59;20.82;23.49;-0.59;20.82;24.75;0.12;0.25;-15.96;-7.41
1787986343058688,112119,0,255,93,0.42,11.17,8.71,-15.41;38.55;0.59;-16.35;38.55;0.59;20.82;23.49;-0.59;20.82;24.75;0.12;0.25;-15.96;-7.41
1787986343077298,112135,0,255,93,0.42,11.17,8.71,-15.41;38.55;0.59;-16.35;38.55;0.59;20.82;23.49;-0.59;20.82;24.75;0.12;0.25;-15.96;-7.41
1787986343097059,112144,0,255,93,0.42,11.17,8.71,-15.41;38.55;0.59;-16.35;38.55;0.59;20.82;23.49;-0.59;20.82;24.75;0.12;0.25;-15.96;-7.41
1787986343120250,112153,0,255,93,0.42,11.17,8.71,-15.41;38.55;0.59;-16.35;38.55;0.59;20.82;23.49;-0.59;20.82;24.75;0.12;0.25;-15.96;-7.41
1787986343138133,112162,0,255,93,0.42,11.17,8.71,-15.41;38.55;0.59;-16.35;38.55;0.59;20.82;23.49;-0.59;20.82;24.75;0.12;0.25;-15.96;-7.41
1787986343158322,112164,0,255,93,0.42,11.17,8.71,-15.41;38.55;0.59;-16.35;38.55;0.59;20.82;23.49;-0.59;20.82;24.75;0.12;0.25;-15.96;-7.41
1787986343177569,112180,0,255,93,0.42,11.17,8.71,-15.41;38.55;0.59;-16.35;38.55;0.59;20.82;23.49;-0.59;20.82;24.75;0.12;0.25;-15.96;-7.41
1787986343196785,112189,0,255,93,0.42,11.17,8.71,-15.41;38.55;0.59;-16.35;38.55;0.59;20.82;23.49;-0.59;20.82;24.75;0.12;0.25;-15.96;-7.41
1787986343222770,112198,0,255,93,0.42,11.17,8.71,-15.41;38.55;0.59;-16.35;38.55;0.59;20.82;23.49;-0.59;20.82;24.75;0.12;0.25;-15.96;-7.41
1787986343237703,112207,0,255,93,0.42,11.17,8.71,-15.41;38.55;0.59;-16.35;38.55;0.59;20.82;23.49;-0.59;20.82;24.75;0.12;0.25;-15.96;-7.41
1787986343257946,112216,0,255,93,0.42,11.17,8.71,-15.41;38.55;0.59;-16.35;38.55;0.59;20.82;23.49;-0.59;20.82;24.75;0.12;0.25;-15.96;-7.41
1787986343277839,112218,0,255,93,0.42,11.17,8.71,-15.41;38.55;0.59;-16.35;38.55;0.59;20.82;23.49;-0.59;20.82;24.75;0.12;0.25;-15.96;-7.41
1787986343298452,112234,0,255,93,0.42,11.17,8.71,-15.41;38.55;0.59;-16.35;38.55;0.59;20.82;23.49;-0.59;20.82;24.75;0.12;0.25;-15.96;-7.41
1787986343317049,112243,0,255,93,0.42,11.17,8.71,-15.41;38.55;0.59;-16.35;38.55;0.59;20.82;23.49;-0.59;20.82;24.75;0.12;0.25;-15.96;-7.41
1787986343339102,112252,0,255,93,0.42,11.17,8.71,-15.41;38.55;0.59;-16.35;38.55;0.59;20.82;23.49;-0.59;20.82;24.75;0.12;0.25;-15.96;-7.41
1787986343358358,112254,0,255,93,0.42,11.17,8.71,-15.41;38.55;0.59;-16.35;38.55;0.59;20.82;23.49;-0.59;20.82;24.75;0.12;0.25;-15.96;-7.41
1787986343380639,112270,0,255,93,0.42,11.17,8.71,-15.41;38.55;0.59;-16.35;38.55;0.59;20.82;23.49;-0.59;20.82;24.75;0.12;0.25;-15.96;-7.41
1787986343398453,112279,0,255,93,0.42,11.17,8.71,-15.41;38.55;0.59;-16.35;38.55;0.59;20.82;23.49;-0.59;20.82;24.75;0.12;0.25;-15.96;-7.41
1787986343417962,112288,0,255,93,0.42,11.17,8.71,-15.41;38.55;0.59;-16.35;38.55;0.59;20.82;23.49;-0.59;20.82;24.75;0.12;0.25;-15.96;-7.41
1787986343447619,112290,0,255,93,0.42,11.17,8.71,-15.41;38.55;0.59;-16.35;38.55;0.59;20.82;23.49;-0.59;20.82;24.75;0.12;0.25;-15.96;-7.41
1787986343457658,112306,0,255,93,0.42,11.17,8.71,-15.41;38.55;0.59;-16.35;38.55;0.59;20.82;23.49;-0.59;20.82;24.75;0.12;0.25;-15.96;-7.41
1787986343479652,112315,0,255,93,0.42,11.17,8.71,-15.41;38.55;0.59;-16.35;38.55;0.59;20.82;23.49;-0.59;20.82;24.75;0.12;0.25;-15.96;-7.41
1787986343501349,112324,0,255,93,0.42,11.17,8.71,-15.41;38.55;0.59;-16.35;38.55;0.59;20.82;23.49;-0.59;20.82;24.75;0.12;0.25;-15.96;-7.41
1787986343520186,112333,0,255,93,0.42,11.17,8.71,-15.41;38.55;0.59;-16.35;38.55;0.59;20.82;23.49;-0.59;20.82;24.75;0.12;0.25;-15.96;-7.41
1787986343538589,112342,0,255,93,0.42,11.17,8.71,-15.41;38.55;0.59;-16.35;38.55;0.59;20.82;23.49;-0.59;20.82;24.75;0.12;0.25;-15.96;-7.41
1787986343558034,112351,0,255,93,0.42,11.17,8.71,-15.41;38.55;0.59;-16.35;38.55;0.59;20.82;23.49;-0.59;20.82;24.75;0.12;0.25;-15.96;-7.41
1787986343577246,112360,0,255,93,0.42,11.17,8.71,-15.41;38.55;0.59;-16.35;38.55;0.59;20.82;23.49;-0.59;20.82;24.75;0.12;0.25;-15.96;-7.41
1787986343599899,112362,0,255,93,0.42,11.17,8.71,-15.41;38.55;0.59;-16.35;38.55;0.59;20.82;23.49;-0.59;20.82;24.75;0.12;0.25;-15.96;-7.41
1787986343618185,112378,0,255,93,0.42,11.17,8.71,-15.41;38.55;0.59;-16.35;38.55;0.59;20.82;23.49;-0.59;20.82;24.75;0.12;0.25;-15.96;-7.41
1787986343637303,112387,0,255,93,0.42,11.17,8.71,-15.41;38.55;0.59;-16.35;38.55;0.59;20.82;23.49;-0.59;20.82;24.75;0.12;0.25;-15.96;-7.41
1787986343658031,112396,0,255,93,0.42,11.17,8.71,-15.41;38.55;0.59;-16.35;38.55;0.59;20.82;23.49;-0.59;20.82;24.75;0.12;0.25;-15.96;-7.41
1787986343676802,112405,0,255,93,0.42,11.17,8.71,-15.41;38.55;0.59;-16.35;38.55;0.59;20.82;23.49;-0.59;20.82;24.75;0.12;0.25;-15.96;-7.41
1787986343697368,112414,0,255,93,0.42,11.17,8.71,-15.41;38.55;0.59;-16.35;38.55;0.59;20.82;23.49;-0.59;20.82;24.75;0.12;0.25;-15.96;-7.41
1787986343719377,112416,0,255,93,0.42,11.17,8.71,-15.41;38.55;0.59;-16.35;38.55;0.59;20.82;23.49;-0.59;20.82;24.75;0.12;0.25;-15.96;-7.41
1787986343737281,112425,0,255,93,0.42,11.17,8.71,-15.41;38.55;0.59;-16.35;38.55;0.59;20.82;23.49;-0.59;20.82;24.75;0.12;0.25;-15.96;-7.41
1787986343758237,112441,0,255,93,0.42,11.17,8.71,-15.41;38.55;0.59;-16.35;38.55;0.59;20.82;23.49;-0.59;20.82;24.75;0.12;0.25;-15.96;-7.41
1787986343777473,112450,0,255,93,0.42,11.17,8.71,-15.41;38.55;0.59;-16.35;38.55;0.59;20.82;23.49;-0.59;20.82;24.75;0.12;0.25;-15.96;-7.41
1787986343796556,112452,0,255,93,0.42,11.17,8.71,-15.41;38.55;0.59;-16.35;38.55;0.59;20.82;23.49;-0.59;20.82;24.75;0.12;0.25;-15.96;-7.41
1787986343816912,112462,0,255,93,0.42,11.17,8.71,-15.41;38.55;0.59;-16.35;38.55;0.59;20.82;23.49;-0.59;20.82;24.75;0.12;0.25;-15.96;-7.41
1787986343837299,112471,0,255,94,0.19,10.78,8.68,-15.41;38.55;0.35;-16.35;38.55;0.59;20.82;24.12;-0.59;21.29;24.75;-0.35;0.25;-15.96;-7.41
1787986343857553,112487,0,255,94,0.19,10.78,8.68,-15.41;38.55;0.35;-16.35;38.55;0.59;20.82;24.12;-0.59;21.29;24.75;-0.35;0.25;-15.96;-7.41
1787986343877942,112489,0,255,94,0.19,10.78,8.68,-15.41;38.55;0.35;-16.35;38.55;0.59;20.82;24.12;-0.59;21.29;24.75;-0.35;0.25;-15.96;-7.41
1787986343898515,112505,0,255,94,0.19,10.78,8.68,-15.41;38.55;0.35;-16.35;38.55;0.59;20.82;24.12;-0.59;21.29;24.75;-0.35;0.25;-15.96;-7.41
1787986343918195,112514,0,255,94,0.19,10.78,8.68,-15.41;38.55;0.35;-16.35;38.55;0.59;20.82;24.12;-0.59;21.29;24.75;-0.35;0.25;-15.96;-7.41
1787986343941935,112516,0,255,94,0.19,10.78,8.68,-15.41;38.55;0.35;-16.35;38.55;0.59;20.82;24.12;-0.59;21.29;24.75;-0.35;0.25;-15.96;-7.41
1787986343957967,112532,0,255,94,0.19,10.78,8.68,-15.41;38.55;0.35;-16.35;38.55;0.59;20.82;24.12;-0.59;21.29;24.75;-0.35;0.25;-15.96;-7.41
1787986343977751,112541,0,255,94,0.19,10.78,8.68,-15.41;38.55;0.35;-16.35;38.55;0.59;20.82;24.12;-0.59;21.29;24.75;-0.35;0.25;-15.96;-7.41
1787986343999475,112550,0,255,94,0.19,10.78,8.68,-15.41;38.55;0.35;-16.35;38.55;0.59;20.82;24.12;-0.59;21.29;24.75;-0.35;0.25;-15.96;-7.41
1787986344016962,112559,0,255,94,0.19,10.78,8.68,-15.41;38.55;0.35;-16.35;38.55;0.59;20.82;24.12;-0.59;21.29;24.75;-0.35;0.25;-15.96;-7.41
1787986344037452,112561,0,255,94,0.19,10.78,8.68,-15.41;38.55;0.35;-16.35;38.55;0.59;20.82;24.12;-0.59;21.29;24.75;-0.35;0.25;-15.96;-7.41
1787986344057467,112577,0,255,94,0.19,10.78,8.68,-15.41;38.55;0.35;-16.35;38.55;0.59;20.82;24.12;-0.59;21.29;24.75;-0.35;0.25;-15.96;-7.41
1787986344077472,112586,0,255,94,0.19,10.78,8.68,-15.41;38.55;0.35;-16.35;38.55;0.59;20.82;24.12;-0.59;21.29;24.75;-0.35;0.25;-15.96;-7.41
1787986344098386,112588,0,255,94,0.19,10.78,8.68,-15.41;38.55;0.35;-16.35;38.55;0.59;20.82;24.12;-0.59;21.29;24.75;-0.35;0.25;-15.96;-7.41
1787986344117668,112604,0,255,94,0.19,10.78,8.68,-15.41;38.55;0.35;-16.35;38.55;0.59;20.82;24.12;-0.59;21.29;24.75;-0.35;0.25;-15.96;-7.41
1787986344137968,112613,0,255,94,0.19,10.78,8.68,-15.41;38.55;0.35;-16.35;38.55;0.59;20.82;24.12;-0.59;21.29;24.75;-0.35;0.25;-15.96;-7.41
1787986344158139,112615,0,255,94,0.19,10.78,8.68,-15.41;38.55;0.35;-16.35;38.55;0.59;20.82;24.12;-0.59;21.29;24.75;-0.35;0.25;-15.96;-7.41
1787986344176150,112631,0,255,94,0.19,10.78,8.68,-15.41;38.55;0.35;-16.35;38.55;0.59;20.82;24.12;-0.59;21.29;24.75;-0.35;0.25;-15.96;-7.41
1787986344207672,112640,0,255,94,0.19,10.78,8.68,-15.41;38.55;0.35;-16.35;38.55;0.59;20.82;24.12;-0.59;21.29;24.75;-0.35;0.25;-15.96;-7.41
1787986344218190,112649,0,255,94,0.19,10.78,8.68,-15.41;38.55;0.35;-16.35;38.55;0.59;20.82;24.12;-0.59;21.29;24.75;-0.35;0.25;-15.96;-7.41
1787986344236572,112651,0,255,94,0.19,10.78,8.68,-15.41;38.55;0.35;-16.35;38.55;0.59;20.82;24.12;-0.59;21.29;24.75;-0.35;0.25;-15.96;-7.41
1787986344258644,112660,0,255,94,0.19,10.78,8.68,-15.41;38.55;0.35;-16.35;38.55;0.59;20.82;24.12;-0.59;21.29;24.75;-0.35;0.25;-15.96;-7.41
1787986344277172,112676,0,255,94,0.19,10.78,8.68,-15.41;38.55;0.35;-16.35;38.55;0.59;20.82;24.12;-0.59;21.29;24.75;-0.35;0.25;-15.96;-7.41
1787986344297712,112685,0,255,94,0.19,10.78,8.68,-15.41;38.55;0.35;-16.35;38.55;0.59;20.82;24.12;-0.59;21.29;24.75;-0.35;0.25;-15.96;-7.41
1787986344317445,112687,0,255,94,0.19,10.78,8.68,-15.41;38.55;0.35;-16.35;38.55;0.59;20.82;24.12;-0.59;21.29;24.75;-0.35;0.25;-15.96;-7.41
1787986344338080,112703,0,255,94,0.19,10.78,8.68,-15.41;38.55;0.35;-16.35;38.55;0.59;20.82;24.12;-0.59;21.29;24.75;-0.35;0.25;-15.96;-7.41
1787986344357370,112712,0,255,94,0.19,10.78,8.68,-15.41;38.55;0.35;-16.35;38.55;0.59;20.82;24.12;-0.59;21.29;24.75;-0.35;0.25;-15.96;-7.41
1787986344380840,112714,0,255,94,0.19,10.78,8.68,-15.41;38.55;0.35;-16.35;38.55;0.59;20.82;24.12;-0.59;21.29;24.75;-0.35;0.25;-15.96;-7.41
1787986344398227,112730,0,255,94,0.19,10.78,8.68,-15.41;38.55;0.35;-16.35;38.55;0.59;20.82;24.12;-0.59;21.29;24.75;-0.35;0.25;-15.96;-7.41
1787986344419311,112732,0,255,94,0.19,10.78,8.68,-15.41;38.55;0.35;-16.35;38.55;0.59;20.82;24.12;-0.59;21.29;24.75;-0.35;0.25;-15.96;-7.41
1787986344438229,112748,0,255,94,0.19,10.78,8.68,-15.41;38.55;0.35;-16.35;38.55;0.59;20.82;24.12;-0.59;21.29;24.75;-0.35;0.25;-15.96;-7.41
1787986344457616,112757,0,255,94,0.19,10.78,8.68,-15.41;38.55;0.35;-16.35;38.55;0.59;20.82;24.12;-0.59;21.29;24.75;-0.35;0.25;-15.96;-7.41
1787986344478695,112759,0,255,94,0.19,10.78,8.68,-15.41;38.55;0.35;-16.35;38.55;0.59;20.82;24.12;-0.59;21.29;24.75;-0.35;0.25;-15.96;-7.41
1787986344498561,112775,0,255,94,0.19,10.78,8.68,-15.41;38.55;0.35;-16.35;38.55;0.59;20.82;24.12;-0.59;21.29;24.75;-0.35;0.25;-15.96;-7.41
1787986344520452,112777,0,255,94,0.19,10.78,8.68,-15.41;38.55;0.35;-16.35;38.55;0.59;20.82;24.12;-0.59;21.29;24.75;-0.35;0.25;-15.96;-7.41
1787986344538577,112786,0,255,94,0.19,10.78,8.68,-15.41;38.55;0.35;-16.35;38.55;0.59;20.82;24.12;-0.59;21.29;24.75;-0.35;0.25;-15.96;-7.41
1787986344557705,112802,0,255,94,0.19,10.78,8.68,-15.41;38.55;0.35;-16.35;38.55;0.59;20.82;24.12;-0.59;21.29;24.75;-0.35;0.25;-15.96;-7.41
1787986344577233,112811,0,255,94,0.19,10.78,8.68,-15.41;38.55;0.35;-16.35;38.55;0.59;20.82;24.12;-0.59;21.29;24.75;-0.35;0.25;-15.96;-7.41
1787986344607215,112813,0,255,94,0.19,10.78,8.68,-15.41;38.55;0.35;-16.35;38.55;0.59;20.82;24.12;-0.59;21.29;24.75;-0.35;0.25;-15.96;-7.41
1787986344618382,112822,0,255,94,0.19,10.78,8.68,-15.41;38.55;0.35;-16.35;38.55;0.59;20.82;24.12;-0.59;21.29;24.75;-0.35;0.25;-15.96;-7.41
1787986344639479,112831,0,255,94,0.19,10.78,8.68,-15.41;38.55;0.35;-16.35;38.55;0.59;20.82;24.12;-0.59;21.29;24.75;-0.35;0.25;-15.96;-7.41
1787986344663224,112840,0,255,94,0.19,10.78,8.68,-15.41;38.55;0.35;-16.35;38.55;0.59;20.82;24.12;-0.59;21.29;24.75;-0.35;0.25;-15.96;-7.41
1787986344678399,112849,0,255,94,0.19,10.78,8.68,-15.41;38.55;0.35;-16.35;38.55;0.59;20.82;24.12;-0.59;21.29;24.75;-0.35;0.25;-15.96;-7.41
1787986344698740,112858,0,255,94,0.19,10.78,8.68,-15.41;38.55;0.35;-16.35;38.55;0.59;20.82;24.12;-0.59;21.29;24.75;-0.35;0.25;-15.96;-7.41
1787986344717456,112867,0,255,94,0.19,10.78,8.68,-15.41;38.55;0.35;-16.35;38.55;0.59;20.82;24.12;-0.59;21.29;24.75;-0.35;0.25;-15.96;-7.41
1787986344737566,112883,0,255,94,0.19,10.78,8.68,-15.41;38.55;0.35;-16.35;38.55;0.59;20.82;24.12;-0.59;21.29;24.75;-0.35;0.25;-15.96;-7.41
1787986344758537,112892,0,255,94,0.19,10.78,8.68,-15.41;38.55;0.35;-16.35;38.55;0.59;20.82;24.12;-0.59;21.29;24.75;-0.35;0.25;-15.96;-7.41
1787986344777997,112901,0,255,94,0.19,10.78,8.68,-15.41;38.55;0.35;-16.35;38.55;0.59;20.82;24.12;-0.59;21.29;24.75;-0.35;0.25;-15.96;-7.41
1787986344798012,112910,0,255,94,0.19,10.78,8.68,-15.41;38.55;0.35;-16.35;38.55;0.59;20.82;24.12;-0.59;21.29;24.75;-0.35;0.25;-15.96;-7.41
1787986344824768,112913,0,255,94,0.19,10.78,8.68,-15.41;38.55;0.35;-16.35;38.55;0.59;20.82;24.12;-0.59;21.29;24.75;-0.35;0.25;-15.96;-7.41
1787986344837600,112929,0,255,93,0.15,10.73,8.58,-15.41;38.55;0.35;-16.35;38.55;0.59;20.82;24.12;-0.59;20.82;24.75;-0.35;0.25;-15.96;-7.41
1787986344857969,112931,0,255,93,0.15,10.73,8.58,-15.41;38.55;0.35;-16.35;38.55;0.59;20.82;24.12;-0.59;20.82;24.75;-0.35;0.25;-15.96;-7.41
1787986344878900,112947,0,255,93,0.15,10.73,8.58,-15.41;38.55;0.35;-16.35;38.55;0.59;20.82;24.12;-0.59;20.82;24.75;-0.35;0.25;-15.96;-7.41
1787986344898145,112956,0,255,93,0.15,10.73,8.58,-15.41;38.55;0.35;-16.35;38.55;0.59;20.82;24.12;-0.59;20.82;24.75;-0.35;0.25;-15.96;-7.41
1787986344917749,112965,0,255,93,0.15,10.73,8.58,-15.41;38.55;0.35;-16.35;38.55;0.59;20.82;24.12;-0.59;20.82;24.75;-0.35;0.25;-15.96;-7.41
1787986344936896,112967,0,255,93,0.15,10.73,8.58,-15.41;38.55;0.35;-16.35;38.55;0.59;20.82;24.12;-0.59;20.82;24.75;-0.35;0.25;-15.96;-7.41
1787986344957297,112983,0,255,93,0.15,10.73,8.58,-15.41;38.55;0.35;-16.35;38.55;0.59;20.82;24.12;-0.59;20.82;24.75;-0.35;0.25;-15.96;-7.41
1787986344977022,112992,0,255,93,0.15,10.73,8.58,-15.41;38.55;0.35;-16.35;38.55;0.59;20.82;24.12;-0.59;20.82;24.75;-0.35;0.25;-15.96;-7.41
1787986344999560,113001,0,255,93,0.15,10.73,8.58,-15.41;38.55;0.35;-16.35;38.55;0.59;20.82;24.12;-0.59;20.82;24.75;-0.35;0.25;-15.96;-7.41
1787986345016880,113003,0,255,93,0.15,10.73,8.58,-15.41;38.55;0.35;-16.35;38.55;0.59;20.82;24.12;-0.59;20.82;24.75;-0.35;0.25;-15.96;-7.41
1787986345038305,113012,0,255,93,0.15,10.73,8.58,-15.41;38.55;0.35;-16.35;38.55;0.59;20.82;24.12;-0.59;20.82;24.75;-0.35;0.25;-15.96;-7.41
1787986345057699,113028,0,255,93,0.15,10.73,8.58,-15.41;38.55;0.35;-16.35;38.55;0.59;20.82;24.12;-0.59;20.82;24.75;-0.35;0.25;-15.96;-7.41
1787986345077563,113037,0,255,93,0.15,10.73,8.58,-15.41;38.55;0.35;-16.35;38.55;0.59;20.82;24.12;-0.59;20.82;24.75;-0.35;0.25;-15.96;-7.41
1787986345101904,113046,0,255,93,0.15,10.73,8.58,-15.41;38.55;0.35;-16.35;38.55;0.59;20.82;24.12;-0.59;20.82;24.75;-0.35;0.25;-15.96;-7.41
1787986345117631,113055,0,255,93,0.15,10.73,8.58,-15.41;38.55;0.35;-16.35;38.55;0.59;20.82;24.12;-0.59;20.82;24.75;-0.35;0.25;-15.96;-7.41
1787986345137305,113057,0,255,93,0.15,10.73,8.58,-15.41;38.55;0.35;-16.35;38.55;0.59;20.82;24.12;-0.59;20.82;24.75;-0.35;0.25;-15.96;-7.41
1787986345157846,113073,0,255,93,0.15,10.73,8.58,-15.41;38.55;0.35;-16.35;38.55;0.59;20.82;24.12;-0.59;20.82;24.75;-0.35;0.25;-15.96;-7.41
1787986345176795,113082,0,255,93,0.15,10.73,8.58,-15.41;38.55;0.35;-16.35;38.55;0.59;20.82;24.12;-0.59;20.82;24.75;-0.35;0.25;-15.96;-7.41
1787986345197172,113084,0,255,93,0.15,10.73,8.58,-15.41;38.55;0.35;-16.35;38.55;0.59;20.82;24.12;-0.59;20.82;24.75;-0.35;0.25;-15.96;-7.41
1787986345217346,113100,0,255,93,0.15,10.73,8.58,-15.41;38.55;0.35;-16.35;38.55;0.59;20.82;24.12;-0.59;20.82;24.75;-0.35;0.25;-15.96;-7.41
1787986345238951,113109,0,255,93,0.15,10.73,8.58,-15.41;38.55;0.35;-16.35;38.55;0.59;20.82;24.12;-0.59;20.82;24.75;-0.35;0.25;-15.96;-7.41
1787986345257542,113111,0,255,93,0.15,10.73,8.58,-15.41;38.55;0.35;-16.35;38.55;0.59;20.82;24.12;-0.59;20.82;24.75;-0.35;0.25;-15.96;-7.41
1787986345277147,113127,0,255,93,0.15,10.73,8.58,-15.41;38.55;0.35;-16.35;38.55;0.59;20.82;24.12;-0.59;20.82;24.75;-0.35;0.25;-15.96;-7.41
1787986345297944,113136,0,255,93,0.15,10.73,8.58,-15.41;38.55;0.35;-16.35;38.55;0.59;20.82;24.12;-0.59;20.82;24.75;-0.35;0.25;-15.96;-7.41
1787986345319264,113138,0,255,93,0.15,10.73,8.58,-15.41;38.55;0.35;-16.35;38.55;0.59;20.82;24.12;-0.59;20.82;24.75;-0.35;0.25;-15.96;-7.41
1787986345337999,113154,0,255,93,0.15,10.73,8.58,-15.41;38.55;0.35;-16.35;38.55;0.59;20.82;24.12;-0.59;20.82;24.75;-0.35;0.25;-15.96;-7.41
1787986345357245,113163,0,255,93,0.15,10.73,8.58,-15.41;38.55;0.35;-16.35;38.55;0.59;20.82;24.12;-0.59;20.82;24.75;-0.35;0.25;-15.96;-7.41
1787986345378617,113172,0,255,93,0.15,10.73,8.58,-15.41;38.55;0.35;-16.35;38.55;0.59;20.82;24.12;-0.59;20.82;24.75;-0.35;0.25;-15.96;-7.41
1787986345397791,113181,0,255,93,0.15,10.73,8.58,-15.41;38.55;0.35;-16.35;38.55;0.59;20.82;24.12;-0.59;20.82;24.75;-0.35;0.25;-15.96;-7.41
1787986345418989,113190,0,255,93,0.15,10.73,8.58,-15.41;38.55;0.35;-16.35;38.55;0.59;20.82;24.12;-0.59;20.82;24.75;-0.35;0.25;-15.96;-7.41
1787986345439042,113199,0,255,93,0.15,10.73,8.58,-15.41;38.55;0.35;-16.35;38.55;0.59;20.82;24.12;-0.59;20.82;24.75;-0.35;0.25;-15.96;-7.41
1787986345457495,113201,0,255,93,0.15,10.73,8.58,-15.41;38.55;0.35;-16.35;38.55;0.59;20.82;24.12;-0.59;20.82;24.75;-0.35;0.25;-15.96;-7.41
1787986345480890,113210,0,255,93,0.15,10.73,8.58,-15.41;38.55;0.35;-16.35;38.55;0.59;20.82;24.12;-0.59;20.82;24.75;-0.35;0.25;-15.96;-7.41
1787986345497258,113219,0,255,93,0.15,10.73,8.58,-15.41;38.55;0.35;-16.35;38.55;0.59;20.82;24.12;-0.59;20.82;24.75;-0.35;0.25;-15.96;-7.41
1787986345517135,113235,0,255,93,0.15,10.73,8.58,-15.41;38.55;0.35;-16.35;38.55;0.59;20.82;24.12;-0.59;20.82;24.75;-0.35;0.25;-15.96;-7.41
1787986345538548,113244,0,255,93,0.15,10.73,8.58,-15.41;38.55;0.35;-16.35;38.55;0.59;20.82;24.12;-0.59;20.82;24.75;-0.35;0.25;-15.96;-7.41
1787986345558587,113246,0,255,93,0.15,10.73,8.58,-15.41;38.55;0.35;-16.35;38.55;0.59;20.82;24.12;-0.59;20.82;24.75;-0.35;0.25;-15.96;-7.41
1787986345577987,113255,0,255,93,0.15,10.73,8.58,-15.41;38.55;0.35;-16.35;38.55;0.59;20.82;24.12;-0.59;20.82;24.75;-0.35;0.25;-15.96;-7.41
1787986345598410,113264,0,255,93,0.15,10.73,8.58,-15.41;38.55;0.35;-16.35;38.55;0.59;20.82;24.12;-0.59;20.82;24.75;-0.35;0.25;-15.96;-7.41
1787986345618409,113273,0,255,93,0.15,10.73,8.58,-15.41;38.55;0.35;-16.35;38.55;0.59;20.82;24.12;-0.59;20.82;24.75;-0.35;0.25;-15.96;-7.41
1787986345639300,113282,0,255,93,0.15,10.73,8.58,-15.41;38.55;0.35;-16.35;38.55;0.59;20.82;24.12;-0.59;20.82;24.75;-0.35;0.25;-15.96;-7.41
1787986345659884,113291,0,255,93,0.15,10.73,8.58,-15.41;38.55;0.35;-16.35;38.55;0.59;20.82;24.12;-0.59;20.82;24.75;-0.35;0.25;-15.96;-7.41
1787986345680181,113300,0,255,93,0.15,10.73,8.58,-15.41;38.55;0.35;-16.35;38.55;0.59;20.82;24.12;-0.59;20.82;24.75;-0.35;0.25;-15.96;-7.41
1787986345699830,113309,0,255,93,0.15,10.73,8.58,-15.41;38.55;0.35;-16.35;38.55;0.59;20.82;24.12;-0.59;20.82;24.75;-0.35;0.25;-15.96;-7.41
1787986345719397,113318,0,255,93,0.15,10.73,8.58,-15.41;38.55;0.35;-16.35;38.55;0.59;20.82;24.12;-0.59;20.82;24.75;-0.35;0.25;-15.96;-7.41
1787986345738765,113327,0,255,93,0.15,10.73,8.58,-15.41;38.55;0.35;-16.35;38.55;0.59;20.82;24.12;-0.59;20.82;24.75;-0.35;0.25;-15.96;-7.41
1787986345774098,113343,0,255,93,0.15,10.73,8.58,-15.41;38.55;0.35;-16.35;38.55;0.59;20.82;24.12;-0.59;20.82;24.75;-0.35;0.25;-15.96;-7.41
1787986345780414,113345,0,255,93,0.15,10.73,8.58,-15.41;38.55;0.35;-16.35;38.55;0.59;20.82;24.12;-0.59;20.82;24.75;-0.35;0.25;-15.96;-7.41
1787986345797688,113354,0,255,93,0.15,10.73,8.58,-15.41;38.55;0.35;-16.35;38.55;0.59;20.82;24.12;-0.59;20.82;24.75;-0.35;0.25;-15.96;-7.41
1787986345818555,113371,0,255,93,0.15,10.73,8.58,-15.41;38.55;0.35;-16.35;38.55;0.59;20.82;24.12;-0.59;20.82;24.75;-0.35;0.25;-15.96;-7.41
1787986345838251,113380,0,255,93,0.15,10.73,8.58,-15.41;38.55;0.35;-16.35;38.55;0.59;20.82;24.12;-0.59;20.82;24.75;-0.35;0.25;-15.96;-7.41
1787986345858290,113389,0,255,93,0.16,10.75,8.52,-15.41;38.55;0.35;-16.35;38.55;0.59;20.82;24.12;-0.59;20.82;24.75;-0.35;0.25;-15.96;-7.41
1787986345877920,113398,0,255,93,0.16,10.75,8.52,-15.41;38.55;0.35;-16.35;38.55;0.59;20.82;24.12;-0.59;20.82;24.75;-0.35;0.25;-15.96;-7.41
1787986345897453,113407,0,255,93,0.16,10.75,8.52,-15.41;38.55;0.35;-16.35;38.55;0.59;20.82;24.12;-0.59;20.82;24.75;-0.35;0.25;-15.96;-7.41
1787986345918769,113416,0,255,93,0.16,10.75,8.52,-15.41;38.55;0.35;-16.35;38.55;0.59;20.82;24.12;-0.59;20.82;24.75;-0.35;0.25;-15.96;-7.41
1787986345938390,113425,0,255,93,0.16,10.75,8.52,-15.41;38.55;0.35;-16.35;38.55;0.59;20.82;24.12;-0.59;20.82;24.75;-0.35;0.25;-15.96;-7.41
1787986345957817,113434,0,255,93,0.16,10.75,8.52,-15.41;38.55;0.35;-16.35;38.55;0.59;20.82;24.12;-0.59;20.82;24.75;-0.35;0.25;-15.96;-7.41
1787986345977698,113436,0,255,93,0.16,10.75,8.52,-15.41;38.55;0.35;-16.35;38.55;0.59;20.82;24.12;-0.59;20.82;24.75;-0.35;0.25;-15.96;-7.41
1787986345997971,113452,0,255,93,0.16,10.75,8.52,-15.41;38.55;0.35;-16.35;38.55;0.59;20.82;24.12;-0.59;20.82;24.75;-0.35;0.25;-15.96;-7.41
1787986346017184,113461,0,255,93,0.16,10.75,8.52,-15.41;38.55;0.35;-16.35;38.55;0.59;20.82;24.12;-0.59;20.82;24.75;-0.35;0.25;-15.96;-7.41
1787986346037942,113470,0,255,93,0.16,10.75,8.52,-15.41;38.55;0.35;-16.35;38.55;0.59;20.82;24.12;-0.59;20.82;24.75;-0.35;0.25;-15.96;-7.41
1787986346057667,113479,0,255,93,0.16,10.75,8.52,-15.41;38.55;0.35;-16.35;38.55;0.59;20.82;24.12;-0.59;20.82;24.75;-0.35;0.25;-15.96;-7.41
1787986346077214,113481,0,255,93,0.16,10.75,8.52,-15.41;38.55;0.35;-16.35;38.55;0.59;20.82;24.12;-0.59;20.82;24.75;-0.35;0.25;-15.96;-7.41
1787986346097327,113497,0,255,93,0.16,10.75,8.52,-15.41;38.55;0.35;-16.35;38.55;0.59;20.82;24.12;-0.59;20.82;24.75;-0.35;0.25;-15.96;-7.41
1787986346117827,113506,0,255,93,0.16,10.75,8.52,-15.41;38.55;0.35;-16.35;38.55;0.59;20.82;24.12;-0.59;20.82;24.75;-0.35;0.25;-15.96;-7.41
1787986346140958,113508,0,255,93,0.16,10.75,8.52,-15.41;38.55;0.35;-16.35;38.55;0.59;20.82;24.12;-0.59;20.82;24.75;-0.35;0.25;-15.96;-7.41
1787986346158248,113524,0,255,93,0.16,10.75,8.52,-15.41;38.55;0.35;-16.35;38.55;0.59;20.82;24.12;-0.59;20.82;24.75;-0.35;0.25;-15.96;-7.41
1787986346177024,113533,0,255,93,0.16,10.75,8.52,-15.41;38.55;0.35;-16.35;38.55;0.59;20.82;24.12;-0.59;20.82;24.75;-0.35;0.25;-15.96;-7.41
1787986346201275,113542,0,255,93,0.16,10.75,8.52,-15.41;38.55;0.35;-16.35;38.55;0.59;20.82;24.12;-0.59;20.82;24.75;-0.35;0.25;-15.96;-7.41
1787986346217057,113551,0,255,93,0.16,10.75,8.52,-15.41;38.55;0.35;-16.35;38.55;0.59;20.82;24.12;-0.59;20.82;24.75;-0.35;0.25;-15.96;-7.41
1787986346236730,113560,0,255,93,0.16,10.75,8.52,-15.41;38.55;0.35;-16.35;38.55;0.59;20.82;24.12;-0.59;20.82;24.75;-0.35;0.25;-15.96;-7.41
1787986346259694,113569,0,255,93,0.16,10.75,8.52,-15.41;38.55;0.35;-16.35;38.55;0.59;20.82;24.12;-0.59;20.82;24.75;-0.35;0.25;-15.96;-7.41
1787986346277522,113578,0,255,93,0.16,10.75,8.52,-15.41;38.55;0.35;-16.35;38.55;0.59;20.82;24.12;-0.59;20.82;24.75;-0.35;0.25;-15.96;-7.41
1787986346297892,113580,0,255,93,0.16,10.75,8.52,-15.41;38.55;0.35;-16.35;38.55;0.59;20.82;24.12;-0.59;20.82;24.75;-0.35;0.25;-15.96;-7.41
1787986346316977,113589,0,255,93,0.16,10.75,8.52,-15.41;38.55;0.35;-16.35;38.55;0.59;20.82;24.12;-0.59;20.82;24.75;-0.35;0.25;-15.96;-7.41
1787986346337073,113605,0,255,93,0.16,10.75,8.52,-15.41;38.55;0.35;-16.35;38.55;0.59;20.82;24.12;-0.59;20.82;24.75;-0.35;0.25;-15.96;-7.41
1787986346358822,113614,0,255,93,0.16,10.75,8.52,-15.41;38.55;0.35;-16.35;38.55;0.59;20.82;24.12;-0.59;20.82;24.75;-0.35;0.25;-15.96;-7.41
1787986346378287,113623,0,255,93,0.16,10.75,8.52,-15.41;38.55;0.35;-16.35;38.55;0.59;20.82;24.12;-0.59;20.82;24.75;-0.35;0.25;-15.96;-7.41
1787986346398571,113632,0,255,93,0.16,10.75,8.52,-15.41;38.55;0.35;-16.35;38.55;0.59;20.82;24.12;-0.59;20.82;24.75;-0.35;0.25;-15.96;-7.41
1787986346421008,113641,0,255,93,0.16,10.75,8.52,-15.41;38.55;0.35;-16.35;38.55;0.59;20.82;24.12;-0.59;20.82;24.75;-0.35;0.25;-15.96;-7.41
1787986346438445,113650,0,255,93,0.16,10.75,8.52,-15.41;38.55;0.35;-16.35;38.55;0.59;20.82;24.12;-0.59;20.82;24.75;-0.35;0.25;-15.96;-7.41
1787986346457615,113659,0,255,93,0.16,10.75,8.52,-15.41;38.55;0.35;-16.35;38.55;0.59;20.82;24.12;-0.59;20.82;24.75;-0.35;0.25;-15.96;-7.41
1787986346479959,113668,0,255,93,0.16,10.75,8.52,-15.41;38.55;0.35;-16.35;38.55;0.59;20.82;24.12;-0.59;20.82;24.75;-0.35;0.25;-15.96;-7.41
1787986346497562,113677,0,255,93,0.16,10.75,8.52,-15.41;38.55;0.35;-16.35;38.55;0.59;20.82;24.12;-0.59;20.82;24.75;-0.35;0.25;-15.96;-7.41
1787986346518449,113679,0,255,93,0.16,10.75,8.52,-15.41;38.55;0.35;-16.35;38.55;0.59;20.82;24.12;-0.59;20.82;24.75;-0.35;0.25;-15.96;-7.41
1787986346538564,113695,0,255,93,0.16,10.75,8.52,-15.41;38.55;0.35;-16.35;38.55;0.59;20.82;24.12;-0.59;20.82;24.75;-0.35;0.25;-15.96;-7.41
1787986346556562,113704,0,255,93,0.16,10.75,8.52,-15.41;38.55;0.35;-16.35;38.55;0.59;20.82;24.12;-0.59;20.82;24.75;-0.35;0.25;-15.96;-7.41
1787986346579686,113706,0,255,93,0.16,10.75,8.52,-15.41;38.55;0.35;-16.35;38.55;0.59;20.82;24.12;-0.59;20.82;24.75;-0.35;0.25;-15.96;-7.41
1787986346597499,113715,0,255,93,0.16,10.75,8.52,-15.41;38.55;0.35;-16.35;38.55;0.59;20.82;24.12;-0.59;20.82;24.75;-0.35;0.25;-15.96;-7.41
1787986346617294,113731,0,255,93,0.16,10.75,8.52,-15.41;38.55;0.35;-16.35;38.55;0.59;20.82;24.12;-0.59;20.82;24.75;-0.35;0.25;-15.96;-7.41
1787986346639659,113740,0,255,93,0.16,10.75,8.52,-15.41;38.55;0.35;-16.35;38.55;0.59;20.82;24.12;-0.59;20.82;24.75;-0.35;0.25;-15.96;-7.41
1787986346657873,113749,0,255,93,0.16,10.75,8.52,-15.41;38.55;0.35;-16.35;38.55;0.59;20.82;24.12;-0.59;20.82;24.75;-0.35;0.25;-15.96;-7.41
1787986346781838,113751,0,255,93,0.16,10.75,8.52,-15.41;38.55;0.35;-16.35;38.55;0.59;20.82;24.12;-0.59;20.82;24.75;-0.35;0.25;-15.96;-7.41
1787986346782309,113753,0,255,93,0.16,10.75,8.52,-15.41;38.55;0.35;-16.35;38.55;0.59;20.82;24.12;-0.59;20.82;24.75;-0.35;0.25;-15.96;-7.41
1787986346783099,113755,0,255,93,0.16,10.75,8.52,-15.41;38.55;0.35;-16.35;38.55;0.59;20.82;24.12;-0.59;20.82;24.75;-0.35;0.25;-15.96;-7.41
1787986346783656,113757,0,255,93,0.16,10.75,8.52,-15.41;38.55;0.35;-16.35;38.55;0.59;20.82;24.12;-0.59;20.82;24.75;-0.35;0.25;-15.96;-7.41
1787986346784105,113759,0,255,93,0.16,10.75,8.52,-15.41;38.55;0.35;-16.35;38.55;0.59;20.82;24.12;-0.59;20.82;24.75;-0.35;0.25;-15.96;-7.41
1787986346784611,113761,0,255,93,0.16,10.75,8.52,-15.41;38.55;0.35;-16.35;38.55;0.59;20.82;24.12;-0.59;20.82;24.75;-0.35;0.25;-15.96;-7.41
1787986346798776,113805,0,255,93,0.16,10.75,8.52,-15.41;38.55;0.35;-16.35;38.55;0.59;20.82;24.12;-0.59;20.82;24.75;-0.35;0.25;-15.96;-7.41
1787986346817153,113822,0,255,93,0.16,10.75,8.52,-15.41;38.55;0.35;-16.35;38.55;0.59;20.82;24.12;-0.59;20.82;24.75;-0.35;0.25;-15.96;-7.41
1787986346837785,113831,0,255,93,0.16,10.75,8.52,-15.41;38.55;0.35;-16.35;38.55;0.59;20.82;24.12;-0.59;20.82;24.75;-0.35;0.25;-15.96;-7.41
1787986346860657,113833,0,255,93,0.16,10.75,8.52,-15.41;38.55;0.35;-16.35;38.55;0.59;20.82;24.12;-0.59;20.82;24.75;-0.35;0.25;-15.96;-7.41
1787986346877626,113842,0,255,93,0.14,10.85,8.47,-15.41;38.55;0.59;-16.35;38.55;0.59;20.82;24.12;-0.59;20.82;24.75;0.12;0.25;-15.96;-7.41
1787986346898676,113858,0,255,93,0.14,10.85,8.47,-15.41;38.55;0.59;-16.35;38.55;0.59;20.82;24.12;-0.59;20.82;24.75;0.12;0.25;-15.96;-7.41
1787986347016293,113860,0,255,93,0.14,10.85,8.47,-15.41;38.55;0.59;-16.35;38.55;0.59;20.82;24.12;-0.59;20.82;24.75;0.12;0.25;-15.96;-7.41
1787986347017758,113862,0,255,93,0.14,10.85,8.47,-15.41;38.55;0.59;-16.35;38.55;0.59;20.82;24.12;-0.59;20.82;24.75;0.12;0.25;-15.96;-7.41
1787986347019212,113864,0,255,93,0.14,10.85,8.47,-15.41;38.55;0.59;-16.35;38.55;0.59;20.82;24.12;-0.59;20.82;24.75;0.12;0.25;-15.96;-7.41
1787986347020441,113866,0,255,93,0.14,10.85,8.47,-15.41;38.55;0.59;-16.35;38.55;0.59;20.82;24.12;-0.59;20.82;24.75;0.12;0.25;-15.96;-7.41
1787986347021562,113868,0,255,93,0.14,10.85,8.47,-15.41;38.55;0.59;-16.35;38.55;0.59;20.82;24.12;-0.59;20.82;24.75;0.12;0.25;-15.96;-7.41
1787986347022551,113870,0,255,93,0.14,10.85,8.47,-15.41;38.55;0.59;-16.35;38.55;0.59;20.82;24.12;-0.59;20.82;24.75;0.12;0.25;-15.96;-7.41
1787986347037877,113921,0,255,93,0.14,10.85,8.47,-15.41;38.55;0.59;-16.35;38.55;0.59;20.82;24.12;-0.59;20.82;24.75;0.12;0.25;-15.96;-7.41
1787986347056180,113930,0,255,93,0.14,10.85,8.47,-15.41;38.55;0.59;-16.35;38.55;0.59;20.82;24.12;-0.59;20.82;24.75;0.12;0.25;-15.96;-7.41
1787986347080960,113932,0,255,93,0.14,10.85,8.47,-15.41;38.55;0.59;-16.35;38.55;0.59;20.82;24.12;-0.59;20.82;24.75;0.12;0.25;-15.96;-7.41
1787986347097637,113948,0,255,93,0.14,10.85,8.47,-15.41;38.55;0.59;-16.35;38.55;0.59;20.82;24.12;-0.59;20.82;24.75;0.12;0.25;-15.96;-7.41
1787986347118744,113957,0,255,93,0.14,10.85,8.47,-15.41;38.55;0.59;-16.35;38.55;0.59;20.82;24.12;-0.59;20.82;24.75;0.12;0.25;-15.96;-7.41
1787986347265815,113959,0,255,93,0.14,10.85,8.47,-15.41;38.55;0.59;-16.35;38.55;0.59;20.82;24.12;-0.59;20.82;24.75;0.12;0.25;-15.96;-7.41
1787986347268012,113961,0,255,93,0.14,10.85,8.47,-15.41;38.55;0.59;-16.35;38.55;0.59;20.82;24.12;-0.59;20.82;24.75;0.12;0.25;-15.96;-7.41
1787986347269687,113963,0,255,93,0.14,10.85,8.47,-15.41;38.55;0.59;-16.35;38.55;0.59;20.82;24.12;-0.59;20.82;24.75;0.12;0.25;-15.96;-7.41
1787986347271020,113965,0,255,93,0.14,10.85,8.47,-15.41;38.55;0.59;-16.35;38.55;0.59;20.82;24.12;-0.59;20.82;24.75;0.12;0.25;-15.96;-7.41
1787986347272319,113967,0,255,93,0.14,10.85,8.47,-15.41;38.55;0.59;-16.35;38.55;0.59;20.82;24.12;-0.59;20.82;24.75;0.12;0.25;-15.96;-7.41
1787986347273492,113969,0,255,93,0.14,10.85,8.47,-15.41;38.55;0.59;-16.35;38.55;0.59;20.82;24.12;-0.59;20.82;24.75;0.12;0.25;-15.96;-7.41
1787986347274364,113971,0,255,93,0.14,10.85,8.47,-15.41;38.55;0.59;-16.35;38.55;0.59;20.82;24.12;-0.59;20.82;24.75;0.12;0.25;-15.96;-7.41
1787986347278268,114022,0,255,93,0.14,10.85,8.47,-15.41;38.55;0.59;-16.35;38.55;0.59;20.82;24.12;-0.59;20.82;24.75;0.12;0.25;-15.96;-7.41
1787986347297988,114031,0,255,93,0.14,10.85,8.47,-15.41;38.55;0.59;-16.35;38.55;0.59;20.82;24.12;-0.59;20.82;24.75;0.12;0.25;-15.96;-7.41
1787986347317912,114040,0,255,93,0.14,10.85,8.47,-15.41;38.55;0.59;-16.35;38.55;0.59;20.82;24.12;-0.59;20.82;24.75;0.12;0.25;-15.96;-7.41
1787986347338443,114049,0,255,93,0.14,10.85,8.47,-15.41;38.55;0.59;-16.35;38.55;0.59;20.82;24.12;-0.59;20.82;24.75;0.12;0.25;-15.96;-7.41
1787986347358092,114058,0,255,93,0.14,10.85,8.47,-15.41;38.55;0.59;-16.35;38.55;0.59;20.82;24.12;-0.59;20.82;24.75;0.12;0.25;-15.96;-7.41
1787986347377458,114067,0,255,93,0.14,10.85,8.47,-15.41;38.55;0.59;-16.35;38.55;0.59;20.82;24.12;-0.59;20.82;24.75;0.12;0.25;-15.96;-7.41
1787986347455361,114076,0,255,93,0.14,10.85,8.47,-15.41;38.55;0.59;-16.35;38.55;0.59;20.82;24.12;-0.59;20.82;24.75;0.12;0.25;-15.96;-7.41
1787986347456728,114078,0,255,93,0.14,10.85,8.47,-15.41;38.55;0.59;-16.35;38.55;0.59;20.82;24.12;-0.59;20.82;24.75;0.12;0.25;-15.96;-7.41
1787986347458390,114080,0,255,93,0.14,10.85,8.47,-15.41;38.55;0.59;-16.35;38.55;0.59;20.82;24.12;-0.59;20.82;24.75;0.12;0.25;-15.96;-7.41
1787986347464613,114103,0,255,93,0.14,10.85,8.47,-15.41;38.55;0.59;-16.35;38.55;0.59;20.82;24.12;-0.59;20.82;24.75;0.12;0.25;-15.96;-7.41
1787986347478714,114112,0,255,93,0.14,10.85,8.47,-15.41;38.55;0.59;-16.35;38.55;0.59;20.82;24.12;-0.59;20.82;24.75;0.12;0.25;-15.96;-7.41
1787986347542778,114121,0,255,93,0.14,10.85,8.47,-15.41;38.55;0.59;-16.35;38.55;0.59;20.82;24.12;-0.59;20.82;24.75;0.12;0.25;-15.96;-7.41
1787986347543795,114123,0,255,93,0.14,10.85,8.47,-15.41;38.55;0.59;-16.35;38.55;0.59;20.82;24.12;-0.59;20.82;24.75;0.12;0.25;-15.96;-7.41
1787986347544388,114125,0,255,93,0.14,10.85,8.47,-15.41;38.55;0.59;-16.35;38.55;0.59;20.82;24.12;-0.59;20.82;24.75;0.12;0.25;-15.96;-7.41
1787986347557432,114148,0,255,93,0.14,10.85,8.47,-15.41;38.55;0.59;-16.35;38.55;0.59;20.82;24.12;-0.59;20.82;24.75;0.12;0.25;-15.96;-7.41
1787986347578034,114157,0,255,93,0.14,10.85,8.47,-15.41;38.55;0.59;-16.35;38.55;0.59;20.82;24.12;-0.59;20.82;24.75;0.12;0.25;-15.96;-7.41
1787986347597069,114166,0,255,93,0.14,10.85,8.47,-15.41;38.55;0.59;-16.35;38.55;0.59;20.82;24.12;-0.59;20.82;24.75;0.12;0.25;-15.96;-7.41
1787986347617857,114175,0,255,93,0.14,10.85,8.47,-15.41;38.55;0.59;-16.35;38.55;0.59;20.82;24.12;-0.59;20.82;24.75;0.12;0.25;-15.96;-7.41
1787986347637019,114184,0,255,93,0.14,10.85,8.47,-15.41;38.55;0.59;-16.35;38.55;0.59;20.82;24.12;-0.59;20.82;24.75;0.12;0.25;-15.96;-7.41
1787986347676925,114193,0,255,93,0.14,10.85,8.47,-15.41;38.55;0.59;-16.35;38.55;0.59;20.82;24.12;-0.59;20.82;24.75;0.12;0.25;-15.96;-7.41
1787986347684388,114195,0,255,93,0.14,10.85,8.47,-15.41;38.55;0.59;-16.35;38.55;0.59;20.82;24.12;-0.59;20.82;24.75;0.12;0.25;-15.96;-7.41
1787986347775491,114211,0,255,93,0.14,10.85,8.47,-15.41;38.55;0.59;-16.35;38.55;0.59;20.82;24.12;-0.59;20.82;24.75;0.12;0.25;-15.96;-7.41
1787986347777104,114213,0,255,93,0.14,10.85,8.47,-15.41;38.55;0.59;-16.35;38.55;0.59;20.82;24.12;-0.59;20.82;24.75;0.12;0.25;-15.96;-7.41
1787986347778485,114215,0,255,93,0.14,10.85,8.47,-15.41;38.55;0.59;-16.35;38.55;0.59;20.82;24.12;-0.59;20.82;24.75;0.12;0.25;-15.96;-7.41
1787986347779745,114217,0,255,93,0.14,10.85,8.47,-15.41;38.55;0.59;-16.35;38.55;0.59;20.82;24.12;-0.59;20.82;24.75;0.12;0.25;-15.96;-7.41
1787986347782431,114226,0,255,93,0.14,10.85,8.47,-15.41;38.55;0.59;-16.35;38.55;0.59;20.82;24.12;-0.59;20.82;24.75;0.12;0.25;-15.96;-7.41
1787986347799334,114256,0,255,93,0.14,10.85,8.47,-15.41;38.55;0.59;-16.35;38.55;0.59;20.82;24.12;-0.59;20.82;24.75;0.12;0.25;-15.96;-7.41
1787986347817819,114266,0,255,93,0.14,10.85,8.47,-15.41;38.55;0.59;-16.35;38.55;0.59;20.82;24.12;-0.59;20.82;24.75;0.12;0.25;-15.96;-7.41
1787986347837194,114275,0,255,93,0.14,10.85,8.47,-15.41;38.55;0.59;-16.35;38.55;0.59;20.82;24.12;-0.59;20.82;24.75;0.12;0.25;-15.96;-7.41
1787986347858517,114284,0,255,93,0.12,10.71,8.47,-15.41;38.55;0.59;-16.35;38.55;0.59;20.82;24.12;-0.59;21.29;24.75;0.12;0.25;-15.96;-7.41
1787986347876948,114293,0,255,93,0.12,10.71,8.47,-15.41;38.55;0.59;-16.35;38.55;0.59;20.82;24.12;-0.59;21.29;24.75;0.12;0.25;-15.96;-7.41
1787986348011584,114302,0,255,93,0.12,10.71,8.47,-15.41;38.55;0.59;-16.35;38.55;0.59;20.82;24.12;-0.59;21.29;24.75;0.12;0.25;-15.96;-7.41
1787986348013561,114304,0,255,93,0.12,10.71,8.47,-15.41;38.55;0.59;-16.35;38.55;0.59;20.82;24.12;-0.59;21.29;24.75;0.12;0.25;-15.96;-7.41
1787986348015245,114306,0,255,93,0.12,10.71,8.47,-15.41;38.55;0.59;-16.35;38.55;0.59;20.82;24.12;-0.59;21.29;24.75;0.12;0.25;-15.96;-7.41
1787986348016524,114308,0,255,93,0.12,10.71,8.47,-15.41;38.55;0.59;-16.35;38.55;0.59;20.82;24.12;-0.59;21.29;24.75;0.12;0.25;-15.96;-7.41
1787986348017474,114310,0,255,93,0.12,10.71,8.47,-15.41;38.55;0.59;-16.35;38.55;0.59;20.82;24.12;-0.59;21.29;24.75;0.12;0.25;-15.96;-7.41
1787986348018384,114312,0,255,93,0.12,10.71,8.47,-15.41;38.55;0.59;-16.35;38.55;0.59;20.82;24.12;-0.59;21.29;24.75;0.12;0.25;-15.96;-7.41
1787986348024460,114342,0,255,93,0.12,10.71,8.47,-15.41;38.55;0.59;-16.35;38.55;0.59;20.82;24.12;-0.59;21.29;24.75;0.12;0.25;-15.96;-7.41
1787986348037418,114365,0,255,93,0.12,10.71,8.47,-15.41;38.55;0.59;-16.35;38.55;0.59;20.82;24.12;-0.59;21.29;24.75;0.12;0.25;-15.96;-7.41
1787986348056569,114374,0,255,93,0.12,10.71,8.47,-15.41;38.55;0.59;-16.35;38.55;0.59;20.82;24.12;-0.59;21.29;24.75;0.12;0.25;-15.96;-7.41
1787986348077890,114383,0,255,93,0.12,10.71,8.47,-15.41;38.55;0.59;-16.35;38.55;0.59;20.82;24.12;-0.59;21.29;24.75;0.12;0.25;-15.96;-7.41
1787986348097374,114392,0,255,93,0.12,10.71,8.47,-15.41;38.55;0.59;-16.35;38.55;0.59;20.82;24.12;-0.59;21.29;24.75;0.12;0.25;-15.96;-7.41
1787986348119286,114401,0,255,93,0.12,10.71,8.47,-15.41;38.55;0.59;-16.35;38.55;0.59;20.82;24.12;-0.59;21.29;24.75;0.12;0.25;-15.96;-7.41
1787986348247542,114410,0,255,93,0.12,10.71,8.47,-15.41;38.55;0.59;-16.35;38.55;0.59;20.82;24.12;-0.59;21.29;24.75;0.12;0.25;-15.96;-7.41
1787986348249664,114412,0,255,93,0.12,10.71,8.47,-15.41;38.55;0.59;-16.35;38.55;0.59;20.82;24.12;-0.59;21.29;24.75;0.12;0.25;-15.96;-7.41
1787986348251056,114414,0,255,93,0.12,10.71,8.47,-15.41;38.55;0.59;-16.35;38.55;0.59;20.82;24.12;-0.59;21.29;24.75;0.12;0.25;-15.96;-7.41
1787986348251589,114416,0,255,93,0.12,10.71,8.47,-15.41;38.55;0.59;-16.35;38.55;0.59;20.82;24.12;-0.59;21.29;24.75;0.12;0.25;-15.96;-7.41
1787986348252023,114418,0,255,93,0.12,10.71,8.47,-15.41;38.55;0.59;-16.35;38.55;0.59;20.82;24.12;-0.59;21.29;24.75;0.12;0.25;-15.96;-7.41
1787986348252565,114420,0,255,93,0.12,10.71,8.47,-15.41;38.55;0.59;-16.35;38.55;0.59;20.82;24.12;-0.59;21.29;24.75;0.12;0.25;-15.96;-7.41
1787986348258699,114464,0,255,93,0.12,10.71,8.47,-15.41;38.55;0.59;-16.35;38.55;0.59;20.82;24.12;-0.59;21.29;24.75;0.12;0.25;-15.96;-7.41
1787986348277252,114473,0,255,93,0.12,10.71,8.47,-15.41;38.55;0.59;-16.35;38.55;0.59;20.82;24.12;-0.59;21.29;24.75;0.12;0.25;-15.96;-7.41
1787986348297869,114482,0,255,93,0.12,10.71,8.47,-15.41;38.55;0.59;-16.35;38.55;0.59;20.82;24.12;-0.59;21.29;24.75;0.12;0.25;-15.96;-7.41
1787986348317709,114491,0,255,93,0.12,10.71,8.47,-15.41;38.55;0.59;-16.35;38.55;0.59;20.82;24.12;-0.59;21.29;24.75;0.12;0.25;-15.96;-7.41
1787986348338570,114500,0,255,93,0.12,10.71,8.47,-15.41;38.55;0.59;-16.35;38.55;0.59;20.82;24.12;-0.59;21.29;24.75;0.12;0.25;-15.96;-7.41
1787986348357179,114509,0,255,93,0.12,10.71,8.47,-15.41;38.55;0.59;-16.35;38.55;0.59;20.82;24.12;-0.59;21.29;24.75;0.12;0.25;-15.96;-7.41
1787986348482277,114511,0,255,93,0.12,10.71,8.47,-15.41;38.55;0.59;-16.35;38.55;0.59;20.82;24.12;-0.59;21.29;24.75;0.12;0.25;-15.96;-7.41
1787986348484319,114513,0,255,93,0.12,10.71,8.47,-15.41;38.55;0.59;-16.35;38.55;0.59;20.82;24.12;-0.59;21.29;24.75;0.12;0.25;-15.96;-7.41
1787986348485719,114515,0,255,93,0.12,10.71,8.47,-15.41;38.55;0.59;-16.35;38.55;0.59;20.82;24.12;-0.59;21.29;24.75;0.12;0.25;-15.96;-7.41
1787986348487160,114517,0,255,93,0.12,10.71,8.47,-15.41;38.55;0.59;-16.35;38.55;0.59;20.82;24.12;-0.59;21.29;24.75;0.12;0.25;-15.96;-7.41
1787986348488509,114519,0,255,93,0.12,10.71,8.47,-15.41;38.55;0.59;-16.35;38.55;0.59;20.82;24.12;-0.59;21.29;24.75;0.12;0.25;-15.96;-7.41
1787986348489425,114521,0,255,93,0.12,10.71,8.47,-15.41;38.55;0.59;-16.35;38.55;0.59;20.82;24.12;-0.59;21.29;24.75;0.12;0.25;-15.96;-7.41
1787986348497813,114565,0,255,93,0.12,10.71,8.47,-15.41;38.55;0.59;-16.35;38.55;0.59;20.82;24.12;-0.59;21.29;24.75;0.12;0.25;-15.96;-7.41
1787986348518675,114581,0,255,93,0.12,10.71,8.47,-15.41;38.55;0.59;-16.35;38.55;0.59;20.82;24.12;-0.59;21.29;24.75;0.12;0.25;-15.96;-7.41
1787986348539156,114590,0,255,93,0.12,10.71,8.47,-15.41;38.55;0.59;-16.35;38.55;0.59;20.82;24.12;-0.59;21.29;24.75;0.12;0.25;-15.96;-7.41
1787986348557229,114592,0,255,93,0.12,10.71,8.47,-15.41;38.55;0.59;-16.35;38.55;0.59;20.82;24.12;-0.59;21.29;24.75;0.12;0.25;-15.96;-7.41
1787986348577570,114608,0,255,93,0.12,10.71,8.47,-15.41;38.55;0.59;-16.35;38.55;0.59;20.82;24.12;-0.59;21.29;24.75;0.12;0.25;-15.96;-7.41
1787986348597433,114617,0,255,93,0.12,10.71,8.47,-15.41;38.55;0.59;-16.35;38.55;0.59;20.82;24.12;-0.59;21.29;24.75;0.12;0.25;-15.96;-7.41
1787986348619141,114619,0,255,93,0.12,10.71,8.47,-15.41;38.55;0.59;-16.35;38.55;0.59;20.82;24.12;-0.59;21.29;24.75;0.12;0.25;-15.96;-7.41
1787986348638464,114635,0,255,93,0.12,10.71,8.47,-15.41;38.55;0.59;-16.35;38.55;0.59;20.82;24.12;-0.59;21.29;24.75;0.12;0.25;-15.96;-7.41
1787986348657285,114644,0,255,93,0.12,10.71,8.47,-15.41;38.55;0.59;-16.35;38.55;0.59;20.82;24.12;-0.59;21.29;24.75;0.12;0.25;-15.96;-7.41
1787986348678277,114653,0,255,93,0.12,10.71,8.47,-15.41;38.55;0.59;-16.35;38.55;0.59;20.82;24.12;-0.59;21.29;24.75;0.12;0.25;-15.96;-7.41
1787986348697276,114655,0,255,93,0.12,10.71,8.47,-15.41;38.55;0.59;-16.35;38.55;0.59;20.82;24.12;-0.59;21.29;24.75;0.12;0.25;-15.96;-7.41
1787986348831276,114664,0,255,93,0.12,10.71,8.47,-15.41;38.55;0.59;-16.35;38.55;0.59;20.82;24.12;-0.59;21.29;24.75;0.12;0.25;-15.96;-7.41
1787986348833548,114666,0,255,93,0.12,10.71,8.47,-15.41;38.55;0.59;-16.35;38.55;0.59;20.82;24.12;-0.59;21.29;24.75;0.12;0.25;-15.96;-7.41
1787986348835398,114668,0,255,93,0.12,10.71,8.47,-15.41;38.55;0.59;-16.35;38.55;0.59;20.82;24.12;-0.59;21.29;24.75;0.12;0.25;-15.96;-7.41
1787986348836953,114670,0,255,93,0.12,10.71,8.47,-15.41;38.55;0.59;-16.35;38.55;0.59;20.82;24.12;-0.59;21.29;24.75;0.12;0.25;-15.96;-7.41
1787986348838158,114672,0,255,93,0.12,10.71,8.47,-15.41;38.55;0.59;-16.35;38.55;0.59;20.82;24.12;-0.59;21.29;24.75;0.12;0.25;-15.96;-7.41
1787986348839351,114675,0,255,93,0.12,10.71,8.47,-15.41;38.55;0.59;-16.35;38.55;0.59;20.82;24.12;-0.59;21.29;24.75;0.12;0.25;-15.96;-7.41
1787986348843141,114719,0,255,93,-0.07,14.11,8.93,-20.59;38.55;0.59;-21.06;39.18;0.82;26.94;17.84;-0.59;26.47;18.47;0.12;0.25;-19.02;-10.47
1787986348857233,114728,0,255,93,-0.07,14.11,8.93,-20.59;38.55;0.59;-21.06;39.18;0.82;26.94;17.84;-0.59;26.47;18.47;0.12;0.25;-19.02;-10.47
1787986348877590,114737,0,255,93,-0.07,14.11,8.93,-20.59;38.55;0.59;-21.06;39.18;0.82;26.94;17.84;-0.59;26.47;18.47;0.12;0.25;-19.02;-10.47
1787986348898074,114746,0,255,93,-0.07,14.11,8.93,-20.59;38.55;0.59;-21.06;39.18;0.82;26.94;17.84;-0.59;26.47;18.47;0.12;0.25;-19.02;-10.47
1787986348918574,114755,0,255,93,-0.07,14.11,8.93,-20.59;38.55;0.59;-21.06;39.18;0.82;26.94;17.84;-0.59;26.47;18.47;0.12;0.25;-19.02;-10.47
1787986348937906,114764,0,255,93,-0.07,14.11,8.93,-20.59;38.55;0.59;-21.06;39.18;0.82;26.94;17.84;-0.59;26.47;18.47;0.12;0.25;-19.02;-10.47
1787986348981922,114773,0,255,93,-0.07,14.11,8.93,-20.59;38.55;0.59;-21.06;39.18;0.82;26.94;17.84;-0.59;26.47;18.47;0.12;0.25;-19.02;-10.47
1787986348982988,114775,0,255,93,-0.07,14.11,8.93,-20.59;38.55;0.59;-21.06;39.18;0.82;26.94;17.84;-0.59;26.47;18.47;0.12;0.25;-19.02;-10.47
1787986348998616,114791,0,255,93,-0.07,14.11,8.93,-20.59;38.55;0.59;-21.06;39.18;0.82;26.94;17.84;-0.59;26.47;18.47;0.12;0.25;-19.02;-10.47
1787986349019998,114800,0,255,93,-0.07,14.11,8.93,-20.59;38.55;0.59;-21.06;39.18;0.82;26.94;17.84;-0.59;26.47;18.47;0.12;0.25;-19.02;-10.47
1787986349037359,114809,0,255,93,-0.07,14.11,8.93,-20.59;38.55;0.59;-21.06;39.18;0.82;26.94;17.84;-0.59;26.47;18.47;0.12;0.25;-19.02;-10.47
1787986349058195,114818,0,255,93,-0.07,14.11,8.93,-20.59;38.55;0.59;-21.06;39.18;0.82;26.94;17.84;-0.59;26.47;18.47;0.12;0.25;-19.02;-10.47
1787986349077513,114827,0,255,93,-0.07,14.11,8.93,-20.59;38.55;0.59;-21.06;39.18;0.82;26.94;17.84;-0.59;26.47;18.47;0.12;0.25;-19.02;-10.47
1787986349096886,114836,0,255,93,-0.07,14.11,8.93,-20.59;38.55;0.59;-21.06;39.18;0.82;26.94;17.84;-0.59;26.47;18.47;0.12;0.25;-19.02;-10.47
1787986349118727,114845,0,255,93,-0.07,14.11,8.93,-20.59;38.55;0.59;-21.06;39.18;0.82;26.94;17.84;-0.59;26.47;18.47;0.12;0.25;-19.02;-10.47
1787986349137114,114854,0,255,93,-0.07,14.11,8.93,-20.59;38.55;0.59;-21.06;39.18;0.82;26.94;17.84;-0.59;26.47;18.47;0.12;0.25;-19.02;-10.47
1787986349157676,114863,0,255,93,-0.07,14.11,8.93,-20.59;38.55;0.59;-21.06;39.18;0.82;26.94;17.84;-0.59;26.47;18.47;0.12;0.25;-19.02;-10.47
1787986349177554,114872,0,255,93,-0.07,14.11,8.93,-20.59;38.55;0.59;-21.06;39.18;0.82;26.94;17.84;-0.59;26.47;18.47;0.12;0.25;-19.02;-10.47
1787986349196668,114881,0,255,93,-0.07,14.11,8.93,-20.59;38.55;0.59;-21.06;39.18;0.82;26.94;17.84;-0.59;26.47;18.47;0.12;0.25;-19.02;-10.47
1787986349217121,114890,0,255,93,-0.07,14.11,8.93,-20.59;38.55;0.59;-21.06;39.18;0.82;26.94;17.84;-0.59;26.47;18.47;0.12;0.25;-19.02;-10.47
1787986349237499,114899,0,255,93,-0.07,14.11,8.93,-20.59;38.55;0.59;-21.06;39.18;0.82;26.94;17.84;-0.59;26.47;18.47;0.12;0.25;-19.02;-10.47
1787986349258248,114908,0,255,93,-0.07,14.11,8.93,-20.59;38.55;0.59;-21.06;39.18;0.82;26.94;17.84;-0.59;26.47;18.47;0.12;0.25;-19.02;-10.47
1787986349278486,114917,0,255,93,-0.07,14.11,8.93,-20.59;38.55;0.59;-21.06;39.18;0.82;26.94;17.84;-0.59;26.47;18.47;0.12;0.25;-19.02;-10.47
1787986349298821,114926,0,255,93,-0.07,14.11,8.93,-20.59;38.55;0.59;-21.06;39.18;0.82;26.94;17.84;-0.59;26.47;18.47;0.12;0.25;-19.02;-10.47
1787986349316780,114935,0,255,93,-0.07,14.11,8.93,-20.59;38.55;0.59;-21.06;39.18;0.82;26.94;17.84;-0.59;26.47;18.47;0.12;0.25;-19.02;-10.47
1787986349338607,114944,0,255,93,-0.07,14.11,8.93,-20.59;38.55;0.59;-21.06;39.18;0.82;26.94;17.84;-0.59;26.47;18.47;0.12;0.25;-19.02;-10.47
1787986349358738,114953,0,255,93,-0.07,14.11,8.93,-20.59;38.55;0.59;-21.06;39.18;0.82;26.94;17.84;-0.59;26.47;18.47;0.12;0.25;-19.02;-10.47
1787986349377858,114962,0,255,93,-0.07,14.11,8.93,-20.59;38.55;0.59;-21.06;39.18;0.82;26.94;17.84;-0.59;26.47;18.47;0.12;0.25;-19.02;-10.47
1787986349398047,114971,0,255,93,-0.07,14.11,8.93,-20.59;38.55;0.59;-21.06;39.18;0.82;26.94;17.84;-0.59;26.47;18.47;0.12;0.25;-19.02;-10.47
1787986349417833,114980,0,255,93,-0.07,14.11,8.93,-20.59;38.55;0.59;-21.06;39.18;0.82;26.94;17.84;-0.59;26.47;18.47;0.12;0.25;-19.02;-10.47
1787986349437514,114989,0,255,93,-0.07,14.11,8.93,-20.59;38.55;0.59;-21.06;39.18;0.82;26.94;17.84;-0.59;26.47;18.47;0.12;0.25;-19.02;-10.47
1787986349457690,114998,0,255,93,-0.07,14.11,8.93,-20.59;38.55;0.59;-21.06;39.18;0.82;26.94;17.84;-0.59;26.47;18.47;0.12;0.25;-19.02;-10.47
1787986349477897,115007,0,255,93,-0.07,14.11,8.93,-20.59;38.55;0.59;-21.06;39.18;0.82;26.94;17.84;-0.59;26.47;18.47;0.12;0.25;-19.02;-10.47
1787986349500991,115016,0,255,93,-0.07,14.11,8.93,-20.59;38.55;0.59;-21.06;39.18;0.82;26.94;17.84;-0.59;26.47;18.47;0.12;0.25;-19.02;-10.47
1787986349521669,115025,0,255,93,-0.07,14.11,8.93,-20.59;38.55;0.59;-21.06;39.18;0.82;26.94;17.84;-0.59;26.47;18.47;0.12;0.25;-19.02;-10.47
1787986349539923,115034,0,255,93,-0.07,14.11,8.93,-20.59;38.55;0.59;-21.06;39.18;0.82;26.94;17.84;-0.59;26.47;18.47;0.12;0.25;-19.02;-10.47
1787986349559068,115043,0,255,93,-0.07,14.11,8.93,-20.59;38.55;0.59;-21.06;39.18;0.82;26.94;17.84;-0.59;26.47;18.47;0.12;0.25;-19.02;-10.47
1787986349577179,115052,0,255,93,-0.07,14.11,8.93,-20.59;38.55;0.59;-21.06;39.18;0.82;26.94;17.84;-0.59;26.47;18.47;0.12;0.25;-19.02;-10.47
1787986349596586,115061,0,255,93,-0.07,14.11,8.93,-20.59;38.55;0.59;-21.06;39.18;0.82;26.94;17.84;-0.59;26.47;18.47;0.12;0.25;-19.02;-10.47
1787986349618313,115070,0,255,93,-0.07,14.11,8.93,-20.59;38.55;0.59;-21.06;39.18;0.82;26.94;17.84;-0.59;26.47;18.47;0.12;0.25;-19.02;-10.47
1787986349637335,115079,0,255,93,-0.07,14.11,8.93,-20.59;38.55;0.59;-21.06;39.18;0.82;26.94;17.84;-0.59;26.47;18.47;0.12;0.25;-19.02;-10.47
1787986349658011,115088,0,255,93,-0.07,14.11,8.93,-20.59;38.55;0.59;-21.06;39.18;0.82;26.94;17.84;-0.59;26.47;18.47;0.12;0.25;-19.02;-10.47
1787986349680391,115097,0,255,93,-0.07,14.11,8.93,-20.59;38.55;0.59;-21.06;39.18;0.82;26.94;17.84;-0.59;26.47;18.47;0.12;0.25;-19.02;-10.47
1787986349696767,115106,0,255,93,-0.07,14.11,8.93,-20.59;38.55;0.59;-21.06;39.18;0.82;26.94;17.84;-0.59;26.47;18.47;0.12;0.25;-19.02;-10.47
1787986349718434,115115,0,255,93,-0.07,14.11,8.93,-20.59;38.55;0.59;-21.06;39.18;0.82;26.94;17.84;-0.59;26.47;18.47;0.12;0.25;-19.02;-10.47
1787986349737616,115124,0,255,93,-0.07,14.11,8.93,-20.59;38.55;0.59;-21.06;39.18;0.82;26.94;17.84;-0.59;26.47;18.47;0.12;0.25;-19.02;-10.47
1787986349760076,115133,0,255,93,-0.07,14.11,8.93,-20.59;38.55;0.59;-21.06;39.18;0.82;26.94;17.84;-0.59;26.47;18.47;0.12;0.25;-19.02;-10.47
1787986349783731,115142,0,255,93,-0.07,14.11,8.93,-20.59;38.55;0.59;-21.06;39.18;0.82;26.94;17.84;-0.59;26.47;18.47;0.12;0.25;-19.02;-10.47
1787986349797757,115151,0,255,93,-0.07,14.11,8.93,-20.59;38.55;0.59;-21.06;39.18;0.82;26.94;17.84;-0.59;26.47;18.47;0.12;0.25;-19.02;-10.47
1787986349818289,115161,0,255,93,-0.07,14.11,8.93,-20.59;38.55;0.59;-21.06;39.18;0.82;26.94;17.84;-0.59;26.47;18.47;0.12;0.25;-19.02;-10.47
1787986349838807,115170,0,255,94,0.02,13.99,8.77,-20.59;38.55;0.59;-21.06;39.18;0.59;26.94;18.47;-0.59;26.47;18.47;0.12;0.25;-19.02;-10.47
1787986349858197,115179,0,255,94,0.02,13.99,8.77,-20.59;38.55;0.59;-21.06;39.18;0.59;26.94;18.47;-0.59;26.47;18.47;0.12;0.25;-19.02;-10.47
1787986349878265,115188,0,255,94,0.02,13.99,8.77,-20.59;38.55;0.59;-21.06;39.18;0.59;26.94;18.47;-0.59;26.47;18.47;0.12;0.25;-19.02;-10.47
1787986349925539,115190,0,255,94,0.02,13.99,8.77,-20.59;38.55;0.59;-21.06;39.18;0.59;26.94;18.47;-0.59;26.47;18.47;0.12;0.25;-19.02;-10.47
1787986349927144,115192,0,255,94,0.02,13.99,8.77,-20.59;38.55;0.59;-21.06;39.18;0.59;26.94;18.47;-0.59;26.47;18.47;0.12;0.25;-19.02;-10.47
1787986349940483,115215,0,255,94,0.02,13.99,8.77,-20.59;38.55;0.59;-21.06;39.18;0.59;26.94;18.47;-0.59;26.47;18.47;0.12;0.25;-19.02;-10.47
1787986349957874,115224,0,255,94,0.02,13.99,8.77,-20.59;38.55;0.59;-21.06;39.18;0.59;26.94;18.47;-0.59;26.47;18.47;0.12;0.25;-19.02;-10.47
1787986349976885,115233,0,255,94,0.02,13.99,8.77,-20.59;38.55;0.59;-21.06;39.18;0.59;26.94;18.47;-0.59;26.47;18.47;0.12;0.25;-19.02;-10.47
1787986350005234,115242,0,255,94,0.02,13.99,8.77,-20.59;38.55;0.59;-21.06;39.18;0.59;26.94;18.47;-0.59;26.47;18.47;0.12;0.25;-19.02;-10.47
1787986350017785,115251,0,255,94,0.02,13.99,8.77,-20.59;38.55;0.59;-21.06;39.18;0.59;26.94;18.47;-0.59;26.47;18.47;0.12;0.25;-19.02;-10.47
1787986350038123,115260,0,255,94,0.02,13.99,8.77,-20.59;38.55;0.59;-21.06;39.18;0.59;26.94;18.47;-0.59;26.47;18.47;0.12;0.25;-19.02;-10.47
1787986350057545,115269,0,255,94,0.02,13.99,8.77,-20.59;38.55;0.59;-21.06;39.18;0.59;26.94;18.47;-0.59;26.47;18.47;0.12;0.25;-19.02;-10.47
1787986350077711,115278,0,255,94,0.02,13.99,8.77,-20.59;38.55;0.59;-21.06;39.18;0.59;26.94;18.47;-0.59;26.47;18.47;0.12;0.25;-19.02;-10.47
1787986350097913,115287,0,255,94,0.02,13.99,8.77,-20.59;38.55;0.59;-21.06;39.18;0.59;26.94;18.47;-0.59;26.47;18.47;0.12;0.25;-19.02;-10.47
1787986350119096,115296,0,255,94,0.02,13.99,8.77,-20.59;38.55;0.59;-21.06;39.18;0.59;26.94;18.47;-0.59;26.47;18.47;0.12;0.25;-19.02;-10.47
1787986350138365,115305,0,255,94,0.02,13.99,8.77,-20.59;38.55;0.59;-21.06;39.18;0.59;26.94;18.47;-0.59;26.47;18.47;0.12;0.25;-19.02;-10.47
1787986350158475,115314,0,255,94,0.02,13.99,8.77,-20.59;38.55;0.59;-21.06;39.18;0.59;26.94;18.47;-0.59;26.47;18.47;0.12;0.25;-19.02;-10.47
1787986350177050,115323,0,255,94,0.02,13.99,8.77,-20.59;38.55;0.59;-21.06;39.18;0.59;26.94;18.47;-0.59;26.47;18.47;0.12;0.25;-19.02;-10.47
1787986350196848,115332,0,255,94,0.02,13.99,8.77,-20.59;38.55;0.59;-21.06;39.18;0.59;26.94;18.47;-0.59;26.47;18.47;0.12;0.25;-19.02;-10.47
1787986350217125,115341,0,255,94,0.02,13.99,8.77,-20.59;38.55;0.59;-21.06;39.18;0.59;26.94;18.47;-0.59;26.47;18.47;0.12;0.25;-19.02;-10.47
1787986350237661,115350,0,255,94,0.02,13.99,8.77,-20.59;38.55;0.59;-21.06;39.18;0.59;26.94;18.47;-0.59;26.47;18.47;0.12;0.25;-19.02;-10.47
1787986350256712,115359,0,255,94,0.02,13.99,8.77,-20.59;38.55;0.59;-21.06;39.18;0.59;26.94;18.47;-0.59;26.47;18.47;0.12;0.25;-19.02;-10.47
1787986350279994,115368,0,255,94,0.02,13.99,8.77,-20.59;38.55;0.59;-21.06;39.18;0.59;26.94;18.47;-0.59;26.47;18.47;0.12;0.25;-19.02;-10.47
1787986350297124,115377,0,255,94,0.02,13.99,8.77,-20.59;38.55;0.59;-21.06;39.18;0.59;26.94;18.47;-0.59;26.47;18.47;0.12;0.25;-19.02;-10.47
1787986350317607,115386,0,255,94,0.02,13.99,8.77,-20.59;38.55;0.59;-21.06;39.18;0.59;26.94;18.47;-0.59;26.47;18.47;0.12;0.25;-19.02;-10.47
1787986350338793,115395,0,255,94,0.02,13.99,8.77,-20.59;38.55;0.59;-21.06;39.18;0.59;26.94;18.47;-0.59;26.47;18.47;0.12;0.25;-19.02;-10.47
1787986350362353,115404,0,255,94,0.02,13.99,8.77,-20.59;38.55;0.59;-21.06;39.18;0.59;26.94;18.47;-0.59;26.47;18.47;0.12;0.25;-19.02;-10.47
1787986350378320,115413,0,255,94,0.02,13.99,8.77,-20.59;38.55;0.59;-21.06;39.18;0.59;26.94;18.47;-0.59;26.47;18.47;0.12;0.25;-19.02;-10.47
1787986350397597,115422,0,255,94,0.02,13.99,8.77,-20.59;38.55;0.59;-21.06;39.18;0.59;26.94;18.47;-0.59;26.47;18.47;0.12;0.25;-19.02;-10.47
1787986350418974,115431,0,255,94,0.02,13.99,8.77,-20.59;38.55;0.59;-21.06;39.18;0.59;26.94;18.47;-0.59;26.47;18.47;0.12;0.25;-19.02;-10.47
1787986350439713,115440,0,255,94,0.02,13.99,8.77,-20.59;38.55;0.59;-21.06;39.18;0.59;26.94;18.47;-0.59;26.47;18.47;0.12;0.25;-19.02;-10.47
1787986350459878,115449,0,255,94,0.02,13.99,8.77,-20.59;38.55;0.59;-21.06;39.18;0.59;26.94;18.47;-0.59;26.47;18.47;0.12;0.25;-19.02;-10.47
1787986350480752,115458,0,255,94,0.02,13.99,8.77,-20.59;38.55;0.59;-21.06;39.18;0.59;26.94;18.47;-0.59;26.47;18.47;0.12;0.25;-19.02;-10.47
1787986350497278,115467,0,255,94,0.02,13.99,8.77,-20.59;38.55;0.59;-21.06;39.18;0.59;26.94;18.47;-0.59;26.47;18.47;0.12;0.25;-19.02;-10.47
1787986350517632,115476,0,255,94,0.02,13.99,8.77,-20.59;38.55;0.59;-21.06;39.18;0.59;26.94;18.47;-0.59;26.47;18.47;0.12;0.25;-19.02;-10.47
1787986350536643,115485,0,255,94,0.02,13.99,8.77,-20.59;38.55;0.59;-21.06;39.18;0.59;26.94;18.47;-0.59;26.47;18.47;0.12;0.25;-19.02;-10.47
1787986350557453,115494,0,255,94,0.02,13.99,8.77,-20.59;38.55;0.59;-21.06;39.18;0.59;26.94;18.47;-0.59;26.47;18.47;0.12;0.25;-19.02;-10.47
1787986350577553,115503,0,255,94,0.02,13.99,8.77,-20.59;38.55;0.59;-21.06;39.18;0.59;26.94;18.47;-0.59;26.47;18.47;0.12;0.25;-19.02;-10.47
1787986350597112,115512,0,255,94,0.02,13.99,8.77,-20.59;38.55;0.59;-21.06;39.18;0.59;26.94;18.47;-0.59;26.47;18.47;0.12;0.25;-19.02;-10.47
1787986350618021,115521,0,255,94,0.02,13.99,8.77,-20.59;38.55;0.59;-21.06;39.18;0.59;26.94;18.47;-0.59;26.47;18.47;0.12;0.25;-19.02;-10.47
1787986350637408,115530,0,255,94,0.02,13.99,8.77,-20.59;38.55;0.59;-21.06;39.18;0.59;26.94;18.47;-0.59;26.47;18.47;0.12;0.25;-19.02;-10.47
1787986350658156,115539,0,255,94,0.02,13.99,8.77,-20.59;38.55;0.59;-21.06;39.18;0.59;26.94;18.47;-0.59;26.47;18.47;0.12;0.25;-19.02;-10.47
1787986350677836,115548,0,255,94,0.02,13.99,8.77,-20.59;38.55;0.59;-21.06;39.18;0.59;26.94;18.47;-0.59;26.47;18.47;0.12;0.25;-19.02;-10.47
1787986350697509,115557,0,255,94,0.02,13.99,8.77,-20.59;38.55;0.59;-21.06;39.18;0.59;26.94;18.47;-0.59;26.47;18.47;0.12;0.25;-19.02;-10.47
1787986350718176,115566,0,255,94,0.02,13.99,8.77,-20.59;38.55;0.59;-21.06;39.18;0.59;26.94;18.47;-0.59;26.47;18.47;0.12;0.25;-19.02;-10.47
1787986350737593,115575,0,255,94,0.02,13.99,8.77,-20.59;38.55;0.59;-21.06;39.18;0.59;26.94;18.47;-0.59;26.47;18.47;0.12;0.25;-19.02;-10.47
1787986350758081,115584,0,255,94,0.02,13.99,8.77,-20.59;38.55;0.59;-21.06;39.18;0.59;26.94;18.47;-0.59;26.47;18.47;0.12;0.25;-19.02;-10.47
1787986350777393,115593,0,255,94,0.02,13.99,8.77,-20.59;38.55;0.59;-21.06;39.18;0.59;26.94;18.47;-0.59;26.47;18.47;0.12;0.25;-19.02;-10.47
1787986350801561,115602,0,255,94,0.02,13.99,8.77,-20.59;38.55;0.59;-21.06;39.18;0.59;26.94;18.47;-0.59;26.47;18.47;0.12;0.25;-19.02;-10.47
1787986350818481,115612,0,255,94,0.02,13.99,8.77,-20.59;38.55;0.59;-21.06;39.18;0.59;26.94;18.47;-0.59;26.47;18.47;0.12;0.25;-19.02;-10.47
1787986350837478,115621,0,255,93,0.01,13.94,8.69,-20.59;38.55;0.35;-21.06;39.18;0.82;26.94;18.47;-0.59;26.47;18.47;0.35;0.25;-19.02;-10.47
1787986350857157,115630,0,255,93,0.01,13.94,8.69,-20.59;38.55;0.35;-21.06;39.18;0.82;26.94;18.47;-0.59;26.47;18.47;0.35;0.25;-19.02;-10.47
1787986350877555,115639,0,255,93,0.01,13.94,8.69,-20.59;38.55;0.35;-21.06;39.18;0.82;26.94;18.47;-0.59;26.47;18.47;0.35;0.25;-19.02;-10.47
1787986350897827,115648,0,255,93,0.01,13.94,8.69,-20.59;38.55;0.35;-21.06;39.18;0.82;26.94;18.47;-0.59;26.47;18.47;0.35;0.25;-19.02;-10.47
1787986350918236,115657,0,255,93,0.01,13.94,8.69,-20.59;38.55;0.35;-21.06;39.18;0.82;26.94;18.47;-0.59;26.47;18.47;0.35;0.25;-19.02;-10.47
1787986350940224,115666,0,255,93,0.01,13.94,8.69,-20.59;38.55;0.35;-21.06;39.18;0.82;26.94;18.47;-0.59;26.47;18.47;0.35;0.25;-19.02;-10.47
1787986350957677,115675,0,255,93,0.01,13.94,8.69,-20.59;38.55;0.35;-21.06;39.18;0.82;26.94;18.47;-0.59;26.47;18.47;0.35;0.25;-19.02;-10.47
1787986350977049,115684,0,255,93,0.01,13.94,8.69,-20.59;38.55;0.35;-21.06;39.18;0.82;26.94;18.47;-0.59;26.47;18.47;0.35;0.25;-19.02;-10.47
1787986350997424,115693,0,255,93,0.01,13.94,8.69,-20.59;38.55;0.35;-21.06;39.18;0.82;26.94;18.47;-0.59;26.47;18.47;0.35;0.25;-19.02;-10.47
1787986351017185,115702,0,255,93,0.01,13.94,8.69,-20.59;38.55;0.35;-21.06;39.18;0.82;26.94;18.47;-0.59;26.47;18.47;0.35;0.25;-19.02;-10.47
1787986351036442,115711,0,255,93,0.01,13.94,8.69,-20.59;38.55;0.35;-21.06;39.18;0.82;26.94;18.47;-0.59;26.47;18.47;0.35;0.25;-19.02;-10.47
1787986351056762,115720,0,255,93,0.01,13.94,8.69,-20.59;38.55;0.35;-21.06;39.18;0.82;26.94;18.47;-0.59;26.47;18.47;0.35;0.25;-19.02;-10.47
1787986351079130,115729,0,255,93,0.01,13.94,8.69,-20.59;38.55;0.35;-21.06;39.18;0.82;26.94;18.47;-0.59;26.47;18.47;0.35;0.25;-19.02;-10.47
1787986351097673,115738,0,255,93,0.01,13.94,8.69,-20.59;38.55;0.35;-21.06;39.18;0.82;26.94;18.47;-0.59;26.47;18.47;0.35;0.25;-19.02;-10.47
1787986351117063,115747,0,255,93,0.01,13.94,8.69,-20.59;38.55;0.35;-21.06;39.18;0.82;26.94;18.47;-0.59;26.47;18.47;0.35;0.25;-19.02;-10.47
1787986351137776,115756,0,255,93,0.01,13.94,8.69,-20.59;38.55;0.35;-21.06;39.18;0.82;26.94;18.47;-0.59;26.47;18.47;0.35;0.25;-19.02;-10.47
1787986351162159,115765,0,255,93,0.01,13.94,8.69,-20.59;38.55;0.35;-21.06;39.18;0.82;26.94;18.47;-0.59;26.47;18.47;0.35;0.25;-19.02;-10.47
1787986351177796,115774,0,255,93,0.01,13.94,8.69,-20.59;38.55;0.35;-21.06;39.18;0.82;26.94;18.47;-0.59;26.47;18.47;0.35;0.25;-19.02;-10.47
1787986351197241,115783,0,255,93,0.01,13.94,8.69,-20.59;38.55;0.35;-21.06;39.18;0.82;26.94;18.47;-0.59;26.47;18.47;0.35;0.25;-19.02;-10.47
1787986351219790,115792,0,255,93,0.01,13.94,8.69,-20.59;38.55;0.35;-21.06;39.18;0.82;26.94;18.47;-0.59;26.47;18.47;0.35;0.25;-19.02;-10.47
1787986351237839,115801,0,255,93,0.01,13.94,8.69,-20.59;38.55;0.35;-21.06;39.18;0.82;26.94;18.47;-0.59;26.47;18.47;0.35;0.25;-19.02;-10.47
1787986351257435,115810,0,255,93,0.01,13.94,8.69,-20.59;38.55;0.35;-21.06;39.18;0.82;26.94;18.47;-0.59;26.47;18.47;0.35;0.25;-19.02;-10.47
1787986351280128,115819,0,255,93,0.01,13.94,8.69,-20.59;38.55;0.35;-21.06;39.18;0.82;26.94;18.47;-0.59;26.47;18.47;0.35;0.25;-19.02;-10.47
1787986351298217,115828,0,255,93,0.01,13.94,8.69,-20.59;38.55;0.35;-21.06;39.18;0.82;26.94;18.47;-0.59;26.47;18.47;0.35;0.25;-19.02;-10.47
1787986351318548,115837,0,255,93,0.01,13.94,8.69,-20.59;38.55;0.35;-21.06;39.18;0.82;26.94;18.47;-0.59;26.47;18.47;0.35;0.25;-19.02;-10.47
1787986351337953,115846,0,255,93,0.01,13.94,8.69,-20.59;38.55;0.35;-21.06;39.18;0.82;26.94;18.47;-0.59;26.47;18.47;0.35;0.25;-19.02;-10.47
1787986351357508,115855,0,255,93,0.01,13.94,8.69,-20.59;38.55;0.35;-21.06;39.18;0.82;26.94;18.47;-0.59;26.47;18.47;0.35;0.25;-19.02;-10.47
1787986351377968,115864,0,255,93,0.01,13.94,8.69,-20.59;38.55;0.35;-21.06;39.18;0.82;26.94;18.47;-0.59;26.47;18.47;0.35;0.25;-19.02;-10.47
1787986351399300,115873,0,255,93,0.01,13.94,8.69,-20.59;38.55;0.35;-21.06;39.18;0.82;26.94;18.47;-0.59;26.47;18.47;0.35;0.25;-19.02;-10.47
1787986351419731,115882,0,255,93,0.01,13.94,8.69,-20.59;38.55;0.35;-21.06;39.18;0.82;26.94;18.47;-0.59;26.47;18.47;0.35;0.25;-19.02;-10.47
1787986351437109,115891,0,255,93,0.01,13.94,8.69,-20.59;38.55;0.35;-21.06;39.18;0.82;26.94;18.47;-0.59;26.47;18.47;0.35;0.25;-19.02;-10.47
1787986351457622,115900,0,255,93,0.01,13.94,8.69,-20.59;38.55;0.35;-21.06;39.18;0.82;26.94;18.47;-0.59;26.47;18.47;0.35;0.25;-19.02;-10.47
1787986351477556,115909,0,255,93,0.01,13.94,8.69,-20.59;38.55;0.35;-21.06;39.18;0.82;26.94;18.47;-0.59;26.47;18.47;0.35;0.25;-19.02;-10.47
1787986351497753,115918,0,255,93,0.01,13.94,8.69,-20.59;38.55;0.35;-21.06;39.18;0.82;26.94;18.47;-0.59;26.47;18.47;0.35;0.25;-19.02;-10.47
1787986351516580,115927,0,255,93,0.01,13.94,8.69,-20.59;38.55;0.35;-21.06;39.18;0.82;26.94;18.47;-0.59;26.47;18.47;0.35;0.25;-19.02;-10.47
1787986351538608,115936,0,255,93,0.01,13.94,8.69,-20.59;38.55;0.35;-21.06;39.18;0.82;26.94;18.47;-0.59;26.47;18.47;0.35;0.25;-19.02;-10.47
1787986351557982,115945,0,255,93,0.01,13.94,8.69,-20.59;38.55;0.35;-21.06;39.18;0.82;26.94;18.47;-0.59;26.47;18.47;0.35;0.25;-19.02;-10.47
1787986351576309,115954,0,255,93,0.01,13.94,8.69,-20.59;38.55;0.35;-21.06;39.18;0.82;26.94;18.47;-0.59;26.47;18.47;0.35;0.25;-19.02;-10.47
1787986351602956,115963,0,255,93,0.01,13.94,8.69,-20.59;38.55;0.35;-21.06;39.18;0.82;26.94;18.47;-0.59;26.47;18.47;0.35;0.25;-19.02;-10.47
1787986351618139,115972,0,255,93,0.01,13.94,8.69,-20.59;38.55;0.35;-21.06;39.18;0.82;26.94;18.47;-0.59;26.47;18.47;0.35;0.25;-19.02;-10.47
1787986351636362,115981,0,255,93,0.01,13.94,8.69,-20.59;38.55;0.35;-21.06;39.18;0.82;26.94;18.47;-0.59;26.47;18.47;0.35;0.25;-19.02;-10.47
1787986351659074,115990,0,255,93,0.01,13.94,8.69,-20.59;38.55;0.35;-21.06;39.18;0.82;26.94;18.47;-0.59;26.47;18.47;0.35;0.25;-19.02;-10.47
1787986351677986,115999,0,255,93,0.01,13.94,8.69,-20.59;38.55;0.35;-21.06;39.18;0.82;26.94;18.47;-0.59;26.47;18.47;0.35;0.25;-19.02;-10.47
1787986351697381,116008,0,255,93,0.01,13.94,8.69,-20.59;38.55;0.35;-21.06;39.18;0.82;26.94;18.47;-0.59;26.47;18.47;0.35;0.25;-19.02;-10.47
1787986351717373,116017,0,255,93,0.01,13.94,8.69,-20.59;38.55;0.35;-21.06;39.18;0.82;26.94;18.47;-0.59;26.47;18.47;0.35;0.25;-19.02;-10.47
1787986351736859,116026,0,255,93,0.01,13.94,8.69,-20.59;38.55;0.35;-21.06;39.18;0.82;26.94;18.47;-0.59;26.47;18.47;0.35;0.25;-19.02;-10.47
1787986351761389,116035,0,255,93,0.01,13.94,8.69,-20.59;38.55;0.35;-21.06;39.18;0.82;26.94;18.47;-0.59;26.47;18.47;0.35;0.25;-19.02;-10.47
1787986351788716,116044,0,255,93,0.01,13.94,8.69,-20.59;38.55;0.35;-21.06;39.18;0.82;26.94;18.47;-0.59;26.47;18.47;0.35;0.25;-19.02;-10.47
1787986351802756,116053,0,255,93,0.01,13.94,8.69,-20.59;38.55;0.35;-21.06;39.18;0.82;26.94;18.47;-0.59;26.47;18.47;0.35;0.25;-19.02;-10.47
1787986351822465,116063,0,255,93,0.01,13.94,8.69,-20.59;38.55;0.35;-21.06;39.18;0.82;26.94;18.47;-0.59;26.47;18.47;0.35;0.25;-19.02;-10.47
1787986351837657,116072,0,255,93,0.01,13.94,8.69,-20.59;38.55;0.35;-21.06;39.18;0.82;26.94;18.47;-0.59;26.47;18.47;0.35;0.25;-19.02;-10.47
1787986351859639,116081,0,255,93,0.05,13.94,8.64,-20.59;38.55;0.35;-21.06;39.18;0.82;26.94;18.47;-0.59;26.47;18.47;0.35;0.25;-19.02;-10.47
1787986351881732,116090,0,255,93,0.05,13.94,8.64,-20.59;38.55;0.35;-21.06;39.18;0.82;26.94;18.47;-0.59;26.47;18.47;0.35;0.25;-19.02;-10.47
1787986351898050,116099,0,255,93,0.05,13.94,8.64,-20.59;38.55;0.35;-21.06;39.18;0.82;26.94;18.47;-0.59;26.47;18.47;0.35;0.25;-19.02;-10.47
1787986351920957,116108,0,255,93,0.05,13.94,8.64,-20.59;38.55;0.35;-21.06;39.18;0.82;26.94;18.47;-0.59;26.47;18.47;0.35;0.25;-19.02;-10.47
1787986351938933,116117,0,255,93,0.05,13.94,8.64,-20.59;38.55;0.35;-21.06;39.18;0.82;26.94;18.47;-0.59;26.47;18.47;0.35;0.25;-19.02;-10.47
1787986351958424,116126,0,255,93,0.05,13.94,8.64,-20.59;38.55;0.35;-21.06;39.18;0.82;26.94;18.47;-0.59;26.47;18.47;0.35;0.25;-19.02;-10.47
1787986351979099,116135,0,255,93,0.05,13.94,8.64,-20.59;38.55;0.35;-21.06;39.18;0.82;26.94;18.47;-0.59;26.47;18.47;0.35;0.25;-19.02;-10.47
1787986351998113,116144,0,255,93,0.05,13.94,8.64,-20.59;38.55;0.35;-21.06;39.18;0.82;26.94;18.47;-0.59;26.47;18.47;0.35;0.25;-19.02;-10.47
1787986352017977,116153,0,255,93,0.05,13.94,8.64,-20.59;38.55;0.35;-21.06;39.18;0.82;26.94;18.47;-0.59;26.47;18.47;0.35;0.25;-19.02;-10.47
1787986352039202,116162,0,255,93,0.05,13.94,8.64,-20.59;38.55;0.35;-21.06;39.18;0.82;26.94;18.47;-0.59;26.47;18.47;0.35;0.25;-19.02;-10.47
1787986352058587,116171,0,255,93,0.05,13.94,8.64,-20.59;38.55;0.35;-21.06;39.18;0.82;26.94;18.47;-0.59;26.47;18.47;0.35;0.25;-19.02;-10.47
1787986352076790,116180,0,255,93,0.05,13.94,8.64,-20.59;38.55;0.35;-21.06;39.18;0.82;26.94;18.47;-0.59;26.47;18.47;0.35;0.25;-19.02;-10.47
1787986352100968,116189,0,255,93,0.05,13.94,8.64,-20.59;38.55;0.35;-21.06;39.18;0.82;26.94;18.47;-0.59;26.47;18.47;0.35;0.25;-19.02;-10.47
1787986352118879,116198,0,255,93,0.05,13.94,8.64,-20.59;38.55;0.35;-21.06;39.18;0.82;26.94;18.47;-0.59;26.47;18.47;0.35;0.25;-19.02;-10.47
1787986352137553,116207,0,255,93,0.05,13.94,8.64,-20.59;38.55;0.35;-21.06;39.18;0.82;26.94;18.47;-0.59;26.47;18.47;0.35;0.25;-19.02;-10.47
1787986352157669,116216,0,255,93,0.05,13.94,8.64,-20.59;38.55;0.35;-21.06;39.18;0.82;26.94;18.47;-0.59;26.47;18.47;0.35;0.25;-19.02;-10.47
1787986352178017,116225,0,255,93,0.05,13.94,8.64,-20.59;38.55;0.35;-21.06;39.18;0.82;26.94;18.47;-0.59;26.47;18.47;0.35;0.25;-19.02;-10.47
1787986352197096,116234,0,255,93,0.05,13.94,8.64,-20.59;38.55;0.35;-21.06;39.18;0.82;26.94;18.47;-0.59;26.47;18.47;0.35;0.25;-19.02;-10.47
1787986352217291,116243,0,255,93,0.05,13.94,8.64,-20.59;38.55;0.35;-21.06;39.18;0.82;26.94;18.47;-0.59;26.47;18.47;0.35;0.25;-19.02;-10.47
1787986352237762,116252,0,255,93,0.05,13.94,8.64,-20.59;38.55;0.35;-21.06;39.18;0.82;26.94;18.47;-0.59;26.47;18.47;0.35;0.25;-19.02;-10.47
1787986352258017,116261,0,255,93,0.05,13.94,8.64,-20.59;38.55;0.35;-21.06;39.18;0.82;26.94;18.47;-0.59;26.47;18.47;0.35;0.25;-19.02;-10.47
1787986352277698,116270,0,255,93,0.05,13.94,8.64,-20.59;38.55;0.35;-21.06;39.18;0.82;26.94;18.47;-0.59;26.47;18.47;0.35;0.25;-19.02;-10.47
1787986352297037,116279,0,255,93,0.05,13.94,8.64,-20.59;38.55;0.35;-21.06;39.18;0.82;26.94;18.47;-0.59;26.47;18.47;0.35;0.25;-19.02;-10.47
1787986352318173,116288,0,255,93,0.05,13.94,8.64,-20.59;38.55;0.35;-21.06;39.18;0.82;26.94;18.47;-0.59;26.47;18.47;0.35;0.25;-19.02;-10.47
1787986352337961,116297,0,255,93,0.05,13.94,8.64,-20.59;38.55;0.35;-21.06;39.18;0.82;26.94;18.47;-0.59;26.47;18.47;0.35;0.25;-19.02;-10.47
1787986352363854,116306,0,255,93,0.05,13.94,8.64,-20.59;38.55;0.35;-21.06;39.18;0.82;26.94;18.47;-0.59;26.47;18.47;0.35;0.25;-19.02;-10.47
1787986352377440,116315,0,255,93,0.05,13.94,8.64,-20.59;38.55;0.35;-21.06;39.18;0.82;26.94;18.47;-0.59;26.47;18.47;0.35;0.25;-19.02;-10.47
1787986352397807,116324,0,255,93,0.05,13.94,8.64,-20.59;38.55;0.35;-21.06;39.18;0.82;26.94;18.47;-0.59;26.47;18.47;0.35;0.25;-19.02;-10.47
1787986352422157,116333,0,255,93,0.05,13.94,8.64,-20.59;38.55;0.35;-21.06;39.18;0.82;26.94;18.47;-0.59;26.47;18.47;0.35;0.25;-19.02;-10.47
1787986352437409,116342,0,255,93,0.05,13.94,8.64,-20.59;38.55;0.35;-21.06;39.18;0.82;26.94;18.47;-0.59;26.47;18.47;0.35;0.25;-19.02;-10.47
1787986352457571,116351,0,255,93,0.05,13.94,8.64,-20.59;38.55;0.35;-21.06;39.18;0.82;26.94;18.47;-0.59;26.47;18.47;0.35;0.25;-19.02;-10.47
1787986352479192,116360,0,255,93,0.05,13.94,8.64,-20.59;38.55;0.35;-21.06;39.18;0.82;26.94;18.47;-0.59;26.47;18.47;0.35;0.25;-19.02;-10.47
1787986352497333,116369,0,255,93,0.05,13.94,8.64,-20.59;38.55;0.35;-21.06;39.18;0.82;26.94;18.47;-0.59;26.47;18.47;0.35;0.25;-19.02;-10.47
1787986352517696,116378,0,255,93,0.05,13.94,8.64,-20.59;38.55;0.35;-21.06;39.18;0.82;26.94;18.47;-0.59;26.47;18.47;0.35;0.25;-19.02;-10.47
1787986352540420,116387,0,255,93,0.05,13.94,8.64,-20.59;38.55;0.35;-21.06;39.18;0.82;26.94;18.47;-0.59;26.47;18.47;0.35;0.25;-19.02;-10.47
1787986352557772,116396,0,255,93,0.05,13.94,8.64,-20.59;38.55;0.35;-21.06;39.18;0.82;26.94;18.47;-0.59;26.47;18.47;0.35;0.25;-19.02;-10.47
1787986352577261,116405,0,255,93,0.05,13.94,8.64,-20.59;38.55;0.35;-21.06;39.18;0.82;26.94;18.47;-0.59;26.47;18.47;0.35;0.25;-19.02;-10.47
1787986352597672,116414,0,255,93,0.05,13.94,8.64,-20.59;38.55;0.35;-21.06;39.18;0.82;26.94;18.47;-0.59;26.47;18.47;0.35;0.25;-19.02;-10.47
1787986352618067,116423,0,255,93,0.05,13.94,8.64,-20.59;38.55;0.35;-21.06;39.18;0.82;26.94;18.47;-0.59;26.47;18.47;0.35;0.25;-19.02;-10.47
1787986352638554,116432,0,255,93,0.05,13.94,8.64,-20.59;38.55;0.35;-21.06;39.18;0.82;26.94;18.47;-0.59;26.47;18.47;0.35;0.25;-19.02;-10.47
1787986352659699,116441,0,255,93,0.05,13.94,8.64,-20.59;38.55;0.35;-21.06;39.18;0.82;26.94;18.47;-0.59;26.47;18.47;0.35;0.25;-19.02;-10.47
1787986352677405,116450,0,255,93,0.05,13.94,8.64,-20.59;38.55;0.35;-21.06;39.18;0.82;26.94;18.47;-0.59;26.47;18.47;0.35;0.25;-19.02;-10.47
1787986352699152,116459,0,255,93,0.05,13.94,8.64,-20.59;38.55;0.35;-21.06;39.18;0.82;26.94;18.47;-0.59;26.47;18.47;0.35;0.25;-19.02;-10.47
1787986352717785,116468,0,255,93,0.05,13.94,8.64,-20.59;38.55;0.35;-21.06;39.18;0.82;26.94;18.47;-0.59;26.47;18.47;0.35;0.25;-19.02;-10.47
1787986352743881,116477,0,255,93,0.05,13.94,8.64,-20.59;38.55;0.35;-21.06;39.18;0.82;26.94;18.47;-0.59;26.47;18.47;0.35;0.25;-19.02;-10.47
1787986352758135,116486,0,255,93,0.05,13.94,8.64,-20.59;38.55;0.35;-21.06;39.18;0.82;26.94;18.47;-0.59;26.47;18.47;0.35;0.25;-19.02;-10.47
1787986352777783,116495,0,255,93,0.05,13.94,8.64,-20.59;38.55;0.35;-21.06;39.18;0.82;26.94;18.47;-0.59;26.47;18.47;0.35;0.25;-19.02;-10.47
1787986352801565,116504,0,255,93,0.05,13.94,8.64,-20.59;38.55;0.35;-21.06;39.18;0.82;26.94;18.47;-0.59;26.47;18.47;0.35;0.25;-19.02;-10.47
1787986352817999,116514,0,255,93,0.05,13.94,8.64,-20.59;38.55;0.35;-21.06;39.18;0.82;26.94;18.47;-0.59;26.47;18.47;0.35;0.25;-19.02;-10.47
1787986352836762,116523,0,255,94,0.02,14.52,8.6,-20.59;38.55;0.35;-21.06;39.18;0.82;26.94;18.47;-0.59;26.47;18.47;0.35;0.25;-19.02;-10.47
1787986352857886,116532,0,255,94,0.02,14.52,8.6,-20.59;38.55;0.35;-21.06;39.18;0.82;26.94;18.47;-0.59;26.47;18.47;0.35;0.25;-19.02;-10.47
1787986352879078,116541,0,255,94,0.02,14.52,8.6,-20.59;38.55;0.35;-21.06;39.18;0.82;26.94;18.47;-0.59;26.47;18.47;0.35;0.25;-19.02;-10.47
1787986352896701,116550,0,255,94,0.02,14.52,8.6,-20.59;38.55;0.35;-21.06;39.18;0.82;26.94;18.47;-0.59;26.47;18.47;0.35;0.25;-19.02;-10.47
1787986352920034,116559,0,255,94,0.02,14.52,8.6,-20.59;38.55;0.35;-21.06;39.18;0.82;26.94;18.47;-0.59;26.47;18.47;0.35;0.25;-19.02;-10.47
1787986352937758,116568,0,255,94,0.02,14.52,8.6,-20.59;38.55;0.35;-21.06;39.18;0.82;26.94;18.47;-0.59;26.47;18.47;0.35;0.25;-19.02;-10.47
1787986352956266,116577,0,255,94,0.02,14.52,8.6,-20.59;38.55;0.35;-21.06;39.18;0.82;26.94;18.47;-0.59;26.47;18.47;0.35;0.25;-19.02;-10.47
1787986352977718,116586,0,255,94,0.02,14.52,8.6,-20.59;38.55;0.35;-21.06;39.18;0.82;26.94;18.47;-0.59;26.47;18.47;0.35;0.25;-19.02;-10.47
1787986352997010,116595,0,255,94,0.02,14.52,8.6,-20.59;38.55;0.35;-21.06;39.18;0.82;26.94;18.47;-0.59;26.47;18.47;0.35;0.25;-19.02;-10.47
1787986353018841,116604,0,255,94,0.02,14.52,8.6,-20.59;38.55;0.35;-21.06;39.18;0.82;26.94;18.47;-0.59;26.47;18.47;0.35;0.25;-19.02;-10.47
1787986353036867,116613,0,255,94,0.02,14.52,8.6,-20.59;38.55;0.35;-21.06;39.18;0.82;26.94;18.47;-0.59;26.47;18.47;0.35;0.25;-19.02;-10.47
1787986353056887,116622,0,255,94,0.02,14.52,8.6,-20.59;38.55;0.35;-21.06;39.18;0.82;26.94;18.47;-0.59;26.47;18.47;0.35;0.25;-19.02;-10.47
1787986353077144,116631,0,255,94,0.02,14.52,8.6,-20.59;38.55;0.35;-21.06;39.18;0.82;26.94;18.47;-0.59;26.47;18.47;0.35;0.25;-19.02;-10.47
1787986353097226,116640,0,255,94,0.02,14.52,8.6,-20.59;38.55;0.35;-21.06;39.18;0.82;26.94;18.47;-0.59;26.47;18.47;0.35;0.25;-19.02;-10.47
1787986353117661,116649,0,255,94,0.02,14.52,8.6,-20.59;38.55;0.35;-21.06;39.18;0.82;26.94;18.47;-0.59;26.47;18.47;0.35;0.25;-19.02;-10.47
1787986353141298,116658,0,255,94,0.02,14.52,8.6,-20.59;38.55;0.35;-21.06;39.18;0.82;26.94;18.47;-0.59;26.47;18.47;0.35;0.25;-19.02;-10.47
1787986353157461,116667,0,255,94,0.02,14.52,8.6,-20.59;38.55;0.35;-21.06;39.18;0.82;26.94;18.47;-0.59;26.47;18.47;0.35;0.25;-19.02;-10.47
1787986353178090,116676,0,255,94,0.02,14.52,8.6,-20.59;38.55;0.35;-21.06;39.18;0.82;26.94;18.47;-0.59;26.47;18.47;0.35;0.25;-19.02;-10.47
1787986353197594,116685,0,255,94,0.02,14.52,8.6,-20.59;38.55;0.35;-21.06;39.18;0.82;26.94;18.47;-0.59;26.47;18.47;0.35;0.25;-19.02;-10.47
1787986353217629,116694,0,255,94,0.02,14.52,8.6,-20.59;38.55;0.35;-21.06;39.18;0.82;26.94;18.47;-0.59;26.47;18.47;0.35;0.25;-19.02;-10.47
1787986353238541,116703,0,255,94,0.02,14.52,8.6,-20.59;38.55;0.35;-21.06;39.18;0.82;26.94;18.47;-0.59;26.47;18.47;0.35;0.25;-19.02;-10.47
1787986353258197,116712,0,255,94,0.02,14.52,8.6,-20.59;38.55;0.35;-21.06;39.18;0.82;26.94;18.47;-0.59;26.47;18.47;0.35;0.25;-19.02;-10.47
1787986353277266,116721,0,255,94,0.02,14.52,8.6,-20.59;38.55;0.35;-21.06;39.18;0.82;26.94;18.47;-0.59;26.47;18.47;0.35;0.25;-19.02;-10.47
1787986353298984,116730,0,255,94,0.02,14.52,8.6,-20.59;38.55;0.35;-21.06;39.18;0.82;26.94;18.47;-0.59;26.47;18.47;0.35;0.25;-19.02;-10.47
1787986353317357,116739,0,255,94,0.02,14.52,8.6,-20.59;38.55;0.35;-21.06;39.18;0.82;26.94;18.47;-0.59;26.47;18.47;0.35;0.25;-19.02;-10.47
1787986353341732,116748,0,255,94,0.02,14.52,8.6,-20.59;38.55;0.35;-21.06;39.18;0.82;26.94;18.47;-0.59;26.47;18.47;0.35;0.25;-19.02;-10.47
1787986353367183,116757,0,255,94,0.02,14.52,8.6,-20.59;38.55;0.35;-21.06;39.18;0.82;26.94;18.47;-0.59;26.47;18.47;0.35;0.25;-19.02;-10.47
1787986353377053,116766,0,255,94,0.02,14.52,8.6,-20.59;38.55;0.35;-21.06;39.18;0.82;26.94;18.47;-0.59;26.47;18.47;0.35;0.25;-19.02;-10.47
1787986353398127,116775,0,255,94,0.02,14.52,8.6,-20.59;38.55;0.35;-21.06;39.18;0.82;26.94;18.47;-0.59;26.47;18.47;0.35;0.25;-19.02;-10.47
1787986353416987,116784,0,255,94,0.02,14.52,8.6,-20.59;38.55;0.35;-21.06;39.18;0.82;26.94;18.47;-0.59;26.47;18.47;0.35;0.25;-19.02;-10.47
1787986353437463,116793,0,255,94,0.02,14.52,8.6,-20.59;38.55;0.35;-21.06;39.18;0.82;26.94;18.47;-0.59;26.47;18.47;0.35;0.25;-19.02;-10.47
1787986353457741,116802,0,255,94,0.02,14.52,8.6,-20.59;38.55;0.35;-21.06;39.18;0.82;26.94;18.47;-0.59;26.47;18.47;0.35;0.25;-19.02;-10.47
1787986353478570,116811,0,255,94,0.02,14.52,8.6,-20.59;38.55;0.35;-21.06;39.18;0.82;26.94;18.47;-0.59;26.47;18.47;0.35;0.25;-19.02;-10.47
1787986353498479,116820,0,255,94,0.02,14.52,8.6,-20.59;38.55;0.35;-21.06;39.18;0.82;26.94;18.47;-0.59;26.47;18.47;0.35;0.25;-19.02;-10.47
1787986353518304,116829,0,255,94,0.02,14.52,8.6,-20.59;38.55;0.35;-21.06;39.18;0.82;26.94;18.47;-0.59;26.47;18.47;0.35;0.25;-19.02;-10.47
1787986353536896,116838,0,255,94,0.02,14.52,8.6,-20.59;38.55;0.35;-21.06;39.18;0.82;26.94;18.47;-0.59;26.47;18.47;0.35;0.25;-19.02;-10.47
1787986353556941,116847,0,255,94,0.02,14.52,8.6,-20.59;38.55;0.35;-21.06;39.18;0.82;26.94;18.47;-0.59;26.47;18.47;0.35;0.25;-19.02;-10.47
1787986353579032,116856,0,255,94,0.02,14.52,8.6,-20.59;38.55;0.35;-21.06;39.18;0.82;26.94;18.47;-0.59;26.47;18.47;0.35;0.25;-19.02;-10.47
1787986353597371,116865,0,255,94,0.02,14.52,8.6,-20.59;38.55;0.35;-21.06;39.18;0.82;26.94;18.47;-0.59;26.47;18.47;0.35;0.25;-19.02;-10.47
1787986353617565,116874,0,255,94,0.02,14.52,8.6,-20.59;38.55;0.35;-21.06;39.18;0.82;26.94;18.47;-0.59;26.47;18.47;0.35;0.25;-19.02;-10.47
1787986353639354,116883,0,255,94,0.02,14.52,8.6,-20.59;38.55;0.35;-21.06;39.18;0.82;26.94;18.47;-0.59;26.47;18.47;0.35;0.25;-19.02;-10.47
1787986353657748,116892,0,255,94,0.02,14.52,8.6,-20.59;38.55;0.35;-21.06;39.18;0.82;26.94;18.47;-0.59;26.47;18.47;0.35;0.25;-19.02;-10.47
1787986353678324,116901,0,255,94,0.02,14.52,8.6,-20.59;38.55;0.35;-21.06;39.18;0.82;26.94;18.47;-0.59;26.47;18.47;0.35;0.25;-19.02;-10.47
1787986353697665,116910,0,255,94,0.02,14.52,8.6,-20.59;38.55;0.35;-21.06;39.18;0.82;26.94;18.47;-0.59;26.47;18.47;0.35;0.25;-19.02;-10.47
1787986353718405,116919,0,255,94,0.02,14.52,8.6,-20.59;38.55;0.35;-21.06;39.18;0.82;26.94;18.47;-0.59;26.47;18.47;0.35;0.25;-19.02;-10.47
1787986353738457,116928,0,255,94,0.02,14.52,8.6,-20.59;38.55;0.35;-21.06;39.18;0.82;26.94;18.47;-0.59;26.47;18.47;0.35;0.25;-19.02;-10.47
1787986353758024,116937,0,255,94,0.02,14.52,8.6,-20.59;38.55;0.35;-21.06;39.18;0.82;26.94;18.47;-0.59;26.47;18.47;0.35;0.25;-19.02;-10.47
1787986353777026,116946,0,255,94,0.02,14.52,8.6,-20.59;38.55;0.35;-21.06;39.18;0.82;26.94;18.47;-0.59;26.47;18.47;0.35;0.25;-19.02;-10.47
1787986353800942,116955,0,255,94,0.02,14.52,8.6,-20.59;38.55;0.35;-21.06;39.18;0.82;26.94;18.47;-0.59;26.47;18.47;0.35;0.25;-19.02;-10.47
1787986353817781,116965,0,255,94,0.02,14.52,8.6,-20.59;38.55;0.35;-21.06;39.18;0.82;26.94;18.47;-0.59;26.47;18.47;0.35;0.25;-19.02;-10.47
1787986353837787,116974,0,255,94,0.03,13.93,8.22,-20.59;39.18;0.35;-21.06;39.18;0.82;26.94;17.84;-0.59;26.47;18.47;0.35;0.25;37.57;-3.59
1787986353857602,116983,0,255,94,0.03,13.93,8.22,-20.59;39.18;0.35;-21.06;39.18;0.82;26.94;17.84;-0.59;26.47;18.47;0.35;0.25;37.57;-3.59
1787986353877376,116992,0,255,94,0.03,13.93,8.22,-20.59;39.18;0.35;-21.06;39.18;0.82;26.94;17.84;-0.59;26.47;18.47;0.35;0.25;37.57;-3.59
1787986353897670,117001,0,255,94,0.03,13.93,8.22,-20.59;39.18;0.35;-21.06;39.18;0.82;26.94;17.84;-0.59;26.47;18.47;0.35;0.25;37.57;-3.59
1787986353917055,117010,0,255,94,0.03,13.93,8.22,-20.59;39.18;0.35;-21.06;39.18;0.82;26.94;17.84;-0.59;26.47;18.47;0.35;0.25;37.57;-3.59
1787986353936796,117019,0,255,94,0.03,13.93,8.22,-20.59;39.18;0.35;-21.06;39.18;0.82;26.94;17.84;-0.59;26.47;18.47;0.35;0.25;37.57;-3.59
1787986353957741,117028,0,255,94,0.03,13.93,8.22,-20.59;39.18;0.35;-21.06;39.18;0.82;26.94;17.84;-0.59;26.47;18.47;0.35;0.25;37.57;-3.59
1787986353977411,117037,0,255,94,0.03,13.93,8.22,-20.59;39.18;0.35;-21.06;39.18;0.82;26.94;17.84;-0.59;26.47;18.47;0.35;0.25;37.57;-3.59
1787986353996470,117046,0,255,94,0.03,13.93,8.22,-20.59;39.18;0.35;-21.06;39.18;0.82;26.94;17.84;-0.59;26.47;18.47;0.35;0.25;37.57;-3.59
1787986354019860,117055,0,255,94,0.03,13.93,8.22,-20.59;39.18;0.35;-21.06;39.18;0.82;26.94;17.84;-0.59;26.47;18.47;0.35;0.25;37.57;-3.59
1787986354037762,117064,0,255,94,0.03,13.93,8.22,-20.59;39.18;0.35;-21.06;39.18;0.82;26.94;17.84;-0.59;26.47;18.47;0.35;0.25;37.57;-3.59
1787986354057840,117073,0,255,94,0.03,13.93,8.22,-20.59;39.18;0.35;-21.06;39.18;0.82;26.94;17.84;-0.59;26.47;18.47;0.35;0.25;37.57;-3.59
1787986354079335,117082,0,255,94,0.03,13.93,8.22,-20.59;39.18;0.35;-21.06;39.18;0.82;26.94;17.84;-0.59;26.47;18.47;0.35;0.25;37.57;-3.59
1787986354096799,117091,0,255,94,0.03,13.93,8.22,-20.59;39.18;0.35;-21.06;39.18;0.82;26.94;17.84;-0.59;26.47;18.47;0.35;0.25;37.57;-3.59
1787986354117317,117100,0,255,94,0.03,13.93,8.22,-20.59;39.18;0.35;-21.06;39.18;0.82;26.94;17.84;-0.59;26.47;18.47;0.35;0.25;37.57;-3.59
1787986354138307,117109,0,255,94,0.03,13.93,8.22,-20.59;39.18;0.35;-21.06;39.18;0.82;26.94;17.84;-0.59;26.47;18.47;0.35;0.25;37.57;-3.59
1787986354157696,117118,0,255,94,0.03,13.93,8.22,-20.59;39.18;0.35;-21.06;39.18;0.82;26.94;17.84;-0.59;26.47;18.47;0.35;0.25;37.57;-3.59
1787986354179017,117127,0,255,94,0.03,13.93,8.22,-20.59;39.18;0.35;-21.06;39.18;0.82;26.94;17.84;-0.59;26.47;18.47;0.35;0.25;37.57;-3.59
1787986354197640,117136,0,255,94,0.03,13.93,8.22,-20.59;39.18;0.35;-21.06;39.18;0.82;26.94;17.84;-0.59;26.47;18.47;0.35;0.25;37.57;-3.59
1787986354218655,117145,0,255,94,0.03,13.93,8.22,-20.59;39.18;0.35;-21.06;39.18;0.82;26.94;17.84;-0.59;26.47;18.47;0.35;0.25;37.57;-3.59
1787986354242295,117154,0,255,94,0.03,13.93,8.22,-20.59;39.18;0.35;-21.06;39.18;0.82;26.94;17.84;-0.59;26.47;18.47;0.35;0.25;37.57;-3.59
1787986354256774,117163,0,255,94,0.03,13.93,8.22,-20.59;39.18;0.35;-21.06;39.18;0.82;26.94;17.84;-0.59;26.47;18.47;0.35;0.25;37.57;-3.59
1787986354277867,117172,0,255,94,0.03,13.93,8.22,-20.59;39.18;0.35;-21.06;39.18;0.82;26.94;17.84;-0.59;26.47;18.47;0.35;0.25;37.57;-3.59
1787986354297148,117181,0,255,94,0.03,13.93,8.22,-20.59;39.18;0.35;-21.06;39.18;0.82;26.94;17.84;-0.59;26.47;18.47;0.35;0.25;37.57;-3.59
1787986354318193,117190,0,255,94,0.03,13.93,8.22,-20.59;39.18;0.35;-21.06;39.18;0.82;26.94;17.84;-0.59;26.47;18.47;0.35;0.25;37.57;-3.59
1787986354337606,117199,0,255,94,0.03,13.93,8.22,-20.59;39.18;0.35;-21.06;39.18;0.82;26.94;17.84;-0.59;26.47;18.47;0.35;0.25;37.57;-3.59
1787986354357225,117208,0,255,94,0.03,13.93,8.22,-20.59;39.18;0.35;-21.06;39.18;0.82;26.94;17.84;-0.59;26.47;18.47;0.35;0.25;37.57;-3.59
1787986354377998,117217,0,255,94,0.03,13.93,8.22,-20.59;39.18;0.35;-21.06;39.18;0.82;26.94;17.84;-0.59;26.47;18.47;0.35;0.25;37.57;-3.59
1787986354398303,117226,0,255,94,0.03,13.93,8.22,-20.59;39.18;0.35;-21.06;39.18;0.82;26.94;17.84;-0.59;26.47;18.47;0.35;0.25;37.57;-3.59
1787986354420089,117235,0,255,94,0.03,13.93,8.22,-20.59;39.18;0.35;-21.06;39.18;0.82;26.94;17.84;-0.59;26.47;18.47;0.35;0.25;37.57;-3.59
1787986354437294,117244,0,255,94,0.03,13.93,8.22,-20.59;39.18;0.35;-21.06;39.18;0.82;26.94;17.84;-0.59;26.47;18.47;0.35;0.25;37.57;-3.59
1787986354457656,117253,0,255,94,0.03,13.93,8.22,-20.59;39.18;0.35;-21.06;39.18;0.82;26.94;17.84;-0.59;26.47;18.47;0.35;0.25;37.57;-3.59
1787986354477439,117262,0,255,94,0.03,13.93,8.22,-20.59;39.18;0.35;-21.06;39.18;0.82;26.94;17.84;-0.59;26.47;18.47;0.35;0.25;37.57;-3.59
1787986354497578,117271,0,255,94,0.03,13.93,8.22,-20.59;39.18;0.35;-21.06;39.18;0.82;26.94;17.84;-0.59;26.47;18.47;0.35;0.25;37.57;-3.59
1787986354517345,117280,0,255,94,0.03,13.93,8.22,-20.59;39.18;0.35;-21.06;39.18;0.82;26.94;17.84;-0.59;26.47;18.47;0.35;0.25;37.57;-3.59
1787986354538148,117289,0,255,94,0.03,13.93,8.22,-20.59;39.18;0.35;-21.06;39.18;0.82;26.94;17.84;-0.59;26.47;18.47;0.35;0.25;37.57;-3.59
1787986354557832,117298,0,255,94,0.03,13.93,8.22,-20.59;39.18;0.35;-21.06;39.18;0.82;26.94;17.84;-0.59;26.47;18.47;0.35;0.25;37.57;-3.59
1787986354577723,117307,0,255,94,0.03,13.93,8.22,-20.59;39.18;0.35;-21.06;39.18;0.82;26.94;17.84;-0.59;26.47;18.47;0.35;0.25;37.57;-3.59
1787986354597282,117316,0,255,94,0.03,13.93,8.22,-20.59;39.18;0.35;-21.06;39.18;0.82;26.94;17.84;-0.59;26.47;18.47;0.35;0.25;37.57;-3.59
1787986354617897,117325,0,255,94,0.03,13.93,8.22,-20.59;39.18;0.35;-21.06;39.18;0.82;26.94;17.84;-0.59;26.47;18.47;0.35;0.25;37.57;-3.59
1787986354637122,117334,0,255,94,0.03,13.93,8.22,-20.59;39.18;0.35;-21.06;39.18;0.82;26.94;17.84;-0.59;26.47;18.47;0.35;0.25;37.57;-3.59
1787986354660203,117343,0,255,94,0.03,13.93,8.22,-20.59;39.18;0.35;-21.06;39.18;0.82;26.94;17.84;-0.59;26.47;18.47;0.35;0.25;37.57;-3.59
1787986354678144,117352,0,255,94,0.03,13.93,8.22,-20.59;39.18;0.35;-21.06;39.18;0.82;26.94;17.84;-0.59;26.47;18.47;0.35;0.25;37.57;-3.59
1787986354696397,117361,0,255,94,0.03,13.93,8.22,-20.59;39.18;0.35;-21.06;39.18;0.82;26.94;17.84;-0.59;26.47;18.47;0.35;0.25;37.57;-3.59
1787986354716821,117370,0,255,94,0.03,13.93,8.22,-20.59;39.18;0.35;-21.06;39.18;0.82;26.94;17.84;-0.59;26.47;18.47;0.35;0.25;37.57;-3.59
1787986354738045,117379,0,255,94,0.03,13.93,8.22,-20.59;39.18;0.35;-21.06;39.18;0.82;26.94;17.84;-0.59;26.47;18.47;0.35;0.25;37.57;-3.59
1787986354756606,117388,0,255,94,0.03,13.93,8.22,-20.59;39.18;0.35;-21.06;39.18;0.82;26.94;17.84;-0.59;26.47;18.47;0.35;0.25;37.57;-3.59
1787986354777525,117397,0,255,94,0.03,13.93,8.22,-20.59;39.18;0.35;-21.06;39.18;0.82;26.94;17.84;-0.59;26.47;18.47;0.35;0.25;37.57;-3.59
1787986354798042,117406,0,255,94,0.03,13.93,8.22,-20.59;39.18;0.35;-21.06;39.18;0.82;26.94;17.84;-0.59;26.47;18.47;0.35;0.25;37.57;-3.59
1787986354817668,117416,0,255,94,0.03,13.93,8.22,-20.59;39.18;0.35;-21.06;39.18;0.82;26.94;17.84;-0.59;26.47;18.47;0.35;0.25;37.57;-3.59
1787986354838295,117425,0,255,94,-0.03,14.01,8.14,-20.59;39.18;0.35;-21.06;39.18;0.59;26.94;17.84;-0.59;26.47;18.47;0.12;0.25;28.9;-14.29
1787986354857156,117434,0,255,94,-0.03,14.01,8.14,-20.59;39.18;0.35;-21.06;39.18;0.59;26.94;17.84;-0.59;26.47;18.47;0.12;0.25;28.9;-14.29
1787986354877202,117443,0,255,94,-0.03,14.01,8.14,-20.59;39.18;0.35;-21.06;39.18;0.59;26.94;17.84;-0.59;26.47;18.47;0.12;0.25;28.9;-14.29
1787986354897827,117452,0,255,94,-0.03,14.01,8.14,-20.59;39.18;0.35;-21.06;39.18;0.59;26.94;17.84;-0.59;26.47;18.47;0.12;0.25;28.9;-14.29
1787986354918400,117461,0,255,94,-0.03,14.01,8.14,-20.59;39.18;0.35;-21.06;39.18;0.59;26.94;17.84;-0.59;26.47;18.47;0.12;0.25;28.9;-14.29
1787986354937326,117470,0,255,94,-0.03,14.01,8.14,-20.59;39.18;0.35;-21.06;39.18;0.59;26.94;17.84;-0.59;26.47;18.47;0.12;0.25;28.9;-14.29
1787986354957700,117479,0,255,94,-0.03,14.01,8.14,-20.59;39.18;0.35;-21.06;39.18;0.59;26.94;17.84;-0.59;26.47;18.47;0.12;0.25;28.9;-14.29
1787986354978227,117488,0,255,94,-0.03,14.01,8.14,-20.59;39.18;0.35;-21.06;39.18;0.59;26.94;17.84;-0.59;26.47;18.47;0.12;0.25;28.9;-14.29
1787986354997765,117490,0,255,94,-0.03,14.01,8.14,-20.59;39.18;0.35;-21.06;39.18;0.59;26.94;17.84;-0.59;26.47;18.47;0.12;0.25;28.9;-14.29
1787986355016827,117506,0,255,94,-0.03,14.01,8.14,-20.59;39.18;0.35;-21.06;39.18;0.59;26.94;17.84;-0.59;26.47;18.47;0.12;0.25;28.9;-14.29
1787986355038186,117515,0,255,94,-0.03,14.01,8.14,-20.59;39.18;0.35;-21.06;39.18;0.59;26.94;17.84;-0.59;26.47;18.47;0.12;0.25;28.9;-14.29
1787986355070405,117524,0,255,94,-0.03,14.01,8.14,-20.59;39.18;0.35;-21.06;39.18;0.59;26.94;17.84;-0.59;26.47;18.47;0.12;0.25;28.9;-14.29
1787986355076119,117533,0,255,94,-0.03,14.01,8.14,-20.59;39.18;0.35;-21.06;39.18;0.59;26.94;17.84;-0.59;26.47;18.47;0.12;0.25;28.9;-14.29
1787986355096624,117542,0,255,94,-0.03,14.01,8.14,-20.59;39.18;0.35;-21.06;39.18;0.59;26.94;17.84;-0.59;26.47;18.47;0.12;0.25;28.9;-14.29
1787986355119663,117551,0,255,94,-0.03,14.01,8.14,-20.59;39.18;0.35;-21.06;39.18;0.59;26.94;17.84;-0.59;26.47;18.47;0.12;0.25;28.9;-14.29
1787986355137793,117560,0,255,94,-0.03,14.01,8.14,-20.59;39.18;0.35;-21.06;39.18;0.59;26.94;17.84;-0.59;26.47;18.47;0.12;0.25;28.9;-14.29
1787986355158041,117569,0,255,94,-0.03,14.01,8.14,-20.59;39.18;0.35;-21.06;39.18;0.59;26.94;17.84;-0.59;26.47;18.47;0.12;0.25;28.9;-14.29
1787986355186613,117578,0,255,94,-0.03,14.01,8.14,-20.59;39.18;0.35;-21.06;39.18;0.59;26.94;17.84;-0.59;26.47;18.47;0.12;0.25;28.9;-14.29
1787986355198321,117587,0,255,94,-0.03,14.01,8.14,-20.59;39.18;0.35;-21.06;39.18;0.59;26.94;17.84;-0.59;26.47;18.47;0.12;0.25;28.9;-14.29
1787986355218257,117596,0,255,94,-0.03,14.01,8.14,-20.59;39.18;0.35;-21.06;39.18;0.59;26.94;17.84;-0.59;26.47;18.47;0.12;0.25;28.9;-14.29
1787986355238471,117605,0,255,94,-0.03,14.01,8.14,-20.59;39.18;0.35;-21.06;39.18;0.59;26.94;17.84;-0.59;26.47;18.47;0.12;0.25;28.9;-14.29
1787986355257387,117614,0,255,94,-0.03,14.01,8.14,-20.59;39.18;0.35;-21.06;39.18;0.59;26.94;17.84;-0.59;26.47;18.47;0.12;0.25;28.9;-14.29
1787986355277924,117623,0,255,94,-0.03,14.01,8.14,-20.59;39.18;0.35;-21.06;39.18;0.59;26.94;17.84;-0.59;26.47;18.47;0.12;0.25;28.9;-14.29
1787986355297520,117632,0,255,94,-0.03,14.01,8.14,-20.59;39.18;0.35;-21.06;39.18;0.59;26.94;17.84;-0.59;26.47;18.47;0.12;0.25;28.9;-14.29
1787986355317012,117641,0,255,94,-0.03,14.01,8.14,-20.59;39.18;0.35;-21.06;39.18;0.59;26.94;17.84;-0.59;26.47;18.47;0.12;0.25;28.9;-14.29
1787986355340044,117650,0,255,94,-0.03,14.01,8.14,-20.59;39.18;0.35;-21.06;39.18;0.59;26.94;17.84;-0.59;26.47;18.47;0.12;0.25;28.9;-14.29
1787986355356476,117659,0,255,94,-0.03,14.01,8.14,-20.59;39.18;0.35;-21.06;39.18;0.59;26.94;17.84;-0.59;26.47;18.47;0.12;0.25;28.9;-14.29
1787986355377034,117668,0,255,94,-0.03,14.01,8.14,-20.59;39.18;0.35;-21.06;39.18;0.59;26.94;17.84;-0.59;26.47;18.47;0.12;0.25;28.9;-14.29
1787986355398011,117677,0,255,94,-0.03,14.01,8.14,-20.59;39.18;0.35;-21.06;39.18;0.59;26.94;17.84;-0.59;26.47;18.47;0.12;0.25;28.9;-14.29
1787986355417913,117686,0,255,94,-0.03,14.01,8.14,-20.59;39.18;0.35;-21.06;39.18;0.59;26.94;17.84;-0.59;26.47;18.47;0.12;0.25;28.9;-14.29
1787986355438278,117695,0,255,94,-0.03,14.01,8.14,-20.59;39.18;0.35;-21.06;39.18;0.59;26.94;17.84;-0.59;26.47;18.47;0.12;0.25;28.9;-14.29
1787986355457926,117704,0,255,94,-0.03,14.01,8.14,-20.59;39.18;0.35;-21.06;39.18;0.59;26.94;17.84;-0.59;26.47;18.47;0.12;0.25;28.9;-14.29
1787986355478839,117713,0,255,94,-0.03,14.01,8.14,-20.59;39.18;0.35;-21.06;39.18;0.59;26.94;17.84;-0.59;26.47;18.47;0.12;0.25;28.9;-14.29
1787986355498110,117722,0,255,94,-0.03,14.01,8.14,-20.59;39.18;0.35;-21.06;39.18;0.59;26.94;17.84;-0.59;26.47;18.47;0.12;0.25;28.9;-14.29
1787986355518750,117731,0,255,94,-0.03,14.01,8.14,-20.59;39.18;0.35;-21.06;39.18;0.59;26.94;17.84;-0.59;26.47;18.47;0.12;0.25;28.9;-14.29
1787986355538565,117740,0,255,94,-0.03,14.01,8.14,-20.59;39.18;0.35;-21.06;39.18;0.59;26.94;17.84;-0.59;26.47;18.47;0.12;0.25;28.9;-14.29
1787986355561738,117749,0,255,94,-0.03,14.01,8.14,-20.59;39.18;0.35;-21.06;39.18;0.59;26.94;17.84;-0.59;26.47;18.47;0.12;0.25;28.9;-14.29
1787986355580708,117758,0,255,94,-0.03,14.01,8.14,-20.59;39.18;0.35;-21.06;39.18;0.59;26.94;17.84;-0.59;26.47;18.47;0.12;0.25;28.9;-14.29
1787986355597125,117767,0,255,94,-0.03,14.01,8.14,-20.59;39.18;0.35;-21.06;39.18;0.59;26.94;17.84;-0.59;26.47;18.47;0.12;0.25;28.9;-14.29
1787986355619141,117776,0,255,94,-0.03,14.01,8.14,-20.59;39.18;0.35;-21.06;39.18;0.59;26.94;17.84;-0.59;26.47;18.47;0.12;0.25;28.9;-14.29
1787986355637045,117785,0,255,94,-0.03,14.01,8.14,-20.59;39.18;0.35;-21.06;39.18;0.59;26.94;17.84;-0.59;26.47;18.47;0.12;0.25;28.9;-14.29
1787986355657506,117794,0,255,94,-0.03,14.01,8.14,-20.59;39.18;0.35;-21.06;39.18;0.59;26.94;17.84;-0.59;26.47;18.47;0.12;0.25;28.9;-14.29
1787986355678994,117803,0,255,94,-0.03,14.01,8.14,-20.59;39.18;0.35;-21.06;39.18;0.59;26.94;17.84;-0.59;26.47;18.47;0.12;0.25;28.9;-14.29
1787986355697999,117812,0,255,94,-0.03,14.01,8.14,-20.59;39.18;0.35;-21.06;39.18;0.59;26.94;17.84;-0.59;26.47;18.47;0.12;0.25;28.9;-14.29
1787986355717314,117821,0,255,94,-0.03,14.01,8.14,-20.59;39.18;0.35;-21.06;39.18;0.59;26.94;17.84;-0.59;26.47;18.47;0.12;0.25;28.9;-14.29
1787986355737256,117830,0,255,94,-0.03,14.01,8.14,-20.59;39.18;0.35;-21.06;39.18;0.59;26.94;17.84;-0.59;26.47;18.47;0.12;0.25;28.9;-14.29
1787986355757739,117839,0,255,94,-0.03,14.01,8.14,-20.59;39.18;0.35;-21.06;39.18;0.59;26.94;17.84;-0.59;26.47;18.47;0.12;0.25;28.9;-14.29
1787986355782537,117848,0,255,94,-0.03,14.01,8.14,-20.59;39.18;0.35;-21.06;39.18;0.59;26.94;17.84;-0.59;26.47;18.47;0.12;0.25;28.9;-14.29
1787986355800269,117857,0,255,94,-0.03,14.01,8.14,-20.59;39.18;0.35;-21.06;39.18;0.59;26.94;17.84;-0.59;26.47;18.47;0.12;0.25;28.9;-14.29
1787986355817809,117867,0,255,94,-0.03,14.01,8.14,-20.59;39.18;0.35;-21.06;39.18;0.59;26.94;17.84;-0.59;26.47;18.47;0.12;0.25;28.9;-14.29
1787986355837620,117876,0,255,94,0.02,14.26,8.06,-20.59;39.18;0.35;-21.06;39.18;0.59;26.94;17.84;-0.59;26.47;18.47;0.35;0.25;28.9;-14.29
1787986355857559,117885,0,255,94,0.02,14.26,8.06,-20.59;39.18;0.35;-21.06;39.18;0.59;26.94;17.84;-0.59;26.47;18.47;0.35;0.25;28.9;-14.29
1787986355877935,117894,0,255,94,0.02,14.26,8.06,-20.59;39.18;0.35;-21.06;39.18;0.59;26.94;17.84;-0.59;26.47;18.47;0.35;0.25;28.9;-14.29
1787986355897507,117903,0,255,94,0.02,14.26,8.06,-20.59;39.18;0.35;-21.06;39.18;0.59;26.94;17.84;-0.59;26.47;18.47;0.35;0.25;28.9;-14.29
1787986355917496,117912,0,255,94,0.02,14.26,8.06,-20.59;39.18;0.35;-21.06;39.18;0.59;26.94;17.84;-0.59;26.47;18.47;0.35;0.25;28.9;-14.29
1787986355939947,117921,0,255,94,0.02,14.26,8.06,-20.59;39.18;0.35;-21.06;39.18;0.59;26.94;17.84;-0.59;26.47;18.47;0.35;0.25;28.9;-14.29
1787986355958709,117930,0,255,94,0.02,14.26,8.06,-20.59;39.18;0.35;-21.06;39.18;0.59;26.94;17.84;-0.59;26.47;18.47;0.35;0.25;28.9;-14.29
1787986355978497,117939,0,255,94,0.02,14.26,8.06,-20.59;39.18;0.35;-21.06;39.18;0.59;26.94;17.84;-0.59;26.47;18.47;0.35;0.25;28.9;-14.29
1787986355998250,117948,0,255,94,0.02,14.26,8.06,-20.59;39.18;0.35;-21.06;39.18;0.59;26.94;17.84;-0.59;26.47;18.47;0.35;0.25;28.9;-14.29
1787986356019223,117957,0,255,94,0.02,14.26,8.06,-20.59;39.18;0.35;-21.06;39.18;0.59;26.94;17.84;-0.59;26.47;18.47;0.35;0.25;28.9;-14.29
1787986356037799,117966,0,255,94,0.02,14.26,8.06,-20.59;39.18;0.35;-21.06;39.18;0.59;26.94;17.84;-0.59;26.47;18.47;0.35;0.25;28.9;-14.29
1787986356060215,117975,0,255,94,0.02,14.26,8.06,-20.59;39.18;0.35;-21.06;39.18;0.59;26.94;17.84;-0.59;26.47;18.47;0.35;0.25;28.9;-14.29
1787986356076802,117984,0,255,94,0.02,14.26,8.06,-20.59;39.18;0.35;-21.06;39.18;0.59;26.94;17.84;-0.59;26.47;18.47;0.35;0.25;28.9;-14.29
1787986356097515,117993,0,255,94,0.02,14.26,8.06,-20.59;39.18;0.35;-21.06;39.18;0.59;26.94;17.84;-0.59;26.47;18.47;0.35;0.25;28.9;-14.29
1787986356117831,118002,0,255,94,0.02,14.26,8.06,-20.59;39.18;0.35;-21.06;39.18;0.59;26.94;17.84;-0.59;26.47;18.47;0.35;0.25;28.9;-14.29
1787986356138232,118011,0,255,94,0.02,14.26,8.06,-20.59;39.18;0.35;-21.06;39.18;0.59;26.94;17.84;-0.59;26.47;18.47;0.35;0.25;28.9;-14.29
1787986356158274,118020,0,255,94,0.02,14.26,8.06,-20.59;39.18;0.35;-21.06;39.18;0.59;26.94;17.84;-0.59;26.47;18.47;0.35;0.25;28.9;-14.29
1787986356178513,118029,0,255,94,0.02,14.26,8.06,-20.59;39.18;0.35;-21.06;39.18;0.59;26.94;17.84;-0.59;26.47;18.47;0.35;0.25;28.9;-14.29
1787986356201961,118038,0,255,94,0.02,14.26,8.06,-20.59;39.18;0.35;-21.06;39.18;0.59;26.94;17.84;-0.59;26.47;18.47;0.35;0.25;28.9;-14.29
1787986356218706,118047,0,255,94,0.02,14.26,8.06,-20.59;39.18;0.35;-21.06;39.18;0.59;26.94;17.84;-0.59;26.47;18.47;0.35;0.25;28.9;-14.29
1787986356237417,118056,0,255,94,0.02,14.26,8.06,-20.59;39.18;0.35;-21.06;39.18;0.59;26.94;17.84;-0.59;26.47;18.47;0.35;0.25;28.9;-14.29
1787986356258214,118065,0,255,94,0.02,14.26,8.06,-20.59;39.18;0.35;-21.06;39.18;0.59;26.94;17.84;-0.59;26.47;18.47;0.35;0.25;28.9;-14.29
1787986356278345,118074,0,255,94,0.02,14.26,8.06,-20.59;39.18;0.35;-21.06;39.18;0.59;26.94;17.84;-0.59;26.47;18.47;0.35;0.25;28.9;-14.29
1787986356297833,118083,0,255,94,0.02,14.26,8.06,-20.59;39.18;0.35;-21.06;39.18;0.59;26.94;17.84;-0.59;26.47;18.47;0.35;0.25;28.9;-14.29
1787986356316931,118092,0,255,94,0.02,14.26,8.06,-20.59;39.18;0.35;-21.06;39.18;0.59;26.94;17.84;-0.59;26.47;18.47;0.35;0.25;28.9;-14.29
1787986356338302,118101,0,255,94,0.02,14.26,8.06,-20.59;39.18;0.35;-21.06;39.18;0.59;26.94;17.84;-0.59;26.47;18.47;0.35;0.25;28.9;-14.29
1787986356358426,118110,0,255,94,0.02,14.26,8.06,-20.59;39.18;0.35;-21.06;39.18;0.59;26.94;17.84;-0.59;26.47;18.47;0.35;0.25;28.9;-14.29
1787986356377027,118119,0,255,94,0.02,14.26,8.06,-20.59;39.18;0.35;-21.06;39.18;0.59;26.94;17.84;-0.59;26.47;18.47;0.35;0.25;28.9;-14.29
1787986356399288,118128,0,255,94,0.02,14.26,8.06,-20.59;39.18;0.35;-21.06;39.18;0.59;26.94;17.84;-0.59;26.47;18.47;0.35;0.25;28.9;-14.29
1787986356417048,118137,0,255,94,0.02,14.26,8.06,-20.59;39.18;0.35;-21.06;39.18;0.59;26.94;17.84;-0.59;26.47;18.47;0.35;0.25;28.9;-14.29
1787986356440671,118146,0,255,94,0.02,14.26,8.06,-20.59;39.18;0.35;-21.06;39.18;0.59;26.94;17.84;-0.59;26.47;18.47;0.35;0.25;28.9;-14.29
1787986356457582,118155,0,255,94,0.02,14.26,8.06,-20.59;39.18;0.35;-21.06;39.18;0.59;26.94;17.84;-0.59;26.47;18.47;0.35;0.25;28.9;-14.29
1787986356477204,118164,0,255,94,0.02,14.26,8.06,-20.59;39.18;0.35;-21.06;39.18;0.59;26.94;17.84;-0.59;26.47;18.47;0.35;0.25;28.9;-14.29
1787986356498213,118173,0,255,94,0.02,14.26,8.06,-20.59;39.18;0.35;-21.06;39.18;0.59;26.94;17.84;-0.59;26.47;18.47;0.35;0.25;28.9;-14.29
1787986356518780,118182,0,255,94,0.02,14.26,8.06,-20.59;39.18;0.35;-21.06;39.18;0.59;26.94;17.84;-0.59;26.47;18.47;0.35;0.25;28.9;-14.29
1787986356538012,118191,0,255,94,0.02,14.26,8.06,-20.59;39.18;0.35;-21.06;39.18;0.59;26.94;17.84;-0.59;26.47;18.47;0.35;0.25;28.9;-14.29
1787986356557416,118200,0,255,94,0.02,14.26,8.06,-20.59;39.18;0.35;-21.06;39.18;0.59;26.94;17.84;-0.59;26.47;18.47;0.35;0.25;28.9;-14.29
1787986356577753,118209,0,255,94,0.02,14.26,8.06,-20.59;39.18;0.35;-21.06;39.18;0.59;26.94;17.84;-0.59;26.47;18.47;0.35;0.25;28.9;-14.29
1787986356597263,118218,0,255,94,0.02,14.26,8.06,-20.59;39.18;0.35;-21.06;39.18;0.59;26.94;17.84;-0.59;26.47;18.47;0.35;0.25;28.9;-14.29
1787986356618213,118227,0,255,94,0.02,14.26,8.06,-20.59;39.18;0.35;-21.06;39.18;0.59;26.94;17.84;-0.59;26.47;18.47;0.35;0.25;28.9;-14.29
1787986356637989,118236,0,255,94,0.02,14.26,8.06,-20.59;39.18;0.35;-21.06;39.18;0.59;26.94;17.84;-0.59;26.47;18.47;0.35;0.25;28.9;-14.29
1787986356660019,118245,0,255,94,0.02,14.26,8.06,-20.59;39.18;0.35;-21.06;39.18;0.59;26.94;17.84;-0.59;26.47;18.47;0.35;0.25;28.9;-14.29
1787986356678084,118254,0,255,94,0.02,14.26,8.06,-20.59;39.18;0.35;-21.06;39.18;0.59;26.94;17.84;-0.59;26.47;18.47;0.35;0.25;28.9;-14.29
1787986356697048,118263,0,255,94,0.02,14.26,8.06,-20.59;39.18;0.35;-21.06;39.18;0.59;26.94;17.84;-0.59;26.47;18.47;0.35;0.25;28.9;-14.29
1787986356717290,118272,0,255,94,0.02,14.26,8.06,-20.59;39.18;0.35;-21.06;39.18;0.59;26.94;17.84;-0.59;26.47;18.47;0.35;0.25;28.9;-14.29
1787986356740126,118281,0,255,94,0.02,14.26,8.06,-20.59;39.18;0.35;-21.06;39.18;0.59;26.94;17.84;-0.59;26.47;18.47;0.35;0.25;28.9;-14.29
1787986356758535,118290,0,255,94,0.02,14.26,8.06,-20.59;39.18;0.35;-21.06;39.18;0.59;26.94;17.84;-0.59;26.47;18.47;0.35;0.25;28.9;-14.29
1787986356780756,118299,0,255,94,0.02,14.26,8.06,-20.59;39.18;0.35;-21.06;39.18;0.59;26.94;17.84;-0.59;26.47;18.47;0.35;0.25;28.9;-14.29
1787986356797033,118308,0,255,94,0.02,14.26,8.06,-20.59;39.18;0.35;-21.06;39.18;0.59;26.94;17.84;-0.59;26.47;18.47;0.35;0.25;28.9;-14.29
1787986356818303,118318,0,255,94,0.02,14.26,8.06,-20.59;39.18;0.35;-21.06;39.18;0.59;26.94;17.84;-0.59;26.47;18.47;0.35;0.25;28.9;-14.29
1787986356840538,118327,0,255,94,0.02,14.26,8.06,-20.59;39.18;0.35;-21.06;39.18;0.59;26.94;17.84;-0.59;26.47;18.47;0.35;0.25;28.9;-14.29
1787986356856931,118336,0,255,93,0.03,14.34,7.87,-21.06;39.18;0.35;-21.06;39.18;0.82;26.94;17.84;-1.76;26.47;18.47;0.35;0.25;26.35;10.18
1787986356877536,118345,0,255,93,0.03,14.34,7.87,-21.06;39.18;0.35;-21.06;39.18;0.82;26.94;17.84;-1.76;26.47;18.47;0.35;0.25;26.35;10.18
1787986356897200,118354,0,255,93,0.03,14.34,7.87,-21.06;39.18;0.35;-21.06;39.18;0.82;26.94;17.84;-1.76;26.47;18.47;0.35;0.25;26.35;10.18
1787986356918318,118363,0,255,93,0.03,14.34,7.87,-21.06;39.18;0.35;-21.06;39.18;0.82;26.94;17.84;-1.76;26.47;18.47;0.35;0.25;26.35;10.18
1787986356939253,118372,0,255,93,0.03,14.34,7.87,-21.06;39.18;0.35;-21.06;39.18;0.82;26.94;17.84;-1.76;26.47;18.47;0.35;0.25;26.35;10.18
1787986356958333,118381,0,255,93,0.03,14.34,7.87,-21.06;39.18;0.35;-21.06;39.18;0.82;26.94;17.84;-1.76;26.47;18.47;0.35;0.25;26.35;10.18
1787986356978857,118390,0,255,93,0.03,14.34,7.87,-21.06;39.18;0.35;-21.06;39.18;0.82;26.94;17.84;-1.76;26.47;18.47;0.35;0.25;26.35;10.18
1787986356998810,118399,0,255,93,0.03,14.34,7.87,-21.06;39.18;0.35;-21.06;39.18;0.82;26.94;17.84;-1.76;26.47;18.47;0.35;0.25;26.35;10.18
1787986357018012,118408,0,255,93,0.03,14.34,7.87,-21.06;39.18;0.35;-21.06;39.18;0.82;26.94;17.84;-1.76;26.47;18.47;0.35;0.25;26.35;10.18
1787986357040379,118417,0,255,93,0.03,14.34,7.87,-21.06;39.18;0.35;-21.06;39.18;0.82;26.94;17.84;-1.76;26.47;18.47;0.35;0.25;26.35;10.18
1787986357057241,118426,0,255,93,0.03,14.34,7.87,-21.06;39.18;0.35;-21.06;39.18;0.82;26.94;17.84;-1.76;26.47;18.47;0.35;0.25;26.35;10.18
1787986357076990,118435,0,255,93,0.03,14.34,7.87,-21.06;39.18;0.35;-21.06;39.18;0.82;26.94;17.84;-1.76;26.47;18.47;0.35;0.25;26.35;10.18
1787986357099172,118444,0,255,93,0.03,14.34,7.87,-21.06;39.18;0.35;-21.06;39.18;0.82;26.94;17.84;-1.76;26.47;18.47;0.35;0.25;26.35;10.18
1787986357118446,118453,0,255,93,0.03,14.34,7.87,-21.06;39.18;0.35;-21.06;39.18;0.82;26.94;17.84;-1.76;26.47;18.47;0.35;0.25;26.35;10.18
1787986357139139,118462,0,255,93,0.03,14.34,7.87,-21.06;39.18;0.35;-21.06;39.18;0.82;26.94;17.84;-1.76;26.47;18.47;0.35;0.25;26.35;10.18
1787986357161588,118471,0,255,93,0.03,14.34,7.87,-21.06;39.18;0.35;-21.06;39.18;0.82;26.94;17.84;-1.76;26.47;18.47;0.35;0.25;26.35;10.18
1787986357177324,118480,0,255,93,0.03,14.34,7.87,-21.06;39.18;0.35;-21.06;39.18;0.82;26.94;17.84;-1.76;26.47;18.47;0.35;0.25;26.35;10.18
1787986357200024,118489,0,255,93,0.03,14.34,7.87,-21.06;39.18;0.35;-21.06;39.18;0.82;26.94;17.84;-1.76;26.47;18.47;0.35;0.25;26.35;10.18
1787986357218647,118498,0,255,93,0.03,14.34,7.87,-21.06;39.18;0.35;-21.06;39.18;0.82;26.94;17.84;-1.76;26.47;18.47;0.35;0.25;26.35;10.18
1787986357236619,118507,0,255,93,0.03,14.34,7.87,-21.06;39.18;0.35;-21.06;39.18;0.82;26.94;17.84;-1.76;26.47;18.47;0.35;0.25;26.35;10.18
1787986357258664,118516,0,255,93,0.03,14.34,7.87,-21.06;39.18;0.35;-21.06;39.18;0.82;26.94;17.84;-1.76;26.47;18.47;0.35;0.25;26.35;10.18
1787986357277947,118525,0,255,93,0.03,14.34,7.87,-21.06;39.18;0.35;-21.06;39.18;0.82;26.94;17.84;-1.76;26.47;18.47;0.35;0.25;26.35;10.18
1787986357298320,118534,0,255,93,0.03,14.34,7.87,-21.06;39.18;0.35;-21.06;39.18;0.82;26.94;17.84;-1.76;26.47;18.47;0.35;0.25;26.35;10.18
1787986357317144,118543,0,255,93,0.03,14.34,7.87,-21.06;39.18;0.35;-21.06;39.18;0.82;26.94;17.84;-1.76;26.47;18.47;0.35;0.25;26.35;10.18
1787986357338473,118552,0,255,93,0.03,14.34,7.87,-21.06;39.18;0.35;-21.06;39.18;0.82;26.94;17.84;-1.76;26.47;18.47;0.35;0.25;26.35;10.18
1787986357356316,118561,0,255,93,0.03,14.34,7.87,-21.06;39.18;0.35;-21.06;39.18;0.82;26.94;17.84;-1.76;26.47;18.47;0.35;0.25;26.35;10.18
1787986357378490,118570,0,255,93,0.03,14.34,7.87,-21.06;39.18;0.35;-21.06;39.18;0.82;26.94;17.84;-1.76;26.47;18.47;0.35;0.25;26.35;10.18
1787986357397604,118579,0,255,93,0.03,14.34,7.87,-21.06;39.18;0.35;-21.06;39.18;0.82;26.94;17.84;-1.76;26.47;18.47;0.35;0.25;26.35;10.18
1787986357417875,118588,0,255,93,0.03,14.34,7.87,-21.06;39.18;0.35;-21.06;39.18;0.82;26.94;17.84;-1.76;26.47;18.47;0.35;0.25;26.35;10.18
1787986357437777,118597,0,255,93,0.03,14.34,7.87,-21.06;39.18;0.35;-21.06;39.18;0.82;26.94;17.84;-1.76;26.47;18.47;0.35;0.25;26.35;10.18
1787986357458798,118606,0,255,93,0.03,14.34,7.87,-21.06;39.18;0.35;-21.06;39.18;0.82;26.94;17.84;-1.76;26.47;18.47;0.35;0.25;26.35;10.18
1787986357477480,118615,0,255,93,0.03,14.34,7.87,-21.06;39.18;0.35;-21.06;39.18;0.82;26.94;17.84;-1.76;26.47;18.47;0.35;0.25;26.35;10.18
1787986357498020,118624,0,255,93,0.03,14.34,7.87,-21.06;39.18;0.35;-21.06;39.18;0.82;26.94;17.84;-1.76;26.47;18.47;0.35;0.25;26.35;10.18
1787986357517416,118633,0,255,93,0.03,14.34,7.87,-21.06;39.18;0.35;-21.06;39.18;0.82;26.94;17.84;-1.76;26.47;18.47;0.35;0.25;26.35;10.18
1787986357538637,118642,0,255,93,0.03,14.34,7.87,-21.06;39.18;0.35;-21.06;39.18;0.82;26.94;17.84;-1.76;26.47;18.47;0.35;0.25;26.35;10.18
1787986357557564,118651,0,255,93,0.03,14.34,7.87,-21.06;39.18;0.35;-21.06;39.18;0.82;26.94;17.84;-1.76;26.47;18.47;0.35;0.25;26.35;10.18
1787986357577113,118660,0,255,93,0.03,14.34,7.87,-21.06;39.18;0.35;-21.06;39.18;0.82;26.94;17.84;-1.76;26.47;18.47;0.35;0.25;26.35;10.18
1787986357600242,118669,0,255,93,0.03,14.34,7.87,-21.06;39.18;0.35;-21.06;39.18;0.82;26.94;17.84;-1.76;26.47;18.47;0.35;0.25;26.35;10.18
1787986357617039,118678,0,255,93,0.03,14.34,7.87,-21.06;39.18;0.35;-21.06;39.18;0.82;26.94;17.84;-1.76;26.47;18.47;0.35;0.25;26.35;10.18
1787986357636893,118687,0,255,93,0.03,14.34,7.87,-21.06;39.18;0.35;-21.06;39.18;0.82;26.94;17.84;-1.76;26.47;18.47;0.35;0.25;26.35;10.18
1787986357659140,118696,0,255,93,0.03,14.34,7.87,-21.06;39.18;0.35;-21.06;39.18;0.82;26.94;17.84;-1.76;26.47;18.47;0.35;0.25;26.35;10.18
1787986357678122,118705,0,255,93,0.03,14.34,7.87,-21.06;39.18;0.35;-21.06;39.18;0.82;26.94;17.84;-1.76;26.47;18.47;0.35;0.25;26.35;10.18
1787986357696928,118714,0,255,93,0.03,14.34,7.87,-21.06;39.18;0.35;-21.06;39.18;0.82;26.94;17.84;-1.76;26.47;18.47;0.35;0.25;26.35;10.18
1787986357718227,118723,0,255,93,0.03,14.34,7.87,-21.06;39.18;0.35;-21.06;39.18;0.82;26.94;17.84;-1.76;26.47;18.47;0.35;0.25;26.35;10.18
1787986357736794,118732,0,255,93,0.03,14.34,7.87,-21.06;39.18;0.35;-21.06;39.18;0.82;26.94;17.84;-1.76;26.47;18.47;0.35;0.25;26.35;10.18
1787986357757537,118741,0,255,93,0.03,14.34,7.87,-21.06;39.18;0.35;-21.06;39.18;0.82;26.94;17.84;-1.76;26.47;18.47;0.35;0.25;26.35;10.18
1787986357777647,118750,0,255,93,0.03,14.34,7.87,-21.06;39.18;0.35;-21.06;39.18;0.82;26.94;17.84;-1.76;26.47;18.47;0.35;0.25;26.35;10.18
1787986357798486,118759,0,255,93,0.03,14.34,7.87,-21.06;39.18;0.35;-21.06;39.18;0.82;26.94;17.84;-1.76;26.47;18.47;0.35;0.25;26.35;10.18
1787986357818765,118769,0,255,93,0.03,14.34,7.87,-21.06;39.18;0.35;-21.06;39.18;0.82;26.94;17.84;-1.76;26.47;18.47;0.35;0.25;26.35;10.18
1787986357840714,118778,0,255,93,0.03,13.45,7.65,-20.59;39.18;0.35;-21.06;38.55;0.59;26.47;17.84;-0.59;26.47;18.47;0.12;0.25;5.45;31.59
1787986357858061,118787,0,255,93,0.03,13.45,7.65,-20.59;39.18;0.35;-21.06;38.55;0.59;26.47;17.84;-0.59;26.47;18.47;0.12;0.25;5.45;31.59
1787986357878367,118796,0,255,93,0.03,13.45,7.65,-20.59;39.18;0.35;-21.06;38.55;0.59;26.47;17.84;-0.59;26.47;18.47;0.12;0.25;5.45;31.59
1787986357897147,118805,0,255,93,0.03,13.45,7.65,-20.59;39.18;0.35;-21.06;38.55;0.59;26.47;17.84;-0.59;26.47;18.47;0.12;0.25;5.45;31.59
1787986357916672,118814,0,255,93,0.03,13.45,7.65,-20.59;39.18;0.35;-21.06;38.55;0.59;26.47;17.84;-0.59;26.47;18.47;0.12;0.25;5.45;31.59
1787986357940631,118823,0,255,93,0.03,13.45,7.65,-20.59;39.18;0.35;-21.06;38.55;0.59;26.47;17.84;-0.59;26.47;18.47;0.12;0.25;5.45;31.59
1787986357958325,118832,0,255,93,0.03,13.45,7.65,-20.59;39.18;0.35;-21.06;38.55;0.59;26.47;17.84;-0.59;26.47;18.47;0.12;0.25;5.45;31.59
1787986357980646,118841,0,255,93,0.03,13.45,7.65,-20.59;39.18;0.35;-21.06;38.55;0.59;26.47;17.84;-0.59;26.47;18.47;0.12;0.25;5.45;31.59
1787986357997511,118850,0,255,93,0.03,13.45,7.65,-20.59;39.18;0.35;-21.06;38.55;0.59;26.47;17.84;-0.59;26.47;18.47;0.12;0.25;5.45;31.59
1787986358019733,118859,0,255,93,0.03,13.45,7.65,-20.59;39.18;0.35;-21.06;38.55;0.59;26.47;17.84;-0.59;26.47;18.47;0.12;0.25;5.45;31.59
1787986358040801,118868,0,255,93,0.03,13.45,7.65,-20.59;39.18;0.35;-21.06;38.55;0.59;26.47;17.84;-0.59;26.47;18.47;0.12;0.25;5.45;31.59
1787986358057692,118877,0,255,93,0.03,13.45,7.65,-20.59;39.18;0.35;-21.06;38.55;0.59;26.47;17.84;-0.59;26.47;18.47;0.12;0.25;5.45;31.59
1787986358077347,118886,0,255,93,0.03,13.45,7.65,-20.59;39.18;0.35;-21.06;38.55;0.59;26.47;17.84;-0.59;26.47;18.47;0.12;0.25;5.45;31.59
1787986358098098,118895,0,255,93,0.03,13.45,7.65,-20.59;39.18;0.35;-21.06;38.55;0.59;26.47;17.84;-0.59;26.47;18.47;0.12;0.25;5.45;31.59
1787986358117522,118904,0,255,93,0.03,13.45,7.65,-20.59;39.18;0.35;-21.06;38.55;0.59;26.47;17.84;-0.59;26.47;18.47;0.12;0.25;5.45;31.59
1787986358138401,118913,0,255,93,0.03,13.45,7.65,-20.59;39.18;0.35;-21.06;38.55;0.59;26.47;17.84;-0.59;26.47;18.47;0.12;0.25;5.45;31.59
1787986358157123,118922,0,255,93,0.03,13.45,7.65,-20.59;39.18;0.35;-21.06;38.55;0.59;26.47;17.84;-0.59;26.47;18.47;0.12;0.25;5.45;31.59
1787986358216109,118931,0,255,93,0.03,13.45,7.65,-20.59;39.18;0.35;-21.06;38.55;0.59;26.47;17.84;-0.59;26.47;18.47;0.12;0.25;5.45;31.59
1787986358218535,118933,0,255,93,0.03,13.45,7.65,-20.59;39.18;0.35;-21.06;38.55;0.59;26.47;17.84;-0.59;26.47;18.47;0.12;0.25;5.45;31.59
1787986358219849,118935,0,255,93,0.03,13.45,7.65,-20.59;39.18;0.35;-21.06;38.55;0.59;26.47;17.84;-0.59;26.47;18.47;0.12;0.25;5.45;31.59
1787986358243739,118958,0,255,93,0.03,13.45,7.65,-20.59;39.18;0.35;-21.06;38.55;0.59;26.47;17.84;-0.59;26.47;18.47;0.12;0.25;5.45;31.59
1787986358259222,118967,0,255,93,0.03,13.45,7.65,-20.59;39.18;0.35;-21.06;38.55;0.59;26.47;17.84;-0.59;26.47;18.47;0.12;0.25;5.45;31.59
1787986358279181,118976,0,255,93,0.03,13.45,7.65,-20.59;39.18;0.35;-21.06;38.55;0.59;26.47;17.84;-0.59;26.47;18.47;0.12;0.25;5.45;31.59
1787986358296791,118985,0,255,93,0.03,13.45,7.65,-20.59;39.18;0.35;-21.06;38.55;0.59;26.47;17.84;-0.59;26.47;18.47;0.12;0.25;5.45;31.59
1787986358319130,118994,0,255,93,0.03,13.45,7.65,-20.59;39.18;0.35;-21.06;38.55;0.59;26.47;17.84;-0.59;26.47;18.47;0.12;0.25;5.45;31.59
1787986358337328,119003,0,255,93,0.03,13.45,7.65,-20.59;39.18;0.35;-21.06;38.55;0.59;26.47;17.84;-0.59;26.47;18.47;0.12;0.25;5.45;31.59
1787986358357443,119012,0,255,93,0.03,13.45,7.65,-20.59;39.18;0.35;-21.06;38.55;0.59;26.47;17.84;-0.59;26.47;18.47;0.12;0.25;5.45;31.59
1787986358378154,119021,0,255,93,0.03,13.45,7.65,-20.59;39.18;0.35;-21.06;38.55;0.59;26.47;17.84;-0.59;26.47;18.47;0.12;0.25;5.45;31.59
1787986358398414,119030,0,255,93,0.03,13.45,7.65,-20.59;39.18;0.35;-21.06;38.55;0.59;26.47;17.84;-0.59;26.47;18.47;0.12;0.25;5.45;31.59
1787986358418451,119039,0,255,93,0.03,13.45,7.65,-20.59;39.18;0.35;-21.06;38.55;0.59;26.47;17.84;-0.59;26.47;18.47;0.12;0.25;5.45;31.59
1787986358438298,119048,0,255,93,0.03,13.45,7.65,-20.59;39.18;0.35;-21.06;38.55;0.59;26.47;17.84;-0.59;26.47;18.47;0.12;0.25;5.45;31.59
1787986358457521,119057,0,255,93,0.03,13.45,7.65,-20.59;39.18;0.35;-21.06;38.55;0.59;26.47;17.84;-0.59;26.47;18.47;0.12;0.25;5.45;31.59
1787986358478691,119066,0,255,93,0.03,13.45,7.65,-20.59;39.18;0.35;-21.06;38.55;0.59;26.47;17.84;-0.59;26.47;18.47;0.12;0.25;5.45;31.59
1787986358497450,119075,0,255,93,0.03,13.45,7.65,-20.59;39.18;0.35;-21.06;38.55;0.59;26.47;17.84;-0.59;26.47;18.47;0.12;0.25;5.45;31.59
1787986358517452,119084,0,255,93,0.03,13.45,7.65,-20.59;39.18;0.35;-21.06;38.55;0.59;26.47;17.84;-0.59;26.47;18.47;0.12;0.25;5.45;31.59
1787986358546541,119093,0,255,93,0.03,13.45,7.65,-20.59;39.18;0.35;-21.06;38.55;0.59;26.47;17.84;-0.59;26.47;18.47;0.12;0.25;5.45;31.59
1787986358558595,119102,0,255,93,0.03,13.45,7.65,-20.59;39.18;0.35;-21.06;38.55;0.59;26.47;17.84;-0.59;26.47;18.47;0.12;0.25;5.45;31.59
1787986358580644,119111,0,255,93,0.03,13.45,7.65,-20.59;39.18;0.35;-21.06;38.55;0.59;26.47;17.84;-0.59;26.47;18.47;0.12;0.25;5.45;31.59
1787986358597110,119120,0,255,93,0.03,13.45,7.65,-20.59;39.18;0.35;-21.06;38.55;0.59;26.47;17.84;-0.59;26.47;18.47;0.12;0.25;5.45;31.59
1787986358617844,119129,0,255,93,0.03,13.45,7.65,-20.59;39.18;0.35;-21.06;38.55;0.59;26.47;17.84;-0.59;26.47;18.47;0.12;0.25;5.45;31.59
1787986358638449,119138,0,255,93,0.03,13.45,7.65,-20.59;39.18;0.35;-21.06;38.55;0.59;26.47;17.84;-0.59;26.47;18.47;0.12;0.25;5.45;31.59
1787986358658639,119147,0,255,93,0.03,13.45,7.65,-20.59;39.18;0.35;-21.06;38.55;0.59;26.47;17.84;-0.59;26.47;18.47;0.12;0.25;5.45;31.59
1787986358677537,119156,0,255,93,0.03,13.45,7.65,-20.59;39.18;0.35;-21.06;38.55;0.59;26.47;17.84;-0.59;26.47;18.47;0.12;0.25;5.45;31.59
1787986358697302,119165,0,255,93,0.03,13.45,7.65,-20.59;39.18;0.35;-21.06;38.55;0.59;26.47;17.84;-0.59;26.47;18.47;0.12;0.25;5.45;31.59
1787986358719629,119174,0,255,93,0.03,13.45,7.65,-20.59;39.18;0.35;-21.06;38.55;0.59;26.47;17.84;-0.59;26.47;18.47;0.12;0.25;5.45;31.59
1787986358740862,119183,0,255,93,0.03,13.45,7.65,-20.59;39.18;0.35;-21.06;38.55;0.59;26.47;17.84;-0.59;26.47;18.47;0.12;0.25;5.45;31.59
1787986358762570,119192,0,255,93,0.03,13.45,7.65,-20.59;39.18;0.35;-21.06;38.55;0.59;26.47;17.84;-0.59;26.47;18.47;0.12;0.25;5.45;31.59
1787986358778061,119201,0,255,93,0.03,13.45,7.65,-20.59;39.18;0.35;-21.06;38.55;0.59;26.47;17.84;-0.59;26.47;18.47;0.12;0.25;5.45;31.59
1787986358798622,119210,0,255,93,0.03,13.45,7.65,-20.59;39.18;0.35;-21.06;38.55;0.59;26.47;17.84;-0.59;26.47;18.47;0.12;0.25;5.45;31.59
1787986358820011,119220,0,255,93,0.03,13.45,7.65,-20.59;39.18;0.35;-21.06;38.55;0.59;26.47;17.84;-0.59;26.47;18.47;0.12;0.25;5.45;31.59
1787986358837954,119229,0,255,93,-0.02,14.17,7.4,-20.59;39.18;0.35;-21.06;39.18;0.59;26.47;17.84;-0.59;26.47;18.47;0.35;0.25;-12.39;56.06
1787986358859686,119238,0,255,93,-0.02,14.17,7.4,-20.59;39.18;0.35;-21.06;39.18;0.59;26.47;17.84;-0.59;26.47;18.47;0.35;0.25;-12.39;56.06
1787986358878102,119247,0,255,93,-0.02,14.17,7.4,-20.59;39.18;0.35;-21.06;39.18;0.59;26.47;17.84;-0.59;26.47;18.47;0.35;0.25;-12.39;56.06
1787986358898353,119256,0,255,93,-0.02,14.17,7.4,-20.59;39.18;0.35;-21.06;39.18;0.59;26.47;17.84;-0.59;26.47;18.47;0.35;0.25;-12.39;56.06
1787986358919477,119265,0,255,93,-0.02,14.17,7.4,-20.59;39.18;0.35;-21.06;39.18;0.59;26.47;17.84;-0.59;26.47;18.47;0.35;0.25;-12.39;56.06
1787986358936545,119274,0,255,93,-0.02,14.17,7.4,-20.59;39.18;0.35;-21.06;39.18;0.59;26.47;17.84;-0.59;26.47;18.47;0.35;0.25;-12.39;56.06
1787986358959430,119283,0,255,93,-0.02,14.17,7.4,-20.59;39.18;0.35;-21.06;39.18;0.59;26.47;17.84;-0.59;26.47;18.47;0.35;0.25;-12.39;56.06
1787986358981806,119292,0,255,93,-0.02,14.17,7.4,-20.59;39.18;0.35;-21.06;39.18;0.59;26.47;17.84;-0.59;26.47;18.47;0.35;0.25;-12.39;56.06
1787986358997690,119301,0,255,93,-0.02,14.17,7.4,-20.59;39.18;0.35;-21.06;39.18;0.59;26.47;17.84;-0.59;26.47;18.47;0.35;0.25;-12.39;56.06
1787986359018623,119310,0,255,93,-0.02,14.17,7.4,-20.59;39.18;0.35;-21.06;39.18;0.59;26.47;17.84;-0.59;26.47;18.47;0.35;0.25;-12.39;56.06
1787986359038742,119319,0,255,93,-0.02,14.17,7.4,-20.59;39.18;0.35;-21.06;39.18;0.59;26.47;17.84;-0.59;26.47;18.47;0.35;0.25;-12.39;56.06
1787986359057326,119328,0,255,93,-0.02,14.17,7.4,-20.59;39.18;0.35;-21.06;39.18;0.59;26.47;17.84;-0.59;26.47;18.47;0.35;0.25;-12.39;56.06
1787986359079084,119337,0,255,93,-0.02,14.17,7.4,-20.59;39.18;0.35;-21.06;39.18;0.59;26.47;17.84;-0.59;26.47;18.47;0.35;0.25;-12.39;56.06
1787986359098064,119346,0,255,93,-0.02,14.17,7.4,-20.59;39.18;0.35;-21.06;39.18;0.59;26.47;17.84;-0.59;26.47;18.47;0.35;0.25;-12.39;56.06
1787986359116467,119355,0,255,93,-0.02,14.17,7.4,-20.59;39.18;0.35;-21.06;39.18;0.59;26.47;17.84;-0.59;26.47;18.47;0.35;0.25;-12.39;56.06
1787986359141708,119364,0,255,93,-0.02,14.17,7.4,-20.59;39.18;0.35;-21.06;39.18;0.59;26.47;17.84;-0.59;26.47;18.47;0.35;0.25;-12.39;56.06
1787986359158623,119373,0,255,93,-0.02,14.17,7.4,-20.59;39.18;0.35;-21.06;39.18;0.59;26.47;17.84;-0.59;26.47;18.47;0.35;0.25;-12.39;56.06
1787986359177898,119382,0,255,93,-0.02,14.17,7.4,-20.59;39.18;0.35;-21.06;39.18;0.59;26.47;17.84;-0.59;26.47;18.47;0.35;0.25;-12.39;56.06
1787986359198191,119391,0,255,93,-0.02,14.17,7.4,-20.59;39.18;0.35;-21.06;39.18;0.59;26.47;17.84;-0.59;26.47;18.47;0.35;0.25;-12.39;56.06
1787986359217447,119400,0,255,93,-0.02,14.17,7.4,-20.59;39.18;0.35;-21.06;39.18;0.59;26.47;17.84;-0.59;26.47;18.47;0.35;0.25;-12.39;56.06
1787986359236761,119409,0,255,93,-0.02,14.17,7.4,-20.59;39.18;0.35;-21.06;39.18;0.59;26.47;17.84;-0.59;26.47;18.47;0.35;0.25;-12.39;56.06
1787986359261006,119418,0,255,93,-0.02,14.17,7.4,-20.59;39.18;0.35;-21.06;39.18;0.59;26.47;17.84;-0.59;26.47;18.47;0.35;0.25;-12.39;56.06
1787986359278147,119427,0,255,93,-0.02,14.17,7.4,-20.59;39.18;0.35;-21.06;39.18;0.59;26.47;17.84;-0.59;26.47;18.47;0.35;0.25;-12.39;56.06
1787986359297644,119436,0,255,93,-0.02,14.17,7.4,-20.59;39.18;0.35;-21.06;39.18;0.59;26.47;17.84;-0.59;26.47;18.47;0.35;0.25;-12.39;56.06
1787986359316685,119445,0,255,93,-0.02,14.17,7.4,-20.59;39.18;0.35;-21.06;39.18;0.59;26.47;17.84;-0.59;26.47;18.47;0.35;0.25;-12.39;56.06
1787986359338189,119454,0,255,93,-0.02,14.17,7.4,-20.59;39.18;0.35;-21.06;39.18;0.59;26.47;17.84;-0.59;26.47;18.47;0.35;0.25;-12.39;56.06
1787986359357688,119463,0,255,93,-0.02,14.17,7.4,-20.59;39.18;0.35;-21.06;39.18;0.59;26.47;17.84;-0.59;26.47;18.47;0.35;0.25;-12.39;56.06
1787986359378280,119472,0,255,93,-0.02,14.17,7.4,-20.59;39.18;0.35;-21.06;39.18;0.59;26.47;17.84;-0.59;26.47;18.47;0.35;0.25;-12.39;56.06
1787986359398435,119481,0,255,93,-0.02,14.17,7.4,-20.59;39.18;0.35;-21.06;39.18;0.59;26.47;17.84;-0.59;26.47;18.47;0.35;0.25;-12.39;56.06
1787986359419328,119490,0,255,93,-0.02,14.17,7.4,-20.59;39.18;0.35;-21.06;39.18;0.59;26.47;17.84;-0.59;26.47;18.47;0.35;0.25;-12.39;56.06
1787986359438689,119499,0,255,93,-0.02,14.17,7.4,-20.59;39.18;0.35;-21.06;39.18;0.59;26.47;17.84;-0.59;26.47;18.47;0.35;0.25;-12.39;56.06
1787986359457598,119508,0,255,93,-0.02,14.17,7.4,-20.59;39.18;0.35;-21.06;39.18;0.59;26.47;17.84;-0.59;26.47;18.47;0.35;0.25;-12.39;56.06
1787986359484710,119517,0,255,93,-0.02,14.17,7.4,-20.59;39.18;0.35;-21.06;39.18;0.59;26.47;17.84;-0.59;26.47;18.47;0.35;0.25;-12.39;56.06
1787986359498945,119526,0,255,93,-0.02,14.17,7.4,-20.59;39.18;0.35;-21.06;39.18;0.59;26.47;17.84;-0.59;26.47;18.47;0.35;0.25;-12.39;56.06
1787986359517862,119535,0,255,93,-0.02,14.17,7.4,-20.59;39.18;0.35;-21.06;39.18;0.59;26.47;17.84;-0.59;26.47;18.47;0.35;0.25;-12.39;56.06
1787986359541779,119544,0,255,93,-0.02,14.17,7.4,-20.59;39.18;0.35;-21.06;39.18;0.59;26.47;17.84;-0.59;26.47;18.47;0.35;0.25;-12.39;56.06
1787986359557135,119553,0,255,93,-0.02,14.17,7.4,-20.59;39.18;0.35;-21.06;39.18;0.59;26.47;17.84;-0.59;26.47;18.47;0.35;0.25;-12.39;56.06
1787986359579037,119562,0,255,93,-0.02,14.17,7.4,-20.59;39.18;0.35;-21.06;39.18;0.59;26.47;17.84;-0.59;26.47;18.47;0.35;0.25;-12.39;56.06
1787986359597414,119571,0,255,93,-0.02,14.17,7.4,-20.59;39.18;0.35;-21.06;39.18;0.59;26.47;17.84;-0.59;26.47;18.47;0.35;0.25;-12.39;56.06
1787986359617052,119580,0,255,93,-0.02,14.17,7.4,-20.59;39.18;0.35;-21.06;39.18;0.59;26.47;17.84;-0.59;26.47;18.47;0.35;0.25;-12.39;56.06
1787986359642090,119589,0,255,93,-0.02,14.17,7.4,-20.59;39.18;0.35;-21.06;39.18;0.59;26.47;17.84;-0.59;26.47;18.47;0.35;0.25;-12.39;56.06
1787986359658579,119598,0,255,93,-0.02,14.17,7.4,-20.59;39.18;0.35;-21.06;39.18;0.59;26.47;17.84;-0.59;26.47;18.47;0.35;0.25;-12.39;56.06
1787986359676867,119607,0,255,93,-0.02,14.17,7.4,-20.59;39.18;0.35;-21.06;39.18;0.59;26.47;17.84;-0.59;26.47;18.47;0.35;0.25;-12.39;56.06
1787986359697507,119616,0,255,93,-0.02,14.17,7.4,-20.59;39.18;0.35;-21.06;39.18;0.59;26.47;17.84;-0.59;26.47;18.47;0.35;0.25;-12.39;56.06
1787986359716953,119625,0,255,93,-0.02,14.17,7.4,-20.59;39.18;0.35;-21.06;39.18;0.59;26.47;17.84;-0.59;26.47;18.47;0.35;0.25;-12.39;56.06
1787986359737210,119634,0,255,93,-0.02,14.17,7.4,-20.59;39.18;0.35;-21.06;39.18;0.59;26.47;17.84;-0.59;26.47;18.47;0.35;0.25;-12.39;56.06
1787986359757652,119643,0,255,93,-0.02,14.17,7.4,-20.59;39.18;0.35;-21.06;39.18;0.59;26.47;17.84;-0.59;26.47;18.47;0.35;0.25;-12.39;56.06
1787986359779189,119652,0,255,93,-0.02,14.17,7.4,-20.59;39.18;0.35;-21.06;39.18;0.59;26.47;17.84;-0.59;26.47;18.47;0.35;0.25;-12.39;56.06
1787986359798132,119661,0,255,93,-0.02,14.17,7.4,-20.59;39.18;0.35;-21.06;39.18;0.59;26.47;17.84;-0.59;26.47;18.47;0.35;0.25;-12.39;56.06
1787986359818748,119671,0,255,93,-0.02,14.17,7.4,-20.59;39.18;0.35;-21.06;39.18;0.59;26.47;17.84;-0.59;26.47;18.47;0.35;0.25;-12.39;56.06
1787986359837886,119680,0,255,93,-0.02,14.17,7.4,-20.59;39.18;0.35;-21.06;39.18;0.59;26.47;17.84;-0.59;26.47;18.47;0.35;0.25;-12.39;56.06
1787986359858110,119689,0,255,93,-0.03,14.02,7.23,-20.59;39.18;0.35;-21.06;39.18;0.59;26.47;17.84;-0.82;26.47;18.47;0.35;0.25;-12.39;56.06
1787986359877183,119698,0,255,93,-0.03,14.02,7.23,-20.59;39.18;0.35;-21.06;39.18;0.59;26.47;17.84;-0.82;26.47;18.47;0.35;0.25;-12.39;56.06
1787986359899318,119707,0,255,93,-0.03,14.02,7.23,-20.59;39.18;0.35;-21.06;39.18;0.59;26.47;17.84;-0.82;26.47;18.47;0.35;0.25;-12.39;56.06
1787986359916608,119716,0,255,93,-0.03,14.02,7.23,-20.59;39.18;0.35;-21.06;39.18;0.59;26.47;17.84;-0.82;26.47;18.47;0.35;0.25;-12.39;56.06
1787986359938109,119725,0,255,93,-0.03,14.02,7.23,-20.59;39.18;0.35;-21.06;39.18;0.59;26.47;17.84;-0.82;26.47;18.47;0.35;0.25;-12.39;56.06
1787986359956624,119734,0,255,93,-0.03,14.02,7.23,-20.59;39.18;0.35;-21.06;39.18;0.59;26.47;17.84;-0.82;26.47;18.47;0.35;0.25;-12.39;56.06
1787986359978340,119743,0,255,93,-0.03,14.02,7.23,-20.59;39.18;0.35;-21.06;39.18;0.59;26.47;17.84;-0.82;26.47;18.47;0.35;0.25;-12.39;56.06
1787986359998218,119752,0,255,93,-0.03,14.02,7.23,-20.59;39.18;0.35;-21.06;39.18;0.59;26.47;17.84;-0.82;26.47;18.47;0.35;0.25;-12.39;56.06
1787986360018473,119761,0,255,93,-0.03,14.02,7.23,-20.59;39.18;0.35;-21.06;39.18;0.59;26.47;17.84;-0.82;26.47;18.47;0.35;0.25;-12.39;56.06
1787986360037778,119770,0,255,93,-0.03,14.02,7.23,-20.59;39.18;0.35;-21.06;39.18;0.59;26.47;17.84;-0.82;26.47;18.47;0.35;0.25;-12.39;56.06
1787986360057197,119779,0,255,93,-0.03,14.02,7.23,-20.59;39.18;0.35;-21.06;39.18;0.59;26.47;17.84;-0.82;26.47;18.47;0.35;0.25;-12.39;56.06
1787986360076999,119788,0,255,93,-0.03,14.02,7.23,-20.59;39.18;0.35;-21.06;39.18;0.59;26.47;17.84;-0.82;26.47;18.47;0.35;0.25;-12.39;56.06
1787986360097783,119797,0,255,93,-0.03,14.02,7.23,-20.59;39.18;0.35;-21.06;39.18;0.59;26.47;17.84;-0.82;26.47;18.47;0.35;0.25;-12.39;56.06
1787986360118188,119806,0,255,93,-0.03,14.02,7.23,-20.59;39.18;0.35;-21.06;39.18;0.59;26.47;17.84;-0.82;26.47;18.47;0.35;0.25;-12.39;56.06
1787986360136763,119815,0,255,93,-0.03,14.02,7.23,-20.59;39.18;0.35;-21.06;39.18;0.59;26.47;17.84;-0.82;26.47;18.47;0.35;0.25;-12.39;56.06
1787986360157174,119824,0,255,93,-0.03,14.02,7.23,-20.59;39.18;0.35;-21.06;39.18;0.59;26.47;17.84;-0.82;26.47;18.47;0.35;0.25;-12.39;56.06
1787986360177826,119833,0,255,93,-0.03,14.02,7.23,-20.59;39.18;0.35;-21.06;39.18;0.59;26.47;17.84;-0.82;26.47;18.47;0.35;0.25;-12.39;56.06
1787986360197458,119842,0,255,93,-0.03,14.02,7.23,-20.59;39.18;0.35;-21.06;39.18;0.59;26.47;17.84;-0.82;26.47;18.47;0.35;0.25;-12.39;56.06
1787986360217505,119851,0,255,93,-0.03,14.02,7.23,-20.59;39.18;0.35;-21.06;39.18;0.59;26.47;17.84;-0.82;26.47;18.47;0.35;0.25;-12.39;56.06
1787986360236780,119860,0,255,93,-0.03,14.02,7.23,-20.59;39.18;0.35;-21.06;39.18;0.59;26.47;17.84;-0.82;26.47;18.47;0.35;0.25;-12.39;56.06
1787986360257160,119869,0,255,93,-0.03,14.02,7.23,-20.59;39.18;0.35;-21.06;39.18;0.59;26.47;17.84;-0.82;26.47;18.47;0.35;0.25;-12.39;56.06
1787986360277320,119878,0,255,93,-0.03,14.02,7.23,-20.59;39.18;0.35;-21.06;39.18;0.59;26.47;17.84;-0.82;26.47;18.47;0.35;0.25;-12.39;56.06
1787986360298743,119887,0,255,93,-0.03,14.02,7.23,-20.59;39.18;0.35;-21.06;39.18;0.59;26.47;17.84;-0.82;26.47;18.47;0.35;0.25;-12.39;56.06
1787986360318190,119896,0,255,93,-0.03,14.02,7.23,-20.59;39.18;0.35;-21.06;39.18;0.59;26.47;17.84;-0.82;26.47;18.47;0.35;0.25;-12.39;56.06
1787986360338184,119905,0,255,93,-0.03,14.02,7.23,-20.59;39.18;0.35;-21.06;39.18;0.59;26.47;17.84;-0.82;26.47;18.47;0.35;0.25;-12.39;56.06
1787986360358155,119914,0,255,93,-0.03,14.02,7.23,-20.59;39.18;0.35;-21.06;39.18;0.59;26.47;17.84;-0.82;26.47;18.47;0.35;0.25;-12.39;56.06
1787986360377732,119923,0,255,93,-0.03,14.02,7.23,-20.59;39.18;0.35;-21.06;39.18;0.59;26.47;17.84;-0.82;26.47;18.47;0.35;0.25;-12.39;56.06
1787986360397651,119932,0,255,93,-0.03,14.02,7.23,-20.59;39.18;0.35;-21.06;39.18;0.59;26.47;17.84;-0.82;26.47;18.47;0.35;0.25;-12.39;56.06
1787986360417435,119941,0,255,93,-0.03,14.02,7.23,-20.59;39.18;0.35;-21.06;39.18;0.59;26.47;17.84;-0.82;26.47;18.47;0.35;0.25;-12.39;56.06
1787986360438280,119950,0,255,93,-0.03,14.02,7.23,-20.59;39.18;0.35;-21.06;39.18;0.59;26.47;17.84;-0.82;26.47;18.47;0.35;0.25;-12.39;56.06
1787986360457032,119959,0,255,93,-0.03,14.02,7.23,-20.59;39.18;0.35;-21.06;39.18;0.59;26.47;17.84;-0.82;26.47;18.47;0.35;0.25;-12.39;56.06
1787986360478247,119968,0,255,93,-0.03,14.02,7.23,-20.59;39.18;0.35;-21.06;39.18;0.59;26.47;17.84;-0.82;26.47;18.47;0.35;0.25;-12.39;56.06
1787986360497295,119977,0,255,93,-0.03,14.02,7.23,-20.59;39.18;0.35;-21.06;39.18;0.59;26.47;17.84;-0.82;26.47;18.47;0.35;0.25;-12.39;56.06
1787986360522365,119986,0,255,93,-0.03,14.02,7.23,-20.59;39.18;0.35;-21.06;39.18;0.59;26.47;17.84;-0.82;26.47;18.47;0.35;0.25;-12.39;56.06
1787986360537821,119995,0,255,93,-0.03,14.02,7.23,-20.59;39.18;0.35;-21.06;39.18;0.59;26.47;17.84;-0.82;26.47;18.47;0.35;0.25;-12.39;56.06
1787986360556408,120004,0,255,93,-0.03,14.02,7.23,-20.59;39.18;0.35;-21.06;39.18;0.59;26.47;17.84;-0.82;26.47;18.47;0.35;0.25;-12.39;56.06
1787986360578932,120013,0,255,93,-0.03,14.02,7.23,-20.59;39.18;0.35;-21.06;39.18;0.59;26.47;17.84;-0.82;26.47;18.47;0.35;0.25;-12.39;56.06
1787986360597963,120022,0,255,93,-0.03,14.02,7.23,-20.59;39.18;0.35;-21.06;39.18;0.59;26.47;17.84;-0.82;26.47;18.47;0.35;0.25;-12.39;56.06
1787986360616982,120031,0,255,93,-0.03,14.02,7.23,-20.59;39.18;0.35;-21.06;39.18;0.59;26.47;17.84;-0.82;26.47;18.47;0.35;0.25;-12.39;56.06
1787986360636888,120040,0,255,93,-0.03,14.02,7.23,-20.59;39.18;0.35;-21.06;39.18;0.59;26.47;17.84;-0.82;26.47;18.47;0.35;0.25;-12.39;56.06
1787986360658161,120049,0,255,93,-0.03,14.02,7.23,-20.59;39.18;0.35;-21.06;39.18;0.59;26.47;17.84;-0.82;26.47;18.47;0.35;0.25;-12.39;56.06
1787986360678701,120058,0,255,93,-0.03,14.02,7.23,-20.59;39.18;0.35;-21.06;39.18;0.59;26.47;17.84;-0.82;26.47;18.47;0.35;0.25;-12.39;56.06
1787986360697244,120067,0,255,93,-0.03,14.02,7.23,-20.59;39.18;0.35;-21.06;39.18;0.59;26.47;17.84;-0.82;26.47;18.47;0.35;0.25;-12.39;56.06
1787986360716525,120076,0,255,93,-0.03,14.02,7.23,-20.59;39.18;0.35;-21.06;39.18;0.59;26.47;17.84;-0.82;26.47;18.47;0.35;0.25;-12.39;56.06
1787986360736861,120085,0,255,93,-0.03,14.02,7.23,-20.59;39.18;0.35;-21.06;39.18;0.59;26.47;17.84;-0.82;26.47;18.47;0.35;0.25;-12.39;56.06
1787986360757207,120094,0,255,93,-0.03,14.02,7.23,-20.59;39.18;0.35;-21.06;39.18;0.59;26.47;17.84;-0.82;26.47;18.47;0.35;0.25;-12.39;56.06
1787986360777646,120103,0,255,93,-0.03,14.02,7.23,-20.59;39.18;0.35;-21.06;39.18;0.59;26.47;17.84;-0.82;26.47;18.47;0.35;0.25;-12.39;56.06
1787986360798759,120112,0,255,93,-0.03,14.02,7.23,-20.59;39.18;0.35;-21.06;39.18;0.59;26.47;17.84;-0.82;26.47;18.47;0.35;0.25;-12.39;56.06
1787986360818732,120122,0,255,93,-0.03,14.02,7.23,-20.59;39.18;0.35;-21.06;39.18;0.59;26.47;17.84;-0.82;26.47;18.47;0.35;0.25;-12.39;56.06
1787986360841323,120131,0,255,93,-0.03,14.02,7.23,-20.59;39.18;0.35;-21.06;39.18;0.59;26.47;17.84;-0.82;26.47;18.47;0.35;0.25;-12.39;56.06
1787986360860546,120140,0,255,93,-0.73,14.38,5.62,-20.59;40.43;3.41;-22.47;38.55;-2.71;27.41;16.59;-0.82;26.47;18.47;0.12;-0.76;-12.39;56.06
1787986360877607,120149,0,255,93,-0.73,14.38,5.62,-20.59;40.43;3.41;-22.47;38.55;-2.71;27.41;16.59;-0.82;26.47;18.47;0.12;-0.76;-12.39;56.06
1787986360897739,120158,0,255,93,-0.73,14.38,5.62,-20.59;40.43;3.41;-22.47;38.55;-2.71;27.41;16.59;-0.82;26.47;18.47;0.12;-0.76;-12.39;56.06
1787986360917454,120167,0,255,93,-0.73,14.38,5.62,-20.59;40.43;3.41;-22.47;38.55;-2.71;27.41;16.59;-0.82;26.47;18.47;0.12;-0.76;-12.39;56.06
1787986360937329,120176,0,255,93,-0.73,14.38,5.62,-20.59;40.43;3.41;-22.47;38.55;-2.71;27.41;16.59;-0.82;26.47;18.47;0.12;-0.76;-12.39;56.06
1787986360957534,120185,0,255,93,-0.73,14.38,5.62,-20.59;40.43;3.41;-22.47;38.55;-2.71;27.41;16.59;-0.82;26.47;18.47;0.12;-0.76;-12.39;56.06
1787986360978997,120194,0,255,93,-0.73,14.38,5.62,-20.59;40.43;3.41;-22.47;38.55;-2.71;27.41;16.59;-0.82;26.47;18.47;0.12;-0.76;-12.39;56.06
1787986360996748,120203,0,255,93,-0.73,14.38,5.62,-20.59;40.43;3.41;-22.47;38.55;-2.71;27.41;16.59;-0.82;26.47;18.47;0.12;-0.76;-12.39;56.06
1787986361018846,120212,0,255,93,-0.73,14.38,5.62,-20.59;40.43;3.41;-22.47;38.55;-2.71;27.41;16.59;-0.82;26.47;18.47;0.12;-0.76;-12.39;56.06
1787986361037728,120221,0,255,93,-0.73,14.38,5.62,-20.59;40.43;3.41;-22.47;38.55;-2.71;27.41;16.59;-0.82;26.47;18.47;0.12;-0.76;-12.39;56.06
1787986361056545,120230,0,255,93,-0.73,14.38,5.62,-20.59;40.43;3.41;-22.47;38.55;-2.71;27.41;16.59;-0.82;26.47;18.47;0.12;-0.76;-12.39;56.06
1787986361079213,120239,0,255,93,-0.73,14.38,5.62,-20.59;40.43;3.41;-22.47;38.55;-2.71;27.41;16.59;-0.82;26.47;18.47;0.12;-0.76;-12.39;56.06
1787986361097014,120248,0,255,93,-0.73,14.38,5.62,-20.59;40.43;3.41;-22.47;38.55;-2.71;27.41;16.59;-0.82;26.47;18.47;0.12;-0.76;-12.39;56.06
1787986361117439,120257,0,255,93,-0.73,14.38,5.62,-20.59;40.43;3.41;-22.47;38.55;-2.71;27.41;16.59;-0.82;26.47;18.47;0.12;-0.76;-12.39;56.06
1787986361137602,120266,0,255,93,-0.73,14.38,5.62,-20.59;40.43;3.41;-22.47;38.55;-2.71;27.41;16.59;-0.82;26.47;18.47;0.12;-0.76;-12.39;56.06
1787986361156461,120275,0,255,93,-0.73,14.38,5.62,-20.59;40.43;3.41;-22.47;38.55;-2.71;27.41;16.59;-0.82;26.47;18.47;0.12;-0.76;-12.39;56.06
1787986361178194,120284,0,255,93,-0.73,14.38,5.62,-20.59;40.43;3.41;-22.47;38.55;-2.71;27.41;16.59;-0.82;26.47;18.47;0.12;-0.76;-12.39;56.06
1787986361196835,120293,0,255,93,-0.73,14.38,5.62,-20.59;40.43;3.41;-22.47;38.55;-2.71;27.41;16.59;-0.82;26.47;18.47;0.12;-0.76;-12.39;56.06
1787986361216021,120302,0,255,93,-0.73,14.38,5.62,-20.59;40.43;3.41;-22.47;38.55;-2.71;27.41;16.59;-0.82;26.47;18.47;0.12;-0.76;-12.39;56.06
1787986361238496,120311,0,255,93,-0.73,14.38,5.62,-20.59;40.43;3.41;-22.47;38.55;-2.71;27.41;16.59;-0.82;26.47;18.47;0.12;-0.76;-12.39;56.06
1787986361257298,120320,0,255,93,-0.73,14.38,5.62,-20.59;40.43;3.41;-22.47;38.55;-2.71;27.41;16.59;-0.82;26.47;18.47;0.12;-0.76;-12.39;56.06
1787986361279271,120329,0,255,93,-0.73,14.38,5.62,-20.59;40.43;3.41;-22.47;38.55;-2.71;27.41;16.59;-0.82;26.47;18.47;0.12;-0.76;-12.39;56.06
1787986361297106,120338,0,255,93,-0.73,14.38,5.62,-20.59;40.43;3.41;-22.47;38.55;-2.71;27.41;16.59;-0.82;26.47;18.47;0.12;-0.76;-12.39;56.06
1787986361318049,120347,0,255,93,-0.73,14.38,5.62,-20.59;40.43;3.41;-22.47;38.55;-2.71;27.41;16.59;-0.82;26.47;18.47;0.12;-0.76;-12.39;56.06
1787986361338830,120356,0,255,93,-0.73,14.38,5.62,-20.59;40.43;3.41;-22.47;38.55;-2.71;27.41;16.59;-0.82;26.47;18.47;0.12;-0.76;-12.39;56.06
1787986361357686,120365,0,255,93,-0.73,14.38,5.62,-20.59;40.43;3.41;-22.47;38.55;-2.71;27.41;16.59;-0.82;26.47;18.47;0.12;-0.76;-12.39;56.06
1787986361376782,120374,0,255,93,-0.73,14.38,5.62,-20.59;40.43;3.41;-22.47;38.55;-2.71;27.41;16.59;-0.82;26.47;18.47;0.12;-0.76;-12.39;56.06
1787986361398007,120383,0,255,93,-0.73,14.38,5.62,-20.59;40.43;3.41;-22.47;38.55;-2.71;27.41;16.59;-0.82;26.47;18.47;0.12;-0.76;-12.39;56.06
1787986361417876,120392,0,255,93,-0.73,14.38,5.62,-20.59;40.43;3.41;-22.47;38.55;-2.71;27.41;16.59;-0.82;26.47;18.47;0.12;-0.76;-12.39;56.06
1787986361437216,120401,0,255,93,-0.73,14.38,5.62,-20.59;40.43;3.41;-22.47;38.55;-2.71;27.41;16.59;-0.82;26.47;18.47;0.12;-0.76;-12.39;56.06
1787986361459095,120410,0,255,93,-0.73,14.38,5.62,-20.59;40.43;3.41;-22.47;38.55;-2.71;27.41;16.59;-0.82;26.47;18.47;0.12;-0.76;-12.39;56.06
1787986361477416,120419,0,255,93,-0.73,14.38,5.62,-20.59;40.43;3.41;-22.47;38.55;-2.71;27.41;16.59;-0.82;26.47;18.47;0.12;-0.76;-12.39;56.06
1787986361498748,120428,0,255,93,-0.73,14.38,5.62,-20.59;40.43;3.41;-22.47;38.55;-2.71;27.41;16.59;-0.82;26.47;18.47;0.12;-0.76;-12.39;56.06
1787986361521333,120437,0,255,93,-0.73,14.38,5.62,-20.59;40.43;3.41;-22.47;38.55;-2.71;27.41;16.59;-0.82;26.47;18.47;0.12;-0.76;-12.39;56.06
1787986361538339,120446,0,255,93,-0.73,14.38,5.62,-20.59;40.43;3.41;-22.47;38.55;-2.71;27.41;16.59;-0.82;26.47;18.47;0.12;-0.76;-12.39;56.06
1787986361557787,120455,0,255,93,-0.73,14.38,5.62,-20.59;40.43;3.41;-22.47;38.55;-2.71;27.41;16.59;-0.82;26.47;18.47;0.12;-0.76;-12.39;56.06
1787986361576712,120464,0,255,93,-0.73,14.38,5.62,-20.59;40.43;3.41;-22.47;38.55;-2.71;27.41;16.59;-0.82;26.47;18.47;0.12;-0.76;-12.39;56.06
1787986361596935,120473,0,255,93,-0.73,14.38,5.62,-20.59;40.43;3.41;-22.47;38.55;-2.71;27.41;16.59;-0.82;26.47;18.47;0.12;-0.76;-12.39;56.06
1787986361617535,120482,0,255,93,-0.73,14.38,5.62,-20.59;40.43;3.41;-22.47;38.55;-2.71;27.41;16.59;-0.82;26.47;18.47;0.12;-0.76;-12.39;56.06
1787986361636878,120491,0,255,93,-0.73,14.38,5.62,-20.59;40.43;3.41;-22.47;38.55;-2.71;27.41;16.59;-0.82;26.47;18.47;0.12;-0.76;-12.39;56.06
1787986361656782,120500,0,255,93,-0.73,14.38,5.62,-20.59;40.43;3.41;-22.47;38.55;-2.71;27.41;16.59;-0.82;26.47;18.47;0.12;-0.76;-12.39;56.06
1787986361678234,120509,0,255,93,-0.73,14.38,5.62,-20.59;40.43;3.41;-22.47;38.55;-2.71;27.41;16.59;-0.82;26.47;18.47;0.12;-0.76;-12.39;56.06
1787986361697083,120518,0,255,93,-0.73,14.38,5.62,-20.59;40.43;3.41;-22.47;38.55;-2.71;27.41;16.59;-0.82;26.47;18.47;0.12;-0.76;-12.39;56.06
1787986361716880,120527,0,255,93,-0.73,14.38,5.62,-20.59;40.43;3.41;-22.47;38.55;-2.71;27.41;16.59;-0.82;26.47;18.47;0.12;-0.76;-12.39;56.06
1787986361737277,120536,0,255,93,-0.73,14.38,5.62,-20.59;40.43;3.41;-22.47;38.55;-2.71;27.41;16.59;-0.82;26.47;18.47;0.12;-0.76;-12.39;56.06
1787986361756584,120545,0,255,93,-0.73,14.38,5.62,-20.59;40.43;3.41;-22.47;38.55;-2.71;27.41;16.59;-0.82;26.47;18.47;0.12;-0.76;-12.39;56.06
1787986361778953,120554,0,255,93,-0.73,14.38,5.62,-20.59;40.43;3.41;-22.47;38.55;-2.71;27.41;16.59;-0.82;26.47;18.47;0.12;-0.76;-12.39;56.06
1787986361797071,120563,0,255,93,-0.73,14.38,5.62,-20.59;40.43;3.41;-22.47;38.55;-2.71;27.41;16.59;-0.82;26.47;18.47;0.12;-0.76;-12.39;56.06
1787986361817475,120573,0,255,93,-0.73,14.38,5.62,-20.59;40.43;3.41;-22.47;38.55;-2.71;27.41;16.59;-0.82;26.47;18.47;0.12;-0.76;-12.39;56.06
1787986361838067,120582,0,255,94,2.16,14.73,10.85,-22;38.55;-2.94;-21.06;41.06;4.35;26.94;19.1;-0.59;27.41;16.59;0.35;-0.76;-12.39;56.06
1787986361861042,120591,0,255,94,2.16,14.73,10.85,-22;38.55;-2.94;-21.06;41.06;4.35;26.94;19.1;-0.59;27.41;16.59;0.35;-0.76;-12.39;56.06
1787986361878265,120600,0,255,94,2.16,14.73,10.85,-22;38.55;-2.94;-21.06;41.06;4.35;26.94;19.1;-0.59;27.41;16.59;0.35;-0.76;-12.39;56.06
1787986361899187,120609,0,255,94,2.16,14.73,10.85,-22;38.55;-2.94;-21.06;41.06;4.35;26.94;19.1;-0.59;27.41;16.59;0.35;-0.76;-12.39;56.06
1787986361916812,120618,0,255,94,2.16,14.73,10.85,-22;38.55;-2.94;-21.06;41.06;4.35;26.94;19.1;-0.59;27.41;16.59;0.35;-0.76;-12.39;56.06
1787986361938245,120627,0,255,94,2.16,14.73,10.85,-22;38.55;-2.94;-21.06;41.06;4.35;26.94;19.1;-0.59;27.41;16.59;0.35;-0.76;-12.39;56.06
1787986361957781,120636,0,255,94,2.16,14.73,10.85,-22;38.55;-2.94;-21.06;41.06;4.35;26.94;19.1;-0.59;27.41;16.59;0.35;-0.76;-12.39;56.06
1787986361977771,120645,0,255,94,2.16,14.73,10.85,-22;38.55;-2.94;-21.06;41.06;4.35;26.94;19.1;-0.59;27.41;16.59;0.35;-0.76;-12.39;56.06
1787986361997334,120654,0,255,94,2.16,14.73,10.85,-22;38.55;-2.94;-21.06;41.06;4.35;26.94;19.1;-0.59;27.41;16.59;0.35;-0.76;-12.39;56.06
1787986362018421,120663,0,255,94,2.16,14.73,10.85,-22;38.55;-2.94;-21.06;41.06;4.35;26.94;19.1;-0.59;27.41;16.59;0.35;-0.76;-12.39;56.06
1787986362036471,120672,0,255,94,2.16,14.73,10.85,-22;38.55;-2.94;-21.06;41.06;4.35;26.94;19.1;-0.59;27.41;16.59;0.35;-0.76;-12.39;56.06
1787986362058301,120681,0,255,94,2.16,14.73,10.85,-22;38.55;-2.94;-21.06;41.06;4.35;26.94;19.1;-0.59;27.41;16.59;0.35;-0.76;-12.39;56.06
1787986362077944,120690,0,255,94,2.16,14.73,10.85,-22;38.55;-2.94;-21.06;41.06;4.35;26.94;19.1;-0.59;27.41;16.59;0.35;-0.76;-12.39;56.06
1787986362098021,120699,0,255,94,2.16,14.73,10.85,-22;38.55;-2.94;-21.06;41.06;4.35;26.94;19.1;-0.59;27.41;16.59;0.35;-0.76;-12.39;56.06
1787986362120457,120708,0,255,94,2.16,14.73,10.85,-22;38.55;-2.94;-21.06;41.06;4.35;26.94;19.1;-0.59;27.41;16.59;0.35;-0.76;-12.39;56.06
1787986362137109,120717,0,255,94,2.16,14.73,10.85,-22;38.55;-2.94;-21.06;41.06;4.35;26.94;19.1;-0.59;27.41;16.59;0.35;-0.76;-12.39;56.06
1787986362157576,120726,0,255,94,2.16,14.73,10.85,-22;38.55;-2.94;-21.06;41.06;4.35;26.94;19.1;-0.59;27.41;16.59;0.35;-0.76;-12.39;56.06
1787986362177755,120735,0,255,94,2.16,14.73,10.85,-22;38.55;-2.94;-21.06;41.06;4.35;26.94;19.1;-0.59;27.41;16.59;0.35;-0.76;-12.39;56.06
1787986362197895,120744,0,255,94,2.16,14.73,10.85,-22;38.55;-2.94;-21.06;41.06;4.35;26.94;19.1;-0.59;27.41;16.59;0.35;-0.76;-12.39;56.06
1787986362215981,120753,0,255,94,2.16,14.73,10.85,-22;38.55;-2.94;-21.06;41.06;4.35;26.94;19.1;-0.59;27.41;16.59;0.35;-0.76;-12.39;56.06
1787986362237030,120762,0,255,94,2.16,14.73,10.85,-22;38.55;-2.94;-21.06;41.06;4.35;26.94;19.1;-0.59;27.41;16.59;0.35;-0.76;-12.39;56.06
1787986362257528,120771,0,255,94,2.16,14.73,10.85,-22;38.55;-2.94;-21.06;41.06;4.35;26.94;19.1;-0.59;27.41;16.59;0.35;-0.76;-12.39;56.06
1787986362278091,120780,0,255,94,2.16,14.73,10.85,-22;38.55;-2.94;-21.06;41.06;4.35;26.94;19.1;-0.59;27.41;16.59;0.35;-0.76;-12.39;56.06
1787986362297931,120789,0,255,94,2.16,14.73,10.85,-22;38.55;-2.94;-21.06;41.06;4.35;26.94;19.1;-0.59;27.41;16.59;0.35;-0.76;-12.39;56.06
1787986362316601,120798,0,255,94,2.16,14.73,10.85,-22;38.55;-2.94;-21.06;41.06;4.35;26.94;19.1;-0.59;27.41;16.59;0.35;-0.76;-12.39;56.06
1787986362342188,120807,0,255,94,2.16,14.73,10.85,-22;38.55;-2.94;-21.06;41.06;4.35;26.94;19.1;-0.59;27.41;16.59;0.35;-0.76;-12.39;56.06
1787986362358644,120816,0,255,94,2.16,14.73,10.85,-22;38.55;-2.94;-21.06;41.06;4.35;26.94;19.1;-0.59;27.41;16.59;0.35;-0.76;-12.39;56.06
1787986362376828,120825,0,255,94,2.16,14.73,10.85,-22;38.55;-2.94;-21.06;41.06;4.35;26.94;19.1;-0.59;27.41;16.59;0.35;-0.76;-12.39;56.06
1787986362399752,120834,0,255,94,2.16,14.73,10.85,-22;38.55;-2.94;-21.06;41.06;4.35;26.94;19.1;-0.59;27.41;16.59;0.35;-0.76;-12.39;56.06
1787986362417532,120843,0,255,94,2.16,14.73,10.85,-22;38.55;-2.94;-21.06;41.06;4.35;26.94;19.1;-0.59;27.41;16.59;0.35;-0.76;-12.39;56.06
1787986362436419,120852,0,255,94,2.16,14.73,10.85,-22;38.55;-2.94;-21.06;41.06;4.35;26.94;19.1;-0.59;27.41;16.59;0.35;-0.76;-12.39;56.06
1787986362457043,120861,0,255,94,2.16,14.73,10.85,-22;38.55;-2.94;-21.06;41.06;4.35;26.94;19.1;-0.59;27.41;16.59;0.35;-0.76;-12.39;56.06
1787986362477062,120870,0,255,94,2.16,14.73,10.85,-22;38.55;-2.94;-21.06;41.06;4.35;26.94;19.1;-0.59;27.41;16.59;0.35;-0.76;-12.39;56.06
1787986362499117,120879,0,255,94,2.16,14.73,10.85,-22;38.55;-2.94;-21.06;41.06;4.35;26.94;19.1;-0.59;27.41;16.59;0.35;-0.76;-12.39;56.06
1787986362516923,120888,0,255,94,2.16,14.73,10.85,-22;38.55;-2.94;-21.06;41.06;4.35;26.94;19.1;-0.59;27.41;16.59;0.35;-0.76;-12.39;56.06
1787986362536974,120897,0,255,94,2.16,14.73,10.85,-22;38.55;-2.94;-21.06;41.06;4.35;26.94;19.1;-0.59;27.41;16.59;0.35;-0.76;-12.39;56.06
1787986362560058,120906,0,255,94,2.16,14.73,10.85,-22;38.55;-2.94;-21.06;41.06;4.35;26.94;19.1;-0.59;27.41;16.59;0.35;-0.76;-12.39;56.06
1787986362577855,120915,0,255,94,2.16,14.73,10.85,-22;38.55;-2.94;-21.06;41.06;4.35;26.94;19.1;-0.59;27.41;16.59;0.35;-0.76;-12.39;56.06
1787986362596802,120924,0,255,94,2.16,14.73,10.85,-22;38.55;-2.94;-21.06;41.06;4.35;26.94;19.1;-0.59;27.41;16.59;0.35;-0.76;-12.39;56.06
1787986362618234,120933,0,255,94,2.16,14.73,10.85,-22;38.55;-2.94;-21.06;41.06;4.35;26.94;19.1;-0.59;27.41;16.59;0.35;-0.76;-12.39;56.06
1787986362637393,120942,0,255,94,2.16,14.73,10.85,-22;38.55;-2.94;-21.06;41.06;4.35;26.94;19.1;-0.59;27.41;16.59;0.35;-0.76;-12.39;56.06
1787986362658219,120951,0,255,94,2.16,14.73,10.85,-22;38.55;-2.94;-21.06;41.06;4.35;26.94;19.1;-0.59;27.41;16.59;0.35;-0.76;-12.39;56.06
1787986362677188,120960,0,255,94,2.16,14.73,10.85,-22;38.55;-2.94;-21.06;41.06;4.35;26.94;19.1;-0.59;27.41;16.59;0.35;-0.76;-12.39;56.06
1787986362697686,120969,0,255,94,2.16,14.73,10.85,-22;38.55;-2.94;-21.06;41.06;4.35;26.94;19.1;-0.59;27.41;16.59;0.35;-0.76;-12.39;56.06
1787986362724670,120978,0,255,94,2.16,14.73,10.85,-22;38.55;-2.94;-21.06;41.06;4.35;26.94;19.1;-0.59;27.41;16.59;0.35;-0.76;-12.39;56.06
1787986362738060,120987,0,255,94,2.16,14.73,10.85,-22;38.55;-2.94;-21.06;41.06;4.35;26.94;19.1;-0.59;27.41;16.59;0.35;-0.76;-12.39;56.06
1787986362757155,120996,0,255,94,2.16,14.73,10.85,-22;38.55;-2.94;-21.06;41.06;4.35;26.94;19.1;-0.59;27.41;16.59;0.35;-0.76;-12.39;56.06
1787986362779297,121005,0,255,94,2.16,14.73,10.85,-22;38.55;-2.94;-21.06;41.06;4.35;26.94;19.1;-0.59;27.41;16.59;0.35;-0.76;-12.39;56.06
1787986362797174,121014,0,255,94,2.16,14.73,10.85,-22;38.55;-2.94;-21.06;41.06;4.35;26.94;19.1;-0.59;27.41;16.59;0.35;-0.76;-12.39;56.06
1787986362816980,121024,0,255,94,2.16,14.73,10.85,-22;38.55;-2.94;-21.06;41.06;4.35;26.94;19.1;-0.59;27.41;16.59;0.35;-0.76;-12.39;56.06
1787986362838309,121033,0,255,94,2.16,14.73,10.85,-22;38.55;-2.94;-21.06;41.06;4.35;26.94;19.1;-0.59;27.41;16.59;0.35;-0.76;-12.39;56.06
1787986362858246,121042,0,255,94,0.31,14.12,16.91,-24.82;37.92;-10.47;-17.29;42.94;9.06;26;21.61;-2.47;29.29;12.82;1.76;-0.25;-12.39;56.06
1787986362877957,121051,0,255,94,0.31,14.12,16.91,-24.82;37.92;-10.47;-17.29;42.94;9.06;26;21.61;-2.47;29.29;12.82;1.76;-0.25;-12.39;56.06
1787986362897951,121060,0,255,94,0.31,14.12,16.91,-24.82;37.92;-10.47;-17.29;42.94;9.06;26;21.61;-2.47;29.29;12.82;1.76;-0.25;-12.39;56.06
1787986362918160,121069,0,255,94,0.31,14.12,16.91,-24.82;37.92;-10.47;-17.29;42.94;9.06;26;21.61;-2.47;29.29;12.82;1.76;-0.25;-12.39;56.06
1787986362937793,121078,0,255,94,0.31,14.12,16.91,-24.82;37.92;-10.47;-17.29;42.94;9.06;26;21.61;-2.47;29.29;12.82;1.76;-0.25;-12.39;56.06
1787986362957500,121087,0,255,94,0.31,14.12,16.91,-24.82;37.92;-10.47;-17.29;42.94;9.06;26;21.61;-2.47;29.29;12.82;1.76;-0.25;-12.39;56.06
1787986362976866,121096,0,255,94,0.31,14.12,16.91,-24.82;37.92;-10.47;-17.29;42.94;9.06;26;21.61;-2.47;29.29;12.82;1.76;-0.25;-12.39;56.06
1787986362998505,121105,0,255,94,0.31,14.12,16.91,-24.82;37.92;-10.47;-17.29;42.94;9.06;26;21.61;-2.47;29.29;12.82;1.76;-0.25;-12.39;56.06
1787986363016961,121114,0,255,94,0.31,14.12,16.91,-24.82;37.92;-10.47;-17.29;42.94;9.06;26;21.61;-2.47;29.29;12.82;1.76;-0.25;-12.39;56.06
1787986363037354,121123,0,255,94,0.31,14.12,16.91,-24.82;37.92;-10.47;-17.29;42.94;9.06;26;21.61;-2.47;29.29;12.82;1.76;-0.25;-12.39;56.06
1787986363056838,121132,0,255,94,0.31,14.12,16.91,-24.82;37.92;-10.47;-17.29;42.94;9.06;26;21.61;-2.47;29.29;12.82;1.76;-0.25;-12.39;56.06
1787986363077298,121141,0,255,94,0.31,14.12,16.91,-24.82;37.92;-10.47;-17.29;42.94;9.06;26;21.61;-2.47;29.29;12.82;1.76;-0.25;-12.39;56.06
1787986363097288,121150,0,255,94,0.31,14.12,16.91,-24.82;37.92;-10.47;-17.29;42.94;9.06;26;21.61;-2.47;29.29;12.82;1.76;-0.25;-12.39;56.06
1787986363116844,121159,0,255,94,0.31,14.12,16.91,-24.82;37.92;-10.47;-17.29;42.94;9.06;26;21.61;-2.47;29.29;12.82;1.76;-0.25;-12.39;56.06
1787986363136915,121168,0,255,94,0.31,14.12,16.91,-24.82;37.92;-10.47;-17.29;42.94;9.06;26;21.61;-2.47;29.29;12.82;1.76;-0.25;-12.39;56.06
1787986363158518,121177,0,255,94,0.31,14.12,16.91,-24.82;37.92;-10.47;-17.29;42.94;9.06;26;21.61;-2.47;29.29;12.82;1.76;-0.25;-12.39;56.06
1787986363176714,121186,0,255,94,0.31,14.12,16.91,-24.82;37.92;-10.47;-17.29;42.94;9.06;26;21.61;-2.47;29.29;12.82;1.76;-0.25;-12.39;56.06
1787986363197051,121195,0,255,94,0.31,14.12,16.91,-24.82;37.92;-10.47;-17.29;42.94;9.06;26;21.61;-2.47;29.29;12.82;1.76;-0.25;-12.39;56.06
1787986363218588,121204,0,255,94,0.31,14.12,16.91,-24.82;37.92;-10.47;-17.29;42.94;9.06;26;21.61;-2.47;29.29;12.82;1.76;-0.25;-12.39;56.06
1787986363236886,121213,0,255,94,0.31,14.12,16.91,-24.82;37.92;-10.47;-17.29;42.94;9.06;26;21.61;-2.47;29.29;12.82;1.76;-0.25;-12.39;56.06
1787986363258580,121222,0,255,94,0.31,14.12,16.91,-24.82;37.92;-10.47;-17.29;42.94;9.06;26;21.61;-2.47;29.29;12.82;1.76;-0.25;-12.39;56.06
1787986363276555,121231,0,255,94,0.31,14.12,16.91,-24.82;37.92;-10.47;-17.29;42.94;9.06;26;21.61;-2.47;29.29;12.82;1.76;-0.25;-12.39;56.06
1787986363298058,121240,0,255,94,0.31,14.12,16.91,-24.82;37.92;-10.47;-17.29;42.94;9.06;26;21.61;-2.47;29.29;12.82;1.76;-0.25;-12.39;56.06
1787986363317293,121249,0,255,94,0.31,14.12,16.91,-24.82;37.92;-10.47;-17.29;42.94;9.06;26;21.61;-2.47;29.29;12.82;1.76;-0.25;-12.39;56.06
1787986363337956,121258,0,255,94,0.31,14.12,16.91,-24.82;37.92;-10.47;-17.29;42.94;9.06;26;21.61;-2.47;29.29;12.82;1.76;-0.25;-12.39;56.06
1787986363356848,121267,0,255,94,0.31,14.12,16.91,-24.82;37.92;-10.47;-17.29;42.94;9.06;26;21.61;-2.47;29.29;12.82;1.76;-0.25;-12.39;56.06
1787986363378319,121276,0,255,94,0.31,14.12,16.91,-24.82;37.92;-10.47;-17.29;42.94;9.06;26;21.61;-2.47;29.29;12.82;1.76;-0.25;-12.39;56.06
1787986363398315,121285,0,255,94,0.31,14.12,16.91,-24.82;37.92;-10.47;-17.29;42.94;9.06;26;21.61;-2.47;29.29;12.82;1.76;-0.25;-12.39;56.06
1787986363416362,121294,0,255,94,0.31,14.12,16.91,-24.82;37.92;-10.47;-17.29;42.94;9.06;26;21.61;-2.47;29.29;12.82;1.76;-0.25;-12.39;56.06
1787986363438195,121303,0,255,94,0.31,14.12,16.91,-24.82;37.92;-10.47;-17.29;42.94;9.06;26;21.61;-2.47;29.29;12.82;1.76;-0.25;-12.39;56.06
1787986363457172,121312,0,255,94,0.31,14.12,16.91,-24.82;37.92;-10.47;-17.29;42.94;9.06;26;21.61;-2.47;29.29;12.82;1.76;-0.25;-12.39;56.06
1787986363477225,121321,0,255,94,0.31,14.12,16.91,-24.82;37.92;-10.47;-17.29;42.94;9.06;26;21.61;-2.47;29.29;12.82;1.76;-0.25;-12.39;56.06
1787986363499916,121330,0,255,94,0.31,14.12,16.91,-24.82;37.92;-10.47;-17.29;42.94;9.06;26;21.61;-2.47;29.29;12.82;1.76;-0.25;-12.39;56.06
1787986363517121,121339,0,255,94,0.31,14.12,16.91,-24.82;37.92;-10.47;-17.29;42.94;9.06;26;21.61;-2.47;29.29;12.82;1.76;-0.25;-12.39;56.06
1787986363537911,121348,0,255,94,0.31,14.12,16.91,-24.82;37.92;-10.47;-17.29;42.94;9.06;26;21.61;-2.47;29.29;12.82;1.76;-0.25;-12.39;56.06
1787986363557652,121357,0,255,94,0.31,14.12,16.91,-24.82;37.92;-10.47;-17.29;42.94;9.06;26;21.61;-2.47;29.29;12.82;1.76;-0.25;-12.39;56.06
1787986363578082,121366,0,255,94,0.31,14.12,16.91,-24.82;37.92;-10.47;-17.29;42.94;9.06;26;21.61;-2.47;29.29;12.82;1.76;-0.25;-12.39;56.06
1787986363596863,121375,0,255,94,0.31,14.12,16.91,-24.82;37.92;-10.47;-17.29;42.94;9.06;26;21.61;-2.47;29.29;12.82;1.76;-0.25;-12.39;56.06
1787986363617258,121384,0,255,94,0.31,14.12,16.91,-24.82;37.92;-10.47;-17.29;42.94;9.06;26;21.61;-2.47;29.29;12.82;1.76;-0.25;-12.39;56.06
1787986363637442,121393,0,255,94,0.31,14.12,16.91,-24.82;37.92;-10.47;-17.29;42.94;9.06;26;21.61;-2.47;29.29;12.82;1.76;-0.25;-12.39;56.06
1787986363661303,121402,0,255,94,0.31,14.12,16.91,-24.82;37.92;-10.47;-17.29;42.94;9.06;26;21.61;-2.47;29.29;12.82;1.76;-0.25;-12.39;56.06
1787986363676571,121411,0,255,94,0.31,14.12,16.91,-24.82;37.92;-10.47;-17.29;42.94;9.06;26;21.61;-2.47;29.29;12.82;1.76;-0.25;-12.39;56.06
1787986363697280,121420,0,255,94,0.31,14.12,16.91,-24.82;37.92;-10.47;-17.29;42.94;9.06;26;21.61;-2.47;29.29;12.82;1.76;-0.25;-12.39;56.06
1787986363717058,121429,0,255,94,0.31,14.12,16.91,-24.82;37.92;-10.47;-17.29;42.94;9.06;26;21.61;-2.47;29.29;12.82;1.76;-0.25;-12.39;56.06
1787986363737054,121438,0,255,94,0.31,14.12,16.91,-24.82;37.92;-10.47;-17.29;42.94;9.06;26;21.61;-2.47;29.29;12.82;1.76;-0.25;-12.39;56.06
1787986363757611,121447,0,255,94,0.31,14.12,16.91,-24.82;37.92;-10.47;-17.29;42.94;9.06;26;21.61;-2.47;29.29;12.82;1.76;-0.25;-12.39;56.06
1787986363777492,121456,0,255,94,0.31,14.12,16.91,-24.82;37.92;-10.47;-17.29;42.94;9.06;26;21.61;-2.47;29.29;12.82;1.76;-0.25;-12.39;56.06
1787986363797776,121465,0,255,94,0.31,14.12,16.91,-24.82;37.92;-10.47;-17.29;42.94;9.06;26;21.61;-2.47;29.29;12.82;1.76;-0.25;-12.39;56.06
1787986363817454,121475,0,255,94,0.31,14.12,16.91,-24.82;37.92;-10.47;-17.29;42.94;9.06;26;21.61;-2.47;29.29;12.82;1.76;-0.25;-12.39;56.06
1787986363838626,121484,0,255,94,0.19,14.11,16.61,-24.82;37.92;-10.47;-17.29;42.94;9.29;26.47;21.61;-2.47;28.82;12.82;1.76;-0.25;-12.39;56.06
1787986363857800,121493,0,255,94,0.19,14.11,16.61,-24.82;37.92;-10.47;-17.29;42.94;9.29;26.47;21.61;-2.47;28.82;12.82;1.76;-0.25;-12.39;56.06
1787986363879523,121502,0,255,94,0.19,14.11,16.61,-24.82;37.92;-10.47;-17.29;42.94;9.29;26.47;21.61;-2.47;28.82;12.82;1.76;-0.25;-12.39;56.06
1787986363897437,121511,0,255,94,0.19,14.11,16.61,-24.82;37.92;-10.47;-17.29;42.94;9.29;26.47;21.61;-2.47;28.82;12.82;1.76;-0.25;-12.39;56.06
1787986363917725,121520,0,255,94,0.19,14.11,16.61,-24.82;37.92;-10.47;-17.29;42.94;9.29;26.47;21.61;-2.47;28.82;12.82;1.76;-0.25;-12.39;56.06
1787986363936302,121529,0,255,94,0.19,14.11,16.61,-24.82;37.92;-10.47;-17.29;42.94;9.29;26.47;21.61;-2.47;28.82;12.82;1.76;-0.25;-12.39;56.06
1787986363956874,121538,0,255,94,0.19,14.11,16.61,-24.82;37.92;-10.47;-17.29;42.94;9.29;26.47;21.61;-2.47;28.82;12.82;1.76;-0.25;-12.39;56.06
1787986363977329,121547,0,255,94,0.19,14.11,16.61,-24.82;37.92;-10.47;-17.29;42.94;9.29;26.47;21.61;-2.47;28.82;12.82;1.76;-0.25;-12.39;56.06
1787986363996652,121556,0,255,94,0.19,14.11,16.61,-24.82;37.92;-10.47;-17.29;42.94;9.29;26.47;21.61;-2.47;28.82;12.82;1.76;-0.25;-12.39;56.06
1787986364018186,121565,0,255,94,0.19,14.11,16.61,-24.82;37.92;-10.47;-17.29;42.94;9.29;26.47;21.61;-2.47;28.82;12.82;1.76;-0.25;-12.39;56.06
1787986364039350,121574,0,255,94,0.19,14.11,16.61,-24.82;37.92;-10.47;-17.29;42.94;9.29;26.47;21.61;-2.47;28.82;12.82;1.76;-0.25;-12.39;56.06
1787986364057494,121583,0,255,94,0.19,14.11,16.61,-24.82;37.92;-10.47;-17.29;42.94;9.29;26.47;21.61;-2.47;28.82;12.82;1.76;-0.25;-12.39;56.06
1787986364079594,121592,0,255,94,0.19,14.11,16.61,-24.82;37.92;-10.47;-17.29;42.94;9.29;26.47;21.61;-2.47;28.82;12.82;1.76;-0.25;-12.39;56.06
1787986364098436,121601,0,255,94,0.19,14.11,16.61,-24.82;37.92;-10.47;-17.29;42.94;9.29;26.47;21.61;-2.47;28.82;12.82;1.76;-0.25;-12.39;56.06
1787986364117019,121610,0,255,94,0.19,14.11,16.61,-24.82;37.92;-10.47;-17.29;42.94;9.29;26.47;21.61;-2.47;28.82;12.82;1.76;-0.25;-12.39;56.06
1787986364137520,121619,0,255,94,0.19,14.11,16.61,-24.82;37.92;-10.47;-17.29;42.94;9.29;26.47;21.61;-2.47;28.82;12.82;1.76;-0.25;-12.39;56.06
1787986364158479,121628,0,255,94,0.19,14.11,16.61,-24.82;37.92;-10.47;-17.29;42.94;9.29;26.47;21.61;-2.47;28.82;12.82;1.76;-0.25;-12.39;56.06
1787986364177254,121637,0,255,94,0.19,14.11,16.61,-24.82;37.92;-10.47;-17.29;42.94;9.29;26.47;21.61;-2.47;28.82;12.82;1.76;-0.25;-12.39;56.06
1787986364197433,121646,0,255,94,0.19,14.11,16.61,-24.82;37.92;-10.47;-17.29;42.94;9.29;26.47;21.61;-2.47;28.82;12.82;1.76;-0.25;-12.39;56.06
1787986364216509,121655,0,255,94,0.19,14.11,16.61,-24.82;37.92;-10.47;-17.29;42.94;9.29;26.47;21.61;-2.47;28.82;12.82;1.76;-0.25;-12.39;56.06
1787986364238232,121664,0,255,94,0.19,14.11,16.61,-24.82;37.92;-10.47;-17.29;42.94;9.29;26.47;21.61;-2.47;28.82;12.82;1.76;-0.25;-12.39;56.06
1787986364257304,121673,0,255,94,0.19,14.11,16.61,-24.82;37.92;-10.47;-17.29;42.94;9.29;26.47;21.61;-2.47;28.82;12.82;1.76;-0.25;-12.39;56.06
1787986364277858,121682,0,255,94,0.19,14.11,16.61,-24.82;37.92;-10.47;-17.29;42.94;9.29;26.47;21.61;-2.47;28.82;12.82;1.76;-0.25;-12.39;56.06
1787986364296586,121691,0,255,94,0.19,14.11,16.61,-24.82;37.92;-10.47;-17.29;42.94;9.29;26.47;21.61;-2.47;28.82;12.82;1.76;-0.25;-12.39;56.06
1787986364317298,121700,0,255,94,0.19,14.11,16.61,-24.82;37.92;-10.47;-17.29;42.94;9.29;26.47;21.61;-2.47;28.82;12.82;1.76;-0.25;-12.39;56.06
1787986364337772,121709,0,255,94,0.19,14.11,16.61,-24.82;37.92;-10.47;-17.29;42.94;9.29;26.47;21.61;-2.47;28.82;12.82;1.76;-0.25;-12.39;56.06
1787986364357063,121718,0,255,94,0.19,14.11,16.61,-24.82;37.92;-10.47;-17.29;42.94;9.29;26.47;21.61;-2.47;28.82;12.82;1.76;-0.25;-12.39;56.06
1787986364378966,121727,0,255,94,0.19,14.11,16.61,-24.82;37.92;-10.47;-17.29;42.94;9.29;26.47;21.61;-2.47;28.82;12.82;1.76;-0.25;-12.39;56.06
1787986364397972,121736,0,255,94,0.19,14.11,16.61,-24.82;37.92;-10.47;-17.29;42.94;9.29;26.47;21.61;-2.47;28.82;12.82;1.76;-0.25;-12.39;56.06
1787986364418923,121745,0,255,94,0.19,14.11,16.61,-24.82;37.92;-10.47;-17.29;42.94;9.29;26.47;21.61;-2.47;28.82;12.82;1.76;-0.25;-12.39;56.06
1787986364438426,121754,0,255,94,0.19,14.11,16.61,-24.82;37.92;-10.47;-17.29;42.94;9.29;26.47;21.61;-2.47;28.82;12.82;1.76;-0.25;-12.39;56.06
1787986364457166,121763,0,255,94,0.19,14.11,16.61,-24.82;37.92;-10.47;-17.29;42.94;9.29;26.47;21.61;-2.47;28.82;12.82;1.76;-0.25;-12.39;56.06
1787986364478628,121772,0,255,94,0.19,14.11,16.61,-24.82;37.92;-10.47;-17.29;42.94;9.29;26.47;21.61;-2.47;28.82;12.82;1.76;-0.25;-12.39;56.06
1787986364497381,121781,0,255,94,0.19,14.11,16.61,-24.82;37.92;-10.47;-17.29;42.94;9.29;26.47;21.61;-2.47;28.82;12.82;1.76;-0.25;-12.39;56.06
1787986364517174,121790,0,255,94,0.19,14.11,16.61,-24.82;37.92;-10.47;-17.29;42.94;9.29;26.47;21.61;-2.47;28.82;12.82;1.76;-0.25;-12.39;56.06
1787986364539095,121799,0,255,94,0.19,14.11,16.61,-24.82;37.92;-10.47;-17.29;42.94;9.29;26.47;21.61;-2.47;28.82;12.82;1.76;-0.25;-12.39;56.06
1787986364558073,121808,0,255,94,0.19,14.11,16.61,-24.82;37.92;-10.47;-17.29;42.94;9.29;26.47;21.61;-2.47;28.82;12.82;1.76;-0.25;-12.39;56.06
1787986364576940,121817,0,255,94,0.19,14.11,16.61,-24.82;37.92;-10.47;-17.29;42.94;9.29;26.47;21.61;-2.47;28.82;12.82;1.76;-0.25;-12.39;56.06
1787986364604016,121826,0,255,94,0.19,14.11,16.61,-24.82;37.92;-10.47;-17.29;42.94;9.29;26.47;21.61;-2.47;28.82;12.82;1.76;-0.25;-12.39;56.06
1787986364622695,121835,0,255,94,0.19,14.11,16.61,-24.82;37.92;-10.47;-17.29;42.94;9.29;26.47;21.61;-2.47;28.82;12.82;1.76;-0.25;-12.39;56.06
1787986364643317,121844,0,255,94,0.19,14.11,16.61,-24.82;37.92;-10.47;-17.29;42.94;9.29;26.47;21.61;-2.47;28.82;12.82;1.76;-0.25;-12.39;56.06
1787986364664980,121853,0,255,94,0.19,14.11,16.61,-24.82;37.92;-10.47;-17.29;42.94;9.29;26.47;21.61;-2.47;28.82;12.82;1.76;-0.25;-12.39;56.06
1787986364682571,121862,0,255,94,0.19,14.11,16.61,-24.82;37.92;-10.47;-17.29;42.94;9.29;26.47;21.61;-2.47;28.82;12.82;1.76;-0.25;-12.39;56.06
1787986364703073,121871,0,255,94,0.19,14.11,16.61,-24.82;37.92;-10.47;-17.29;42.94;9.29;26.47;21.61;-2.47;28.82;12.82;1.76;-0.25;-12.39;56.06
1787986364722169,121880,0,255,94,0.19,14.11,16.61,-24.82;37.92;-10.47;-17.29;42.94;9.29;26.47;21.61;-2.47;28.82;12.82;1.76;-0.25;-12.39;56.06
1787986364742488,121889,0,255,94,0.19,14.11,16.61,-24.82;37.92;-10.47;-17.29;42.94;9.29;26.47;21.61;-2.47;28.82;12.82;1.76;-0.25;-12.39;56.06
1787986364761793,121898,0,255,94,0.19,14.11,16.61,-24.82;37.92;-10.47;-17.29;42.94;9.29;26.47;21.61;-2.47;28.82;12.82;1.76;-0.25;-12.39;56.06
1787986364783642,121907,0,255,94,0.19,14.11,16.61,-24.82;37.92;-10.47;-17.29;42.94;9.29;26.47;21.61;-2.47;28.82;12.82;1.76;-0.25;-12.39;56.06
1787986364802894,121916,0,255,94,0.19,14.11,16.61,-24.82;37.92;-10.47;-17.29;42.94;9.29;26.47;21.61;-2.47;28.82;12.82;1.76;-0.25;-12.39;56.06
1787986364823073,121926,0,255,94,0.19,14.11,16.61,-24.82;37.92;-10.47;-17.29;42.94;9.29;26.47;21.61;-2.47;28.82;12.82;1.76;-0.25;-12.39;56.06
1787986364842253,121935,0,255,94,0.19,14.11,16.61,-24.82;37.92;-10.47;-17.29;42.94;9.29;26.47;21.61;-2.47;28.82;12.82;1.76;-0.25;-12.39;56.06
1787986364863080,121944,0,255,94,0.14,14.05,15.44,-24.82;37.92;-8.59;-17.29;42.94;9.06;26.47;21.61;-2;29.29;13.45;1.53;-0.25;-12.39;56.06
1787986364883363,121953,0,255,94,0.14,14.05,15.44,-24.82;37.92;-8.59;-17.29;42.94;9.06;26.47;21.61;-2;29.29;13.45;1.53;-0.25;-12.39;56.06
1787986364903548,121962,0,255,94,0.14,14.05,15.44,-24.82;37.92;-8.59;-17.29;42.94;9.06;26.47;21.61;-2;29.29;13.45;1.53;-0.25;-12.39;56.06
1787986364922355,121971,0,255,94,0.14,14.05,15.44,-24.82;37.92;-8.59;-17.29;42.94;9.06;26.47;21.61;-2;29.29;13.45;1.53;-0.25;-12.39;56.06
1787986364945621,121980,0,255,94,0.14,14.05,15.44,-24.82;37.92;-8.59;-17.29;42.94;9.06;26.47;21.61;-2;29.29;13.45;1.53;-0.25;-12.39;56.06
1787986364963491,121989,0,255,94,0.14,14.05,15.44,-24.82;37.92;-8.59;-17.29;42.94;9.06;26.47;21.61;-2;29.29;13.45;1.53;-0.25;-12.39;56.06
1787986364982285,121998,0,255,94,0.14,14.05,15.44,-24.82;37.92;-8.59;-17.29;42.94;9.06;26.47;21.61;-2;29.29;13.45;1.53;-0.25;-12.39;56.06
1787986365003840,122007,0,255,94,0.14,14.05,15.44,-24.82;37.92;-8.59;-17.29;42.94;9.06;26.47;21.61;-2;29.29;13.45;1.53;-0.25;-12.39;56.06
1787986365022785,122016,0,255,94,0.14,14.05,15.44,-24.82;37.92;-8.59;-17.29;42.94;9.06;26.47;21.61;-2;29.29;13.45;1.53;-0.25;-12.39;56.06
1787986365042361,122025,0,255,94,0.14,14.05,15.44,-24.82;37.92;-8.59;-17.29;42.94;9.06;26.47;21.61;-2;29.29;13.45;1.53;-0.25;-12.39;56.06
1787986365063032,122034,0,255,94,0.14,14.05,15.44,-24.82;37.92;-8.59;-17.29;42.94;9.06;26.47;21.61;-2;29.29;13.45;1.53;-0.25;-12.39;56.06
1787986365081810,122043,0,255,94,0.14,14.05,15.44,-24.82;37.92;-8.59;-17.29;42.94;9.06;26.47;21.61;-2;29.29;13.45;1.53;-0.25;-12.39;56.06
1787986365105029,122052,0,255,94,0.14,14.05,15.44,-24.82;37.92;-8.59;-17.29;42.94;9.06;26.47;21.61;-2;29.29;13.45;1.53;-0.25;-12.39;56.06
1787986365122117,122061,0,255,94,0.14,14.05,15.44,-24.82;37.92;-8.59;-17.29;42.94;9.06;26.47;21.61;-2;29.29;13.45;1.53;-0.25;-12.39;56.06
1787986365141502,122070,0,255,94,0.14,14.05,15.44,-24.82;37.92;-8.59;-17.29;42.94;9.06;26.47;21.61;-2;29.29;13.45;1.53;-0.25;-12.39;56.06
1787986365164299,122079,0,255,94,0.14,14.05,15.44,-24.82;37.92;-8.59;-17.29;42.94;9.06;26.47;21.61;-2;29.29;13.45;1.53;-0.25;-12.39;56.06
1787986365182106,122088,0,255,94,0.14,14.05,15.44,-24.82;37.92;-8.59;-17.29;42.94;9.06;26.47;21.61;-2;29.29;13.45;1.53;-0.25;-12.39;56.06
1787986365202345,122097,0,255,94,0.14,14.05,15.44,-24.82;37.92;-8.59;-17.29;42.94;9.06;26.47;21.61;-2;29.29;13.45;1.53;-0.25;-12.39;56.06
1787986365222278,122106,0,255,94,0.14,14.05,15.44,-24.82;37.92;-8.59;-17.29;42.94;9.06;26.47;21.61;-2;29.29;13.45;1.53;-0.25;-12.39;56.06
1787986365242792,122115,0,255,94,0.14,14.05,15.44,-24.82;37.92;-8.59;-17.29;42.94;9.06;26.47;21.61;-2;29.29;13.45;1.53;-0.25;-12.39;56.06
1787986365265557,122124,0,255,94,0.14,14.05,15.44,-24.82;37.92;-8.59;-17.29;42.94;9.06;26.47;21.61;-2;29.29;13.45;1.53;-0.25;-12.39;56.06
1787986365283002,122133,0,255,94,0.14,14.05,15.44,-24.82;37.92;-8.59;-17.29;42.94;9.06;26.47;21.61;-2;29.29;13.45;1.53;-0.25;-12.39;56.06
1787986365302497,122142,0,255,94,0.14,14.05,15.44,-24.82;37.92;-8.59;-17.29;42.94;9.06;26.47;21.61;-2;29.29;13.45;1.53;-0.25;-12.39;56.06
1787986365323360,122151,0,255,94,0.14,14.05,15.44,-24.82;37.92;-8.59;-17.29;42.94;9.06;26.47;21.61;-2;29.29;13.45;1.53;-0.25;-12.39;56.06
1787986365341702,122160,0,255,94,0.14,14.05,15.44,-24.82;37.92;-8.59;-17.29;42.94;9.06;26.47;21.61;-2;29.29;13.45;1.53;-0.25;-12.39;56.06
1787986365373334,122169,0,255,94,0.14,14.05,15.44,-24.82;37.92;-8.59;-17.29;42.94;9.06;26.47;21.61;-2;29.29;13.45;1.53;-0.25;-12.39;56.06
1787986365383542,122178,0,255,94,0.14,14.05,15.44,-24.82;37.92;-8.59;-17.29;42.94;9.06;26.47;21.61;-2;29.29;13.45;1.53;-0.25;-12.39;56.06
1787986365403010,122187,0,255,94,0.14,14.05,15.44,-24.82;37.92;-8.59;-17.29;42.94;9.06;26.47;21.61;-2;29.29;13.45;1.53;-0.25;-12.39;56.06
1787986365429959,122196,0,255,94,0.14,14.05,15.44,-24.82;37.92;-8.59;-17.29;42.94;9.06;26.47;21.61;-2;29.29;13.45;1.53;-0.25;-12.39;56.06
1787986365442285,122205,0,255,94,0.14,14.05,15.44,-24.82;37.92;-8.59;-17.29;42.94;9.06;26.47;21.61;-2;29.29;13.45;1.53;-0.25;-12.39;56.06
1787986365462270,122214,0,255,94,0.14,14.05,15.44,-24.82;37.92;-8.59;-17.29;42.94;9.06;26.47;21.61;-2;29.29;13.45;1.53;-0.25;-12.39;56.06
1787986365481989,122223,0,255,94,0.14,14.05,15.44,-24.82;37.92;-8.59;-17.29;42.94;9.06;26.47;21.61;-2;29.29;13.45;1.53;-0.25;-12.39;56.06
1787986365503445,122232,0,255,94,0.14,14.05,15.44,-24.82;37.92;-8.59;-17.29;42.94;9.06;26.47;21.61;-2;29.29;13.45;1.53;-0.25;-12.39;56.06
1787986365523060,122241,0,255,94,0.14,14.05,15.44,-24.82;37.92;-8.59;-17.29;42.94;9.06;26.47;21.61;-2;29.29;13.45;1.53;-0.25;-12.39;56.06
1787986365549213,122250,0,255,94,0.14,14.05,15.44,-24.82;37.92;-8.59;-17.29;42.94;9.06;26.47;21.61;-2;29.29;13.45;1.53;-0.25;-12.39;56.06
1787986365563217,122259,0,255,94,0.14,14.05,15.44,-24.82;37.92;-8.59;-17.29;42.94;9.06;26.47;21.61;-2;29.29;13.45;1.53;-0.25;-12.39;56.06
1787986365582620,122268,0,255,94,0.14,14.05,15.44,-24.82;37.92;-8.59;-17.29;42.94;9.06;26.47;21.61;-2;29.29;13.45;1.53;-0.25;-12.39;56.06
1787986365602899,122277,0,255,94,0.14,14.05,15.44,-24.82;37.92;-8.59;-17.29;42.94;9.06;26.47;21.61;-2;29.29;13.45;1.53;-0.25;-12.39;56.06
1787986365622089,122286,0,255,94,0.14,14.05,15.44,-24.82;37.92;-8.59;-17.29;42.94;9.06;26.47;21.61;-2;29.29;13.45;1.53;-0.25;-12.39;56.06
1787986365642805,122295,0,255,94,0.14,14.05,15.44,-24.82;37.92;-8.59;-17.29;42.94;9.06;26.47;21.61;-2;29.29;13.45;1.53;-0.25;-12.39;56.06
1787986365662750,122304,0,255,94,0.14,14.05,15.44,-24.82;37.92;-8.59;-17.29;42.94;9.06;26.47;21.61;-2;29.29;13.45;1.53;-0.25;-12.39;56.06
1787986365682782,122313,0,255,94,0.14,14.05,15.44,-24.82;37.92;-8.59;-17.29;42.94;9.06;26.47;21.61;-2;29.29;13.45;1.53;-0.25;-12.39;56.06
1787986365701797,122322,0,255,94,0.14,14.05,15.44,-24.82;37.92;-8.59;-17.29;42.94;9.06;26.47;21.61;-2;29.29;13.45;1.53;-0.25;-12.39;56.06
1787986365722789,122331,0,255,94,0.14,14.05,15.44,-24.82;37.92;-8.59;-17.29;42.94;9.06;26.47;21.61;-2;29.29;13.45;1.53;-0.25;-12.39;56.06
1787986365742222,122340,0,255,94,0.14,14.05,15.44,-24.82;37.92;-8.59;-17.29;42.94;9.06;26.47;21.61;-2;29.29;13.45;1.53;-0.25;-12.39;56.06
1787986365762650,122349,0,255,94,0.14,14.05,15.44,-24.82;37.92;-8.59;-17.29;42.94;9.06;26.47;21.61;-2;29.29;13.45;1.53;-0.25;-12.39;56.06
1787986365782041,122358,0,255,94,0.14,14.05,15.44,-24.82;37.92;-8.59;-17.29;42.94;9.06;26.47;21.61;-2;29.29;13.45;1.53;-0.25;-12.39;56.06
1787986365805513,122367,0,255,94,0.14,14.05,15.44,-24.82;37.92;-8.59;-17.29;42.94;9.06;26.47;21.61;-2;29.29;13.45;1.53;-0.25;-12.39;56.06
1787986365826217,122377,0,255,94,0.14,14.05,15.44,-24.82;37.92;-8.59;-17.29;42.94;9.06;26.47;21.61;-2;29.29;13.45;1.53;-0.25;-12.39;56.06
1787986365842344,122386,0,255,94,-0.27,13.89,10.6,-23.88;37.92;-3.88;-18.71;41.06;6;26.94;19.1;-0.82;26.94;15.33;1.29;-0.25;-12.39;56.06
1787986365863740,122395,0,255,94,-0.27,13.89,10.6,-23.88;37.92;-3.88;-18.71;41.06;6;26.94;19.1;-0.82;26.94;15.33;1.29;-0.25;-12.39;56.06
1787986365882693,122404,0,255,94,-0.27,13.89,10.6,-23.88;37.92;-3.88;-18.71;41.06;6;26.94;19.1;-0.82;26.94;15.33;1.29;-0.25;-12.39;56.06
1787986365902580,122413,0,255,94,-0.27,13.89,10.6,-23.88;37.92;-3.88;-18.71;41.06;6;26.94;19.1;-0.82;26.94;15.33;1.29;-0.25;-12.39;56.06
1787986365923454,122422,0,255,94,-0.27,13.89,10.6,-23.88;37.92;-3.88;-18.71;41.06;6;26.94;19.1;-0.82;26.94;15.33;1.29;-0.25;-12.39;56.06
1787986365942741,122431,0,255,94,-0.27,13.89,10.6,-23.88;37.92;-3.88;-18.71;41.06;6;26.94;19.1;-0.82;26.94;15.33;1.29;-0.25;-12.39;56.06
1787986365962934,122440,0,255,94,-0.27,13.89,10.6,-23.88;37.92;-3.88;-18.71;41.06;6;26.94;19.1;-0.82;26.94;15.33;1.29;-0.25;-12.39;56.06
1787986365983550,122449,0,255,94,-0.27,13.89,10.6,-23.88;37.92;-3.88;-18.71;41.06;6;26.94;19.1;-0.82;26.94;15.33;1.29;-0.25;-12.39;56.06
1787986366002620,122458,0,255,94,-0.27,13.89,10.6,-23.88;37.92;-3.88;-18.71;41.06;6;26.94;19.1;-0.82;26.94;15.33;1.29;-0.25;-12.39;56.06
1787986366021892,122467,0,255,94,-0.27,13.89,10.6,-23.88;37.92;-3.88;-18.71;41.06;6;26.94;19.1;-0.82;26.94;15.33;1.29;-0.25;-12.39;56.06
1787986366044547,122476,0,255,94,-0.27,13.89,10.6,-23.88;37.92;-3.88;-18.71;41.06;6;26.94;19.1;-0.82;26.94;15.33;1.29;-0.25;-12.39;56.06
1787986366062600,122485,0,255,94,-0.27,13.89,10.6,-23.88;37.92;-3.88;-18.71;41.06;6;26.94;19.1;-0.82;26.94;15.33;1.29;-0.25;-12.39;56.06
1787986366083175,122494,0,255,94,-0.27,13.89,10.6,-23.88;37.92;-3.88;-18.71;41.06;6;26.94;19.1;-0.82;26.94;15.33;1.29;-0.25;-12.39;56.06
1787986366102255,122503,0,255,94,-0.27,13.89,10.6,-23.88;37.92;-3.88;-18.71;41.06;6;26.94;19.1;-0.82;26.94;15.33;1.29;-0.25;-12.39;56.06
1787986366121710,122512,0,255,94,-0.27,13.89,10.6,-23.88;37.92;-3.88;-18.71;41.06;6;26.94;19.1;-0.82;26.94;15.33;1.29;-0.25;-12.39;56.06
1787986366142895,122521,0,255,94,-0.27,13.89,10.6,-23.88;37.92;-3.88;-18.71;41.06;6;26.94;19.1;-0.82;26.94;15.33;1.29;-0.25;-12.39;56.06
1787986366162037,122530,0,255,94,-0.27,13.89,10.6,-23.88;37.92;-3.88;-18.71;41.06;6;26.94;19.1;-0.82;26.94;15.33;1.29;-0.25;-12.39;56.06
1787986366182712,122539,0,255,94,-0.27,13.89,10.6,-23.88;37.92;-3.88;-18.71;41.06;6;26.94;19.1;-0.82;26.94;15.33;1.29;-0.25;-12.39;56.06
1787986366203126,122548,0,255,94,-0.27,13.89,10.6,-23.88;37.92;-3.88;-18.71;41.06;6;26.94;19.1;-0.82;26.94;15.33;1.29;-0.25;-12.39;56.06
1787986366222189,122557,0,255,94,-0.27,13.89,10.6,-23.88;37.92;-3.88;-18.71;41.06;6;26.94;19.1;-0.82;26.94;15.33;1.29;-0.25;-12.39;56.06
1787986366241425,122566,0,255,94,-0.27,13.89,10.6,-23.88;37.92;-3.88;-18.71;41.06;6;26.94;19.1;-0.82;26.94;15.33;1.29;-0.25;-12.39;56.06
1787986366263494,122575,0,255,94,-0.27,13.89,10.6,-23.88;37.92;-3.88;-18.71;41.06;6;26.94;19.1;-0.82;26.94;15.33;1.29;-0.25;-12.39;56.06
1787986366282954,122584,0,255,94,-0.27,13.89,10.6,-23.88;37.92;-3.88;-18.71;41.06;6;26.94;19.1;-0.82;26.94;15.33;1.29;-0.25;-12.39;56.06
1787986366302505,122593,0,255,94,-0.27,13.89,10.6,-23.88;37.92;-3.88;-18.71;41.06;6;26.94;19.1;-0.82;26.94;15.33;1.29;-0.25;-12.39;56.06
1787986366322761,122602,0,255,94,-0.27,13.89,10.6,-23.88;37.92;-3.88;-18.71;41.06;6;26.94;19.1;-0.82;26.94;15.33;1.29;-0.25;-12.39;56.06
1787986366342090,122611,0,255,94,-0.27,13.89,10.6,-23.88;37.92;-3.88;-18.71;41.06;6;26.94;19.1;-0.82;26.94;15.33;1.29;-0.25;-12.39;56.06
1787986366363186,122620,0,255,94,-0.27,13.89,10.6,-23.88;37.92;-3.88;-18.71;41.06;6;26.94;19.1;-0.82;26.94;15.33;1.29;-0.25;-12.39;56.06
1787986366383307,122629,0,255,94,-0.27,13.89,10.6,-23.88;37.92;-3.88;-18.71;41.06;6;26.94;19.1;-0.82;26.94;15.33;1.29;-0.25;-12.39;56.06
1787986366401985,122638,0,255,94,-0.27,13.89,10.6,-23.88;37.92;-3.88;-18.71;41.06;6;26.94;19.1;-0.82;26.94;15.33;1.29;-0.25;-12.39;56.06
1787986366426341,122647,0,255,94,-0.27,13.89,10.6,-23.88;37.92;-3.88;-18.71;41.06;6;26.94;19.1;-0.82;26.94;15.33;1.29;-0.25;-12.39;56.06
1787986366442149,122656,0,255,94,-0.27,13.89,10.6,-23.88;37.92;-3.88;-18.71;41.06;6;26.94;19.1;-0.82;26.94;15.33;1.29;-0.25;-12.39;56.06
1787986366464490,122665,0,255,94,-0.27,13.89,10.6,-23.88;37.92;-3.88;-18.71;41.06;6;26.94;19.1;-0.82;26.94;15.33;1.29;-0.25;-12.39;56.06
1787986366493837,122674,0,255,94,-0.27,13.89,10.6,-23.88;37.92;-3.88;-18.71;41.06;6;26.94;19.1;-0.82;26.94;15.33;1.29;-0.25;-12.39;56.06
1787986366510274,122690,0,255,94,-0.27,13.89,10.6,-23.88;37.92;-3.88;-18.71;41.06;6;26.94;19.1;-0.82;26.94;15.33;1.29;-0.25;-12.39;56.06
1787986366530661,122699,0,255,94,-0.27,13.89,10.6,-23.88;37.92;-3.88;-18.71;41.06;6;26.94;19.1;-0.82;26.94;15.33;1.29;-0.25;-12.39;56.06
1787986366552495,122708,0,255,94,-0.27,13.89,10.6,-23.88;37.92;-3.88;-18.71;41.06;6;26.94;19.1;-0.82;26.94;15.33;1.29;-0.25;-12.39;56.06
1787986366570077,122717,0,255,94,-0.27,13.89,10.6,-23.88;37.92;-3.88;-18.71;41.06;6;26.94;19.1;-0.82;26.94;15.33;1.29;-0.25;-12.39;56.06
1787986366589662,122726,0,255,94,-0.27,13.89,10.6,-23.88;37.92;-3.88;-18.71;41.06;6;26.94;19.1;-0.82;26.94;15.33;1.29;-0.25;-12.39;56.06
1787986366611065,122728,0,255,94,-0.27,13.89,10.6,-23.88;37.92;-3.88;-18.71;41.06;6;26.94;19.1;-0.82;26.94;15.33;1.29;-0.25;-12.39;56.06
1787986366630565,122744,0,255,94,-0.27,13.89,10.6,-23.88;37.92;-3.88;-18.71;41.06;6;26.94;19.1;-0.82;26.94;15.33;1.29;-0.25;-12.39;56.06
1787986366650141,122753,0,255,94,-0.27,13.89,10.6,-23.88;37.92;-3.88;-18.71;41.06;6;26.94;19.1;-0.82;26.94;15.33;1.29;-0.25;-12.39;56.06
1787986366671929,122762,0,255,94,-0.27,13.89,10.6,-23.88;37.92;-3.88;-18.71;41.06;6;26.94;19.1;-0.82;26.94;15.33;1.29;-0.25;-12.39;56.06
1787986366690066,122771,0,255,94,-0.27,13.89,10.6,-23.88;37.92;-3.88;-18.71;41.06;6;26.94;19.1;-0.82;26.94;15.33;1.29;-0.25;-12.39;56.06
1787986366710486,122780,0,255,94,-0.27,13.89,10.6,-23.88;37.92;-3.88;-18.71;41.06;6;26.94;19.1;-0.82;26.94;15.33;1.29;-0.25;-12.39;56.06
1787986366729768,122789,0,255,94,-0.27,13.89,10.6,-23.88;37.92;-3.88;-18.71;41.06;6;26.94;19.1;-0.82;26.94;15.33;1.29;-0.25;-12.39;56.06
1787986366750288,122791,0,255,94,-0.27,13.89,10.6,-23.88;37.92;-3.88;-18.71;41.06;6;26.94;19.1;-0.82;26.94;15.33;1.29;-0.25;-12.39;56.06
1787986366770945,122800,0,255,94,-0.27,13.89,10.6,-23.88;37.92;-3.88;-18.71;41.06;6;26.94;19.1;-0.82;26.94;15.33;1.29;-0.25;-12.39;56.06
1787986366790036,122816,0,255,94,-0.27,13.89,10.6,-23.88;37.92;-3.88;-18.71;41.06;6;26.94;19.1;-0.82;26.94;15.33;1.29;-0.25;-12.39;56.06
1787986366811536,122825,0,255,94,-0.27,13.89,10.6,-23.88;37.92;-3.88;-18.71;41.06;6;26.94;19.1;-0.82;26.94;15.33;1.29;-0.25;-12.39;56.06
1787986366833358,122835,0,255,94,-0.27,13.89,10.6,-23.88;37.92;-3.88;-18.71;41.06;6;26.94;19.1;-0.82;26.94;15.33;1.29;-0.25;-12.39;56.06
1787986366852279,122844,0,255,94,-0.27,13.89,10.6,-23.88;37.92;-3.88;-18.71;41.06;6;26.94;19.1;-0.82;26.94;15.33;1.29;-0.25;-12.39;56.06
1787986366870665,122853,0,255,93,-0.25,12.12,10.15,-20.59;37.92;-3.65;-16.82;41.06;5.06;21.76;24.12;-0.59;22.71;20.35;1.53;-0.76;-13.41;62.18
1787986366891318,122862,0,255,93,-0.25,12.12,10.15,-20.59;37.92;-3.65;-16.82;41.06;5.06;21.76;24.12;-0.59;22.71;20.35;1.53;-0.76;-13.41;62.18
1787986366910129,122871,0,255,93,-0.25,12.12,10.15,-20.59;37.92;-3.65;-16.82;41.06;5.06;21.76;24.12;-0.59;22.71;20.35;1.53;-0.76;-13.41;62.18
1787986366929816,122880,0,255,93,-0.25,12.12,10.15,-20.59;37.92;-3.65;-16.82;41.06;5.06;21.76;24.12;-0.59;22.71;20.35;1.53;-0.76;-13.41;62.18
1787986366951291,122889,0,255,93,-0.25,12.12,10.15,-20.59;37.92;-3.65;-16.82;41.06;5.06;21.76;24.12;-0.59;22.71;20.35;1.53;-0.76;-13.41;62.18
1787986366970485,122898,0,255,93,-0.25,12.12,10.15,-20.59;37.92;-3.65;-16.82;41.06;5.06;21.76;24.12;-0.59;22.71;20.35;1.53;-0.76;-13.41;62.18
1787986366990400,122907,0,255,93,-0.25,12.12,10.15,-20.59;37.92;-3.65;-16.82;41.06;5.06;21.76;24.12;-0.59;22.71;20.35;1.53;-0.76;-13.41;62.18
1787986367012833,122916,0,255,93,-0.25,12.12,10.15,-20.59;37.92;-3.65;-16.82;41.06;5.06;21.76;24.12;-0.59;22.71;20.35;1.53;-0.76;-13.41;62.18
1787986367031359,122925,0,255,93,-0.25,12.12,10.15,-20.59;37.92;-3.65;-16.82;41.06;5.06;21.76;24.12;-0.59;22.71;20.35;1.53;-0.76;-13.41;62.18
1787986367051704,122927,0,255,93,-0.25,12.12,10.15,-20.59;37.92;-3.65;-16.82;41.06;5.06;21.76;24.12;-0.59;22.71;20.35;1.53;-0.76;-13.41;62.18
1787986367071062,122943,0,255,93,-0.25,12.12,10.15,-20.59;37.92;-3.65;-16.82;41.06;5.06;21.76;24.12;-0.59;22.71;20.35;1.53;-0.76;-13.41;62.18
1787986367091375,122952,0,255,93,-0.25,12.12,10.15,-20.59;37.92;-3.65;-16.82;41.06;5.06;21.76;24.12;-0.59;22.71;20.35;1.53;-0.76;-13.41;62.18
1787986367114886,122954,0,255,93,-0.25,12.12,10.15,-20.59;37.92;-3.65;-16.82;41.06;5.06;21.76;24.12;-0.59;22.71;20.35;1.53;-0.76;-13.41;62.18
1787986367130577,122970,0,255,93,-0.25,12.12,10.15,-20.59;37.92;-3.65;-16.82;41.06;5.06;21.76;24.12;-0.59;22.71;20.35;1.53;-0.76;-13.41;62.18
1787986367151767,122979,0,255,93,-0.25,12.12,10.15,-20.59;37.92;-3.65;-16.82;41.06;5.06;21.76;24.12;-0.59;22.71;20.35;1.53;-0.76;-13.41;62.18
1787986367171909,122988,0,255,93,-0.25,12.12,10.15,-20.59;37.92;-3.65;-16.82;41.06;5.06;21.76;24.12;-0.59;22.71;20.35;1.53;-0.76;-13.41;62.18
1787986367190545,122997,0,255,93,-0.25,12.12,10.15,-20.59;37.92;-3.65;-16.82;41.06;5.06;21.76;24.12;-0.59;22.71;20.35;1.53;-0.76;-13.41;62.18
1787986367211469,123006,0,255,93,-0.25,12.12,10.15,-20.59;37.92;-3.65;-16.82;41.06;5.06;21.76;24.12;-0.59;22.71;20.35;1.53;-0.76;-13.41;62.18
1787986367229822,123015,0,255,93,-0.25,12.12,10.15,-20.59;37.92;-3.65;-16.82;41.06;5.06;21.76;24.12;-0.59;22.71;20.35;1.53;-0.76;-13.41;62.18
1787986367251079,123024,0,255,93,-0.25,12.12,10.15,-20.59;37.92;-3.65;-16.82;41.06;5.06;21.76;24.12;-0.59;22.71;20.35;1.53;-0.76;-13.41;62.18
1787986367273649,123026,0,255,93,-0.25,12.12,10.15,-20.59;37.92;-3.65;-16.82;41.06;5.06;21.76;24.12;-0.59;22.71;20.35;1.53;-0.76;-13.41;62.18
1787986367289820,123035,0,255,93,-0.25,12.12,10.15,-20.59;37.92;-3.65;-16.82;41.06;5.06;21.76;24.12;-0.59;22.71;20.35;1.53;-0.76;-13.41;62.18
1787986367309394,123051,0,255,93,-0.25,12.12,10.15,-20.59;37.92;-3.65;-16.82;41.06;5.06;21.76;24.12;-0.59;22.71;20.35;1.53;-0.76;-13.41;62.18
1787986367330713,123053,0,255,93,-0.25,12.12,10.15,-20.59;37.92;-3.65;-16.82;41.06;5.06;21.76;24.12;-0.59;22.71;20.35;1.53;-0.76;-13.41;62.18
1787986367350197,123069,0,255,93,-0.25,12.12,10.15,-20.59;37.92;-3.65;-16.82;41.06;5.06;21.76;24.12;-0.59;22.71;20.35;1.53;-0.76;-13.41;62.18
1787986367371818,123078,0,255,93,-0.25,12.12,10.15,-20.59;37.92;-3.65;-16.82;41.06;5.06;21.76;24.12;-0.59;22.71;20.35;1.53;-0.76;-13.41;62.18
1787986367390120,123087,0,255,93,-0.25,12.12,10.15,-20.59;37.92;-3.65;-16.82;41.06;5.06;21.76;24.12;-0.59;22.71;20.35;1.53;-0.76;-13.41;62.18
1787986367411915,123096,0,255,93,-0.25,12.12,10.15,-20.59;37.92;-3.65;-16.82;41.06;5.06;21.76;24.12;-0.59;22.71;20.35;1.53;-0.76;-13.41;62.18
1787986367431988,123098,0,255,93,-0.25,12.12,10.15,-20.59;37.92;-3.65;-16.82;41.06;5.06;21.76;24.12;-0.59;22.71;20.35;1.53;-0.76;-13.41;62.18
1787986367450524,123114,0,255,93,-0.25,12.12,10.15,-20.59;37.92;-3.65;-16.82;41.06;5.06;21.76;24.12;-0.59;22.71;20.35;1.53;-0.76;-13.41;62.18
1787986367469967,123123,0,255,93,-0.25,12.12,10.15,-20.59;37.92;-3.65;-16.82;41.06;5.06;21.76;24.12;-0.59;22.71;20.35;1.53;-0.76;-13.41;62.18
1787986367491493,123132,0,255,93,-0.25,12.12,10.15,-20.59;37.92;-3.65;-16.82;41.06;5.06;21.76;24.12;-0.59;22.71;20.35;1.53;-0.76;-13.41;62.18
1787986367511548,123134,0,255,93,-0.25,12.12,10.15,-20.59;37.92;-3.65;-16.82;41.06;5.06;21.76;24.12;-0.59;22.71;20.35;1.53;-0.76;-13.41;62.18
1787986367531116,123150,0,255,93,-0.25,12.12,10.15,-20.59;37.92;-3.65;-16.82;41.06;5.06;21.76;24.12;-0.59;22.71;20.35;1.53;-0.76;-13.41;62.18
1787986367554650,123159,0,255,93,-0.25,12.12,10.15,-20.59;37.92;-3.65;-16.82;41.06;5.06;21.76;24.12;-0.59;22.71;20.35;1.53;-0.76;-13.41;62.18
1787986367573391,123168,0,255,93,-0.25,12.12,10.15,-20.59;37.92;-3.65;-16.82;41.06;5.06;21.76;24.12;-0.59;22.71;20.35;1.53;-0.76;-13.41;62.18
1787986367592075,123177,0,255,93,-0.25,12.12,10.15,-20.59;37.92;-3.65;-16.82;41.06;5.06;21.76;24.12;-0.59;22.71;20.35;1.53;-0.76;-13.41;62.18
1787986367609955,123186,0,255,93,-0.25,12.12,10.15,-20.59;37.92;-3.65;-16.82;41.06;5.06;21.76;24.12;-0.59;22.71;20.35;1.53;-0.76;-13.41;62.18
1787986367630090,123195,0,255,93,-0.25,12.12,10.15,-20.59;37.92;-3.65;-16.82;41.06;5.06;21.76;24.12;-0.59;22.71;20.35;1.53;-0.76;-13.41;62.18
1787986367650635,123204,0,255,93,-0.25,12.12,10.15,-20.59;37.92;-3.65;-16.82;41.06;5.06;21.76;24.12;-0.59;22.71;20.35;1.53;-0.76;-13.41;62.18
1787986367670459,123213,0,255,93,-0.25,12.12,10.15,-20.59;37.92;-3.65;-16.82;41.06;5.06;21.76;24.12;-0.59;22.71;20.35;1.53;-0.76;-13.41;62.18
1787986367690785,123222,0,255,93,-0.25,12.12,10.15,-20.59;37.92;-3.65;-16.82;41.06;5.06;21.76;24.12;-0.59;22.71;20.35;1.53;-0.76;-13.41;62.18
1787986367709993,123231,0,255,93,-0.25,12.12,10.15,-20.59;37.92;-3.65;-16.82;41.06;5.06;21.76;24.12;-0.59;22.71;20.35;1.53;-0.76;-13.41;62.18
1787986367730028,123240,0,255,93,-0.25,12.12,10.15,-20.59;37.92;-3.65;-16.82;41.06;5.06;21.76;24.12;-0.59;22.71;20.35;1.53;-0.76;-13.41;62.18
1787986367750392,123249,0,255,93,-0.25,12.12,10.15,-20.59;37.92;-3.65;-16.82;41.06;5.06;21.76;24.12;-0.59;22.71;20.35;1.53;-0.76;-13.41;62.18
1787986367773628,123251,0,255,93,-0.25,12.12,10.15,-20.59;37.92;-3.65;-16.82;41.06;5.06;21.76;24.12;-0.59;22.71;20.35;1.53;-0.76;-13.41;62.18
1787986367789861,123267,0,255,93,-0.25,12.12,10.15,-20.59;37.92;-3.65;-16.82;41.06;5.06;21.76;24.12;-0.59;22.71;20.35;1.53;-0.76;-13.41;62.18
1787986367810064,123276,0,255,93,-0.25,12.12,10.15,-20.59;37.92;-3.65;-16.82;41.06;5.06;21.76;24.12;-0.59;22.71;20.35;1.53;-0.76;-13.41;62.18
1787986367833080,123279,0,255,93,-0.25,12.12,10.15,-20.59;37.92;-3.65;-16.82;41.06;5.06;21.76;24.12;-0.59;22.71;20.35;1.53;-0.76;-13.41;62.18
1787986367855327,123295,0,255,93,-0.19,11.84,10.09,-20.59;37.92;-3.65;-16.82;41.06;5.06;21.76;24.12;-0.59;23.18;20.35;1.53;-0.76;-13.41;62.18
1787986367872344,123297,0,255,93,-0.19,11.84,10.09,-20.59;37.92;-3.65;-16.82;41.06;5.06;21.76;24.12;-0.59;23.18;20.35;1.53;-0.76;-13.41;62.18
1787986367891185,123313,0,255,93,-0.19,11.84,10.09,-20.59;37.92;-3.65;-16.82;41.06;5.06;21.76;24.12;-0.59;23.18;20.35;1.53;-0.76;-13.41;62.18
1787986367910278,123322,0,255,93,-0.19,11.84,10.09,-20.59;37.92;-3.65;-16.82;41.06;5.06;21.76;24.12;-0.59;23.18;20.35;1.53;-0.76;-13.41;62.18
1787986367932491,123331,0,255,93,-0.19,11.84,10.09,-20.59;37.92;-3.65;-16.82;41.06;5.06;21.76;24.12;-0.59;23.18;20.35;1.53;-0.76;-13.41;62.18
1787986367953623,123340,0,255,93,-0.19,11.84,10.09,-20.59;37.92;-3.65;-16.82;41.06;5.06;21.76;24.12;-0.59;23.18;20.35;1.53;-0.76;-13.41;62.18
1787986367970881,123349,0,255,93,-0.19,11.84,10.09,-20.59;37.92;-3.65;-16.82;41.06;5.06;21.76;24.12;-0.59;23.18;20.35;1.53;-0.76;-13.41;62.18
1787986367992326,123358,0,255,93,-0.19,11.84,10.09,-20.59;37.92;-3.65;-16.82;41.06;5.06;21.76;24.12;-0.59;23.18;20.35;1.53;-0.76;-13.41;62.18
1787986368012415,123367,0,255,93,-0.19,11.84,10.09,-20.59;37.92;-3.65;-16.82;41.06;5.06;21.76;24.12;-0.59;23.18;20.35;1.53;-0.76;-13.41;62.18
1787986368030713,123369,0,255,93,-0.19,11.84,10.09,-20.59;37.92;-3.65;-16.82;41.06;5.06;21.76;24.12;-0.59;23.18;20.35;1.53;-0.76;-13.41;62.18
1787986368052094,123385,0,255,93,-0.19,11.84,10.09,-20.59;37.92;-3.65;-16.82;41.06;5.06;21.76;24.12;-0.59;23.18;20.35;1.53;-0.76;-13.41;62.18
1787986368069984,123394,0,255,93,-0.19,11.84,10.09,-20.59;37.92;-3.65;-16.82;41.06;5.06;21.76;24.12;-0.59;23.18;20.35;1.53;-0.76;-13.41;62.18
1787986368090043,123396,0,255,93,-0.19,11.84,10.09,-20.59;37.92;-3.65;-16.82;41.06;5.06;21.76;24.12;-0.59;23.18;20.35;1.53;-0.76;-13.41;62.18
1787986368109472,123412,0,255,93,-0.19,11.84,10.09,-20.59;37.92;-3.65;-16.82;41.06;5.06;21.76;24.12;-0.59;23.18;20.35;1.53;-0.76;-13.41;62.18
1787986368131061,123421,0,255,93,-0.19,11.84,10.09,-20.59;37.92;-3.65;-16.82;41.06;5.06;21.76;24.12;-0.59;23.18;20.35;1.53;-0.76;-13.41;62.18
1787986368152286,123423,0,255,93,-0.19,11.84,10.09,-20.59;37.92;-3.65;-16.82;41.06;5.06;21.76;24.12;-0.59;23.18;20.35;1.53;-0.76;-13.41;62.18
1787986368170123,123439,0,255,93,-0.19,11.84,10.09,-20.59;37.92;-3.65;-16.82;41.06;5.06;21.76;24.12;-0.59;23.18;20.35;1.53;-0.76;-13.41;62.18
1787986368190852,123441,0,255,93,-0.19,11.84,10.09,-20.59;37.92;-3.65;-16.82;41.06;5.06;21.76;24.12;-0.59;23.18;20.35;1.53;-0.76;-13.41;62.18
1787986368213115,123450,0,255,93,-0.19,11.84,10.09,-20.59;37.92;-3.65;-16.82;41.06;5.06;21.76;24.12;-0.59;23.18;20.35;1.53;-0.76;-13.41;62.18
1787986368229138,123466,0,255,93,-0.19,11.84,10.09,-20.59;37.92;-3.65;-16.82;41.06;5.06;21.76;24.12;-0.59;23.18;20.35;1.53;-0.76;-13.41;62.18
1787986368249310,123475,0,255,93,-0.19,11.84,10.09,-20.59;37.92;-3.65;-16.82;41.06;5.06;21.76;24.12;-0.59;23.18;20.35;1.53;-0.76;-13.41;62.18
1787986368272801,123477,0,255,93,-0.19,11.84,10.09,-20.59;37.92;-3.65;-16.82;41.06;5.06;21.76;24.12;-0.59;23.18;20.35;1.53;-0.76;-13.41;62.18
1787986368290290,123493,0,255,93,-0.19,11.84,10.09,-20.59;37.92;-3.65;-16.82;41.06;5.06;21.76;24.12;-0.59;23.18;20.35;1.53;-0.76;-13.41;62.18
1787986368310700,123502,0,255,93,-0.19,11.84,10.09,-20.59;37.92;-3.65;-16.82;41.06;5.06;21.76;24.12;-0.59;23.18;20.35;1.53;-0.76;-13.41;62.18
1787986368330922,123511,0,255,93,-0.19,11.84,10.09,-20.59;37.92;-3.65;-16.82;41.06;5.06;21.76;24.12;-0.59;23.18;20.35;1.53;-0.76;-13.41;62.18
1787986368350261,123520,0,255,93,-0.19,11.84,10.09,-20.59;37.92;-3.65;-16.82;41.06;5.06;21.76;24.12;-0.59;23.18;20.35;1.53;-0.76;-13.41;62.18
1787986368380923,123522,0,255,93,-0.19,11.84,10.09,-20.59;37.92;-3.65;-16.82;41.06;5.06;21.76;24.12;-0.59;23.18;20.35;1.53;-0.76;-13.41;62.18
1787986368389470,123538,0,255,93,-0.19,11.84,10.09,-20.59;37.92;-3.65;-16.82;41.06;5.06;21.76;24.12;-0.59;23.18;20.35;1.53;-0.76;-13.41;62.18
1787986368411071,123540,0,255,93,-0.19,11.84,10.09,-20.59;37.92;-3.65;-16.82;41.06;5.06;21.76;24.12;-0.59;23.18;20.35;1.53;-0.76;-13.41;62.18
1787986368433429,123549,0,255,93,-0.19,11.84,10.09,-20.59;37.92;-3.65;-16.82;41.06;5.06;21.76;24.12;-0.59;23.18;20.35;1.53;-0.76;-13.41;62.18
1787986368450680,123565,0,255,93,-0.19,11.84,10.09,-20.59;37.92;-3.65;-16.82;41.06;5.06;21.76;24.12;-0.59;23.18;20.35;1.53;-0.76;-13.41;62.18
1787986368470272,123574,0,255,93,-0.19,11.84,10.09,-20.59;37.92;-3.65;-16.82;41.06;5.06;21.76;24.12;-0.59;23.18;20.35;1.53;-0.76;-13.41;62.18
1787986368490817,123583,0,255,93,-0.19,11.84,10.09,-20.59;37.92;-3.65;-16.82;41.06;5.06;21.76;24.12;-0.59;23.18;20.35;1.53;-0.76;-13.41;62.18
1787986368510075,123592,0,255,93,-0.19,11.84,10.09,-20.59;37.92;-3.65;-16.82;41.06;5.06;21.76;24.12;-0.59;23.18;20.35;1.53;-0.76;-13.41;62.18
1787986368531037,123601,0,255,93,-0.19,11.84,10.09,-20.59;37.92;-3.65;-16.82;41.06;5.06;21.76;24.12;-0.59;23.18;20.35;1.53;-0.76;-13.41;62.18
1787986368551908,123610,0,255,93,-0.19,11.84,10.09,-20.59;37.92;-3.65;-16.82;41.06;5.06;21.76;24.12;-0.59;23.18;20.35;1.53;-0.76;-13.41;62.18
1787986368570194,123619,0,255,93,-0.19,11.84,10.09,-20.59;37.92;-3.65;-16.82;41.06;5.06;21.76;24.12;-0.59;23.18;20.35;1.53;-0.76;-13.41;62.18
1787986368590552,123621,0,255,93,-0.19,11.84,10.09,-20.59;37.92;-3.65;-16.82;41.06;5.06;21.76;24.12;-0.59;23.18;20.35;1.53;-0.76;-13.41;62.18
1787986368610069,123637,0,255,93,-0.19,11.84,10.09,-20.59;37.92;-3.65;-16.82;41.06;5.06;21.76;24.12;-0.59;23.18;20.35;1.53;-0.76;-13.41;62.18
1787986368629695,123646,0,255,93,-0.19,11.84,10.09,-20.59;37.92;-3.65;-16.82;41.06;5.06;21.76;24.12;-0.59;23.18;20.35;1.53;-0.76;-13.41;62.18
1787986368652330,123655,0,255,93,-0.19,11.84,10.09,-20.59;37.92;-3.65;-16.82;41.06;5.06;21.76;24.12;-0.59;23.18;20.35;1.53;-0.76;-13.41;62.18
1787986368669926,123664,0,255,93,-0.19,11.84,10.09,-20.59;37.92;-3.65;-16.82;41.06;5.06;21.76;24.12;-0.59;23.18;20.35;1.53;-0.76;-13.41;62.18
1787986368691257,123673,0,255,93,-0.19,11.84,10.09,-20.59;37.92;-3.65;-16.82;41.06;5.06;21.76;24.12;-0.59;23.18;20.35;1.53;-0.76;-13.41;62.18
1787986368710024,123682,0,255,93,-0.19,11.84,10.09,-20.59;37.92;-3.65;-16.82;41.06;5.06;21.76;24.12;-0.59;23.18;20.35;1.53;-0.76;-13.41;62.18
1787986368729854,123691,0,255,93,-0.19,11.84,10.09,-20.59;37.92;-3.65;-16.82;41.06;5.06;21.76;24.12;-0.59;23.18;20.35;1.53;-0.76;-13.41;62.18
1787986368749162,123700,0,255,93,-0.19,11.84,10.09,-20.59;37.92;-3.65;-16.82;41.06;5.06;21.76;24.12;-0.59;23.18;20.35;1.53;-0.76;-13.41;62.18
1787986368774662,123709,0,255,93,-0.19,11.84,10.09,-20.59;37.92;-3.65;-16.82;41.06;5.06;21.76;24.12;-0.59;23.18;20.35;1.53;-0.76;-13.41;62.18
1787986368791187,123718,0,255,93,-0.19,11.84,10.09,-20.59;37.92;-3.65;-16.82;41.06;5.06;21.76;24.12;-0.59;23.18;20.35;1.53;-0.76;-13.41;62.18
1787986368811267,123727,0,255,93,-0.19,11.84,10.09,-20.59;37.92;-3.65;-16.82;41.06;5.06;21.76;24.12;-0.59;23.18;20.35;1.53;-0.76;-13.41;62.18
1787986368830354,123737,0,255,93,-0.19,11.84,10.09,-20.59;37.92;-3.65;-16.82;41.06;5.06;21.76;24.12;-0.59;23.18;20.35;1.53;-0.76;-13.41;62.18
1787986368850258,123746,0,255,93,-0.19,11.84,10.09,-20.59;37.92;-3.65;-16.82;41.06;5.06;21.76;24.12;-0.59;23.18;20.35;1.53;-0.76;-13.41;62.18
1787986368870896,123748,0,255,93,0.35,11.5,10.99,-17.76;38.55;-1.29;-16.82;41.06;3.18;21.76;24.12;-1.29;23.18;22.24;0.35;-0.25;-13.41;62.18
1787986368890321,123764,0,255,93,0.35,11.5,10.99,-17.76;38.55;-1.29;-16.82;41.06;3.18;21.76;24.12;-1.29;23.18;22.24;0.35;-0.25;-13.41;62.18
1787986368910109,123773,0,255,93,0.35,11.5,10.99,-17.76;38.55;-1.29;-16.82;41.06;3.18;21.76;24.12;-1.29;23.18;22.24;0.35;-0.25;-13.41;62.18
1787986368932554,123782,0,255,93,0.35,11.5,10.99,-17.76;38.55;-1.29;-16.82;41.06;3.18;21.76;24.12;-1.29;23.18;22.24;0.35;-0.25;-13.41;62.18
1787986368951034,123791,0,255,93,0.35,11.5,10.99,-17.76;38.55;-1.29;-16.82;41.06;3.18;21.76;24.12;-1.29;23.18;22.24;0.35;-0.25;-13.41;62.18
1787986368970309,123800,0,255,93,0.35,11.5,10.99,-17.76;38.55;-1.29;-16.82;41.06;3.18;21.76;24.12;-1.29;23.18;22.24;0.35;-0.25;-13.41;62.18
1787986368989954,123809,0,255,93,0.35,11.5,10.99,-17.76;38.55;-1.29;-16.82;41.06;3.18;21.76;24.12;-1.29;23.18;22.24;0.35;-0.25;-13.41;62.18
1787986369012698,123818,0,255,93,0.35,11.5,10.99,-17.76;38.55;-1.29;-16.82;41.06;3.18;21.76;24.12;-1.29;23.18;22.24;0.35;-0.25;-13.41;62.18
1787986369034799,123827,0,255,93,0.35,11.5,10.99,-17.76;38.55;-1.29;-16.82;41.06;3.18;21.76;24.12;-1.29;23.18;22.24;0.35;-0.25;-13.41;62.18
1787986369050462,123836,0,255,93,0.35,11.5,10.99,-17.76;38.55;-1.29;-16.82;41.06;3.18;21.76;24.12;-1.29;23.18;22.24;0.35;-0.25;-13.41;62.18
1787986369070054,123845,0,255,93,0.35,11.5,10.99,-17.76;38.55;-1.29;-16.82;41.06;3.18;21.76;24.12;-1.29;23.18;22.24;0.35;-0.25;-13.41;62.18
1787986369091079,123847,0,255,93,0.35,11.5,10.99,-17.76;38.55;-1.29;-16.82;41.06;3.18;21.76;24.12;-1.29;23.18;22.24;0.35;-0.25;-13.41;62.18
1787986369111345,123863,0,255,93,0.35,11.5,10.99,-17.76;38.55;-1.29;-16.82;41.06;3.18;21.76;24.12;-1.29;23.18;22.24;0.35;-0.25;-13.41;62.18
1787986369130543,123872,0,255,93,0.35,11.5,10.99,-17.76;38.55;-1.29;-16.82;41.06;3.18;21.76;24.12;-1.29;23.18;22.24;0.35;-0.25;-13.41;62.18
1787986369151281,123881,0,255,93,0.35,11.5,10.99,-17.76;38.55;-1.29;-16.82;41.06;3.18;21.76;24.12;-1.29;23.18;22.24;0.35;-0.25;-13.41;62.18
1787986369170583,123890,0,255,93,0.35,11.5,10.99,-17.76;38.55;-1.29;-16.82;41.06;3.18;21.76;24.12;-1.29;23.18;22.24;0.35;-0.25;-13.41;62.18
1787986369191056,123899,0,255,93,0.35,11.5,10.99,-17.76;38.55;-1.29;-16.82;41.06;3.18;21.76;24.12;-1.29;23.18;22.24;0.35;-0.25;-13.41;62.18
1787986369210338,123908,0,255,93,0.35,11.5,10.99,-17.76;38.55;-1.29;-16.82;41.06;3.18;21.76;24.12;-1.29;23.18;22.24;0.35;-0.25;-13.41;62.18
1787986369230039,123910,0,255,93,0.35,11.5,10.99,-17.76;38.55;-1.29;-16.82;41.06;3.18;21.76;24.12;-1.29;23.18;22.24;0.35;-0.25;-13.41;62.18
1787986369251137,123926,0,255,93,0.35,11.5,10.99,-17.76;38.55;-1.29;-16.82;41.06;3.18;21.76;24.12;-1.29;23.18;22.24;0.35;-0.25;-13.41;62.18
1787986369270499,123935,0,255,93,0.35,11.5,10.99,-17.76;38.55;-1.29;-16.82;41.06;3.18;21.76;24.12;-1.29;23.18;22.24;0.35;-0.25;-13.41;62.18
1787986369289905,123944,0,255,93,0.35,11.5,10.99,-17.76;38.55;-1.29;-16.82;41.06;3.18;21.76;24.12;-1.29;23.18;22.24;0.35;-0.25;-13.41;62.18
1787986369312964,123953,0,255,93,0.35,11.5,10.99,-17.76;38.55;-1.29;-16.82;41.06;3.18;21.76;24.12;-1.29;23.18;22.24;0.35;-0.25;-13.41;62.18
1787986369330256,123962,0,255,93,0.35,11.5,10.99,-17.76;38.55;-1.29;-16.82;41.06;3.18;21.76;24.12;-1.29;23.18;22.24;0.35;-0.25;-13.41;62.18
1787986369349910,123971,0,255,93,0.35,11.5,10.99,-17.76;38.55;-1.29;-16.82;41.06;3.18;21.76;24.12;-1.29;23.18;22.24;0.35;-0.25;-13.41;62.18
1787986369371330,123980,0,255,93,0.35,11.5,10.99,-17.76;38.55;-1.29;-16.82;41.06;3.18;21.76;24.12;-1.29;23.18;22.24;0.35;-0.25;-13.41;62.18
1787986369393739,123982,0,255,93,0.35,11.5,10.99,-17.76;38.55;-1.29;-16.82;41.06;3.18;21.76;24.12;-1.29;23.18;22.24;0.35;-0.25;-13.41;62.18
1787986369417765,123991,0,255,93,0.35,11.5,10.99,-17.76;38.55;-1.29;-16.82;41.06;3.18;21.76;24.12;-1.29;23.18;22.24;0.35;-0.25;-13.41;62.18
1787986369434997,124007,0,255,93,0.35,11.5,10.99,-17.76;38.55;-1.29;-16.82;41.06;3.18;21.76;24.12;-1.29;23.18;22.24;0.35;-0.25;-13.41;62.18
1787986369450972,124016,0,255,93,0.35,11.5,10.99,-17.76;38.55;-1.29;-16.82;41.06;3.18;21.76;24.12;-1.29;23.18;22.24;0.35;-0.25;-13.41;62.18
1787986369471046,124018,0,255,93,0.35,11.5,10.99,-17.76;38.55;-1.29;-16.82;41.06;3.18;21.76;24.12;-1.29;23.18;22.24;0.35;-0.25;-13.41;62.18
1787986369490174,124034,0,255,93,0.35,11.5,10.99,-17.76;38.55;-1.29;-16.82;41.06;3.18;21.76;24.12;-1.29;23.18;22.24;0.35;-0.25;-13.41;62.18
1787986369509695,124043,0,255,93,0.35,11.5,10.99,-17.76;38.55;-1.29;-16.82;41.06;3.18;21.76;24.12;-1.29;23.18;22.24;0.35;-0.25;-13.41;62.18
1787986369531927,124052,0,255,93,0.35,11.5,10.99,-17.76;38.55;-1.29;-16.82;41.06;3.18;21.76;24.12;-1.29;23.18;22.24;0.35;-0.25;-13.41;62.18
1787986369550542,124061,0,255,93,0.35,11.5,10.99,-17.76;38.55;-1.29;-16.82;41.06;3.18;21.76;24.12;-1.29;23.18;22.24;0.35;-0.25;-13.41;62.18
1787986369569518,124070,0,255,93,0.35,11.5,10.99,-17.76;38.55;-1.29;-16.82;41.06;3.18;21.76;24.12;-1.29;23.18;22.24;0.35;-0.25;-13.41;62.18
1787986369593421,124079,0,255,93,0.35,11.5,10.99,-17.76;38.55;-1.29;-16.82;41.06;3.18;21.76;24.12;-1.29;23.18;22.24;0.35;-0.25;-13.41;62.18
1787986369611212,124081,0,255,93,0.35,11.5,10.99,-17.76;38.55;-1.29;-16.82;41.06;3.18;21.76;24.12;-1.29;23.18;22.24;0.35;-0.25;-13.41;62.18
1787986369630758,124097,0,255,93,0.35,11.5,10.99,-17.76;38.55;-1.29;-16.82;41.06;3.18;21.76;24.12;-1.29;23.18;22.24;0.35;-0.25;-13.41;62.18
1787986369650298,124106,0,255,93,0.35,11.5,10.99,-17.76;38.55;-1.29;-16.82;41.06;3.18;21.76;24.12;-1.29;23.18;22.24;0.35;-0.25;-13.41;62.18
1787986369669813,124115,0,255,93,0.35,11.5,10.99,-17.76;38.55;-1.29;-16.82;41.06;3.18;21.76;24.12;-1.29;23.18;22.24;0.35;-0.25;-13.41;62.18
1787986369691329,124117,0,255,93,0.35,11.5,10.99,-17.76;38.55;-1.29;-16.82;41.06;3.18;21.76;24.12;-1.29;23.18;22.24;0.35;-0.25;-13.41;62.18
1787986369712285,124133,0,255,93,0.35,11.5,10.99,-17.76;38.55;-1.29;-16.82;41.06;3.18;21.76;24.12;-1.29;23.18;22.24;0.35;-0.25;-13.41;62.18
1787986369731274,124142,0,255,93,0.35,11.5,10.99,-17.76;38.55;-1.29;-16.82;41.06;3.18;21.76;24.12;-1.29;23.18;22.24;0.35;-0.25;-13.41;62.18
1787986369751006,124144,0,255,93,0.35,11.5,10.99,-17.76;38.55;-1.29;-16.82;41.06;3.18;21.76;24.12;-1.29;23.18;22.24;0.35;-0.25;-13.41;62.18
1787986369770152,124160,0,255,93,0.35,11.5,10.99,-17.76;38.55;-1.29;-16.82;41.06;3.18;21.76;24.12;-1.29;23.18;22.24;0.35;-0.25;-13.41;62.18
1787986369790358,124169,0,255,93,0.35,11.5,10.99,-17.76;38.55;-1.29;-16.82;41.06;3.18;21.76;24.12;-1.29;23.18;22.24;0.35;-0.25;-13.41;62.18
1787986369812077,124178,0,255,93,0.35,11.5,10.99,-17.76;38.55;-1.29;-16.82;41.06;3.18;21.76;24.12;-1.29;23.18;22.24;0.35;-0.25;-13.41;62.18
1787986369829819,124188,0,255,93,0.35,11.5,10.99,-17.76;38.55;-1.29;-16.82;41.06;3.18;21.76;24.12;-1.29;23.18;22.24;0.35;-0.25;-13.41;62.18
1787986369849853,124197,0,255,93,0.35,11.5,10.99,-17.76;38.55;-1.29;-16.82;41.06;3.18;21.76;24.12;-1.29;23.18;22.24;0.35;-0.25;-13.41;62.18
1787986369871168,124206,0,255,93,-2.15,10.14,12.48,-16.82;36.04;0.35;-21.06;45.45;-1.53;19.41;21.61;1.76;9.53;26.63;0.59;-0.76;-12.9;62.18
1787986369889323,124215,0,255,93,-2.15,10.14,12.48,-16.82;36.04;0.35;-21.06;45.45;-1.53;19.41;21.61;1.76;9.53;26.63;0.59;-0.76;-12.9;62.18
1787986369910831,124224,0,255,93,-2.15,10.14,12.48,-16.82;36.04;0.35;-21.06;45.45;-1.53;19.41;21.61;1.76;9.53;26.63;0.59;-0.76;-12.9;62.18
1787986369930139,124233,0,255,93,-2.15,10.14,12.48,-16.82;36.04;0.35;-21.06;45.45;-1.53;19.41;21.61;1.76;9.53;26.63;0.59;-0.76;-12.9;62.18
1787986369949122,124242,0,255,93,-2.15,10.14,12.48,-16.82;36.04;0.35;-21.06;45.45;-1.53;19.41;21.61;1.76;9.53;26.63;0.59;-0.76;-12.9;62.18
1787986369971470,124251,0,255,93,-2.15,10.14,12.48,-16.82;36.04;0.35;-21.06;45.45;-1.53;19.41;21.61;1.76;9.53;26.63;0.59;-0.76;-12.9;62.18
1787986369990653,124260,0,255,93,-2.15,10.14,12.48,-16.82;36.04;0.35;-21.06;45.45;-1.53;19.41;21.61;1.76;9.53;26.63;0.59;-0.76;-12.9;62.18
1787986370010257,124269,0,255,93,-2.15,10.14,12.48,-16.82;36.04;0.35;-21.06;45.45;-1.53;19.41;21.61;1.76;9.53;26.63;0.59;-0.76;-12.9;62.18
1787986370034510,124278,0,255,93,-2.15,10.14,12.48,-16.82;36.04;0.35;-21.06;45.45;-1.53;19.41;21.61;1.76;9.53;26.63;0.59;-0.76;-12.9;62.18
1787986370050958,124287,0,255,93,-2.15,10.14,12.48,-16.82;36.04;0.35;-21.06;45.45;-1.53;19.41;21.61;1.76;9.53;26.63;0.59;-0.76;-12.9;62.18
1787986370070001,124296,0,255,93,-2.15,10.14,12.48,-16.82;36.04;0.35;-21.06;45.45;-1.53;19.41;21.61;1.76;9.53;26.63;0.59;-0.76;-12.9;62.18
1787986370089942,124305,0,255,93,-2.15,10.14,12.48,-16.82;36.04;0.35;-21.06;45.45;-1.53;19.41;21.61;1.76;9.53;26.63;0.59;-0.76;-12.9;62.18
1787986370109069,124314,0,255,93,-2.15,10.14,12.48,-16.82;36.04;0.35;-21.06;45.45;-1.53;19.41;21.61;1.76;9.53;26.63;0.59;-0.76;-12.9;62.18
1787986370131124,124323,0,255,93,-2.15,10.14,12.48,-16.82;36.04;0.35;-21.06;45.45;-1.53;19.41;21.61;1.76;9.53;26.63;0.59;-0.76;-12.9;62.18
1787986370149469,124332,0,255,93,-2.15,10.14,12.48,-16.82;36.04;0.35;-21.06;45.45;-1.53;19.41;21.61;1.76;9.53;26.63;0.59;-0.76;-12.9;62.18
1787986370169979,124341,0,255,93,-2.15,10.14,12.48,-16.82;36.04;0.35;-21.06;45.45;-1.53;19.41;21.61;1.76;9.53;26.63;0.59;-0.76;-12.9;62.18
1787986370191768,124350,0,255,93,-2.15,10.14,12.48,-16.82;36.04;0.35;-21.06;45.45;-1.53;19.41;21.61;1.76;9.53;26.63;0.59;-0.76;-12.9;62.18
1787986370210245,124359,0,255,93,-2.15,10.14,12.48,-16.82;36.04;0.35;-21.06;45.45;-1.53;19.41;21.61;1.76;9.53;26.63;0.59;-0.76;-12.9;62.18
1787986370229688,124368,0,255,93,-2.15,10.14,12.48,-16.82;36.04;0.35;-21.06;45.45;-1.53;19.41;21.61;1.76;9.53;26.63;0.59;-0.76;-12.9;62.18
1787986370253319,124370,0,255,93,-2.15,10.14,12.48,-16.82;36.04;0.35;-21.06;45.45;-1.53;19.41;21.61;1.76;9.53;26.63;0.59;-0.76;-12.9;62.18
1787986370271883,124386,0,255,93,-2.15,10.14,12.48,-16.82;36.04;0.35;-21.06;45.45;-1.53;19.41;21.61;1.76;9.53;26.63;0.59;-0.76;-12.9;62.18
1787986370290917,124395,0,255,93,-2.15,10.14,12.48,-16.82;36.04;0.35;-21.06;45.45;-1.53;19.41;21.61;1.76;9.53;26.63;0.59;-0.76;-12.9;62.18
1787986370312084,124404,0,255,93,-2.15,10.14,12.48,-16.82;36.04;0.35;-21.06;45.45;-1.53;19.41;21.61;1.76;9.53;26.63;0.59;-0.76;-12.9;62.18
1787986370329489,124413,0,255,93,-2.15,10.14,12.48,-16.82;36.04;0.35;-21.06;45.45;-1.53;19.41;21.61;1.76;9.53;26.63;0.59;-0.76;-12.9;62.18
1787986370350740,124422,0,255,93,-2.15,10.14,12.48,-16.82;36.04;0.35;-21.06;45.45;-1.53;19.41;21.61;1.76;9.53;26.63;0.59;-0.76;-12.9;62.18
1787986370370699,124431,0,255,93,-2.15,10.14,12.48,-16.82;36.04;0.35;-21.06;45.45;-1.53;19.41;21.61;1.76;9.53;26.63;0.59;-0.76;-12.9;62.18
1787986370389614,124440,0,255,93,-2.15,10.14,12.48,-16.82;36.04;0.35;-21.06;45.45;-1.53;19.41;21.61;1.76;9.53;26.63;0.59;-0.76;-12.9;62.18
1787986370412311,124449,0,255,93,-2.15,10.14,12.48,-16.82;36.04;0.35;-21.06;45.45;-1.53;19.41;21.61;1.76;9.53;26.63;0.59;-0.76;-12.9;62.18
1787986370431513,124458,0,255,93,-2.15,10.14,12.48,-16.82;36.04;0.35;-21.06;45.45;-1.53;19.41;21.61;1.76;9.53;26.63;0.59;-0.76;-12.9;62.18
1787986370449670,124467,0,255,93,-2.15,10.14,12.48,-16.82;36.04;0.35;-21.06;45.45;-1.53;19.41;21.61;1.76;9.53;26.63;0.59;-0.76;-12.9;62.18
1787986370472681,124476,0,255,93,-2.15,10.14,12.48,-16.82;36.04;0.35;-21.06;45.45;-1.53;19.41;21.61;1.76;9.53;26.63;0.59;-0.76;-12.9;62.18
1787986370490448,124485,0,255,93,-2.15,10.14,12.48,-16.82;36.04;0.35;-21.06;45.45;-1.53;19.41;21.61;1.76;9.53;26.63;0.59;-0.76;-12.9;62.18
1787986370510352,124494,0,255,93,-2.15,10.14,12.48,-16.82;36.04;0.35;-21.06;45.45;-1.53;19.41;21.61;1.76;9.53;26.63;0.59;-0.76;-12.9;62.18
1787986370532599,124503,0,255,93,-2.15,10.14,12.48,-16.82;36.04;0.35;-21.06;45.45;-1.53;19.41;21.61;1.76;9.53;26.63;0.59;-0.76;-12.9;62.18
1787986370550110,124512,0,255,93,-2.15,10.14,12.48,-16.82;36.04;0.35;-21.06;45.45;-1.53;19.41;21.61;1.76;9.53;26.63;0.59;-0.76;-12.9;62.18
1787986370571531,124514,0,255,93,-2.15,10.14,12.48,-16.82;36.04;0.35;-21.06;45.45;-1.53;19.41;21.61;1.76;9.53;26.63;0.59;-0.76;-12.9;62.18
1787986370589258,124530,0,255,93,-2.15,10.14,12.48,-16.82;36.04;0.35;-21.06;45.45;-1.53;19.41;21.61;1.76;9.53;26.63;0.59;-0.76;-12.9;62.18
1787986370609966,124539,0,255,93,-2.15,10.14,12.48,-16.82;36.04;0.35;-21.06;45.45;-1.53;19.41;21.61;1.76;9.53;26.63;0.59;-0.76;-12.9;62.18
1787986370756559,124541,0,255,93,-2.15,10.14,12.48,-16.82;36.04;0.35;-21.06;45.45;-1.53;19.41;21.61;1.76;9.53;26.63;0.59;-0.76;-12.9;62.18
1787986370757042,124543,0,255,93,-2.15,10.14,12.48,-16.82;36.04;0.35;-21.06;45.45;-1.53;19.41;21.61;1.76;9.53;26.63;0.59;-0.76;-12.9;62.18
1787986370757544,124545,0,255,93,-2.15,10.14,12.48,-16.82;36.04;0.35;-21.06;45.45;-1.53;19.41;21.61;1.76;9.53;26.63;0.59;-0.76;-12.9;62.18
1787986370758039,124547,0,255,93,-2.15,10.14,12.48,-16.82;36.04;0.35;-21.06;45.45;-1.53;19.41;21.61;1.76;9.53;26.63;0.59;-0.76;-12.9;62.18
1787986370758523,124549,0,255,93,-2.15,10.14,12.48,-16.82;36.04;0.35;-21.06;45.45;-1.53;19.41;21.61;1.76;9.53;26.63;0.59;-0.76;-12.9;62.18
1787986370759148,124551,0,255,93,-2.15,10.14,12.48,-16.82;36.04;0.35;-21.06;45.45;-1.53;19.41;21.61;1.76;9.53;26.63;0.59;-0.76;-12.9;62.18
1787986370759608,124553,0,255,93,-2.15,10.14,12.48,-16.82;36.04;0.35;-21.06;45.45;-1.53;19.41;21.61;1.76;9.53;26.63;0.59;-0.76;-12.9;62.18
1787986370772549,124604,0,255,93,-2.15,10.14,12.48,-16.82;36.04;0.35;-21.06;45.45;-1.53;19.41;21.61;1.76;9.53;26.63;0.59;-0.76;-12.9;62.18
1787986370812549,124613,0,255,93,-2.15,10.14,12.48,-16.82;36.04;0.35;-21.06;45.45;-1.53;19.41;21.61;1.76;9.53;26.63;0.59;-0.76;-12.9;62.18
1787986370813882,124615,0,255,93,-2.15,10.14,12.48,-16.82;36.04;0.35;-21.06;45.45;-1.53;19.41;21.61;1.76;9.53;26.63;0.59;-0.76;-12.9;62.18
1787986370831054,124639,0,255,93,-2.15,10.14,12.48,-16.82;36.04;0.35;-21.06;45.45;-1.53;19.41;21.61;1.76;9.53;26.63;0.59;-0.76;-12.9;62.18
1787986370899240,124641,0,255,93,-2.15,10.14,12.48,-16.82;36.04;0.35;-21.06;45.45;-1.53;19.41;21.61;1.76;9.53;26.63;0.59;-0.76;-12.9;62.18
1787986370901291,124643,0,255,93,-0.19,11.16,18.28,-18.24;39.18;-1.76;-15.88;39.8;3.18;21.76;23.49;-1.29;22.71;20.98;1.29;-0.76;-13.41;62.18
1787986370903503,124645,0,255,93,-0.19,11.16,18.28,-18.24;39.18;-1.76;-15.88;39.8;3.18;21.76;23.49;-1.29;22.71;20.98;1.29;-0.76;-13.41;62.18
1787986370913150,124668,0,255,93,-0.19,11.16,18.28,-18.24;39.18;-1.76;-15.88;39.8;3.18;21.76;23.49;-1.29;22.71;20.98;1.29;-0.76;-13.41;62.18
1787986371020821,124677,0,255,93,-0.19,11.16,18.28,-18.24;39.18;-1.76;-15.88;39.8;3.18;21.76;23.49;-1.29;22.71;20.98;1.29;-0.76;-13.41;62.18
1787986371023701,124679,0,255,93,-0.19,11.16,18.28,-18.24;39.18;-1.76;-15.88;39.8;3.18;21.76;23.49;-1.29;22.71;20.98;1.29;-0.76;-13.41;62.18
1787986371026162,124681,0,255,93,-0.19,11.16,18.28,-18.24;39.18;-1.76;-15.88;39.8;3.18;21.76;23.49;-1.29;22.71;20.98;1.29;-0.76;-13.41;62.18
1787986371027478,124683,0,255,93,-0.19,11.16,18.28,-18.24;39.18;-1.76;-15.88;39.8;3.18;21.76;23.49;-1.29;22.71;20.98;1.29;-0.76;-13.41;62.18
1787986371028828,124685,0,255,93,-0.19,11.16,18.28,-18.24;39.18;-1.76;-15.88;39.8;3.18;21.76;23.49;-1.29;22.71;20.98;1.29;-0.76;-13.41;62.18
1787986371033533,124722,0,255,93,-0.19,11.16,18.28,-18.24;39.18;-1.76;-15.88;39.8;3.18;21.76;23.49;-1.29;22.71;20.98;1.29;-0.76;-13.41;62.18
1787986371077148,124724,0,255,93,-0.19,11.16,18.28,-18.24;39.18;-1.76;-15.88;39.8;3.18;21.76;23.49;-1.29;22.71;20.98;1.29;-0.76;-13.41;62.18
1787986371086624,124726,0,255,93,-0.19,11.16,18.28,-18.24;39.18;-1.76;-15.88;39.8;3.18;21.76;23.49;-1.29;22.71;20.98;1.29;-0.76;-13.41;62.18
1787986371090672,124749,0,255,93,-0.19,11.16,18.28,-18.24;39.18;-1.76;-15.88;39.8;3.18;21.76;23.49;-1.29;22.71;20.98;1.29;-0.76;-13.41;62.18
1787986371214315,124751,0,255,93,-0.19,11.16,18.28,-18.24;39.18;-1.76;-15.88;39.8;3.18;21.76;23.49;-1.29;22.71;20.98;1.29;-0.76;-13.41;62.18
1787986371215823,124753,0,255,93,-0.19,11.16,18.28,-18.24;39.18;-1.76;-15.88;39.8;3.18;21.76;23.49;-1.29;22.71;20.98;1.29;-0.76;-13.41;62.18
1787986371216920,124755,0,255,93,-0.19,11.16,18.28,-18.24;39.18;-1.76;-15.88;39.8;3.18;21.76;23.49;-1.29;22.71;20.98;1.29;-0.76;-13.41;62.18
1787986371217963,124757,0,255,93,-0.19,11.16,18.28,-18.24;39.18;-1.76;-15.88;39.8;3.18;21.76;23.49;-1.29;22.71;20.98;1.29;-0.76;-13.41;62.18
1787986371218457,124759,0,255,93,-0.19,11.16,18.28,-18.24;39.18;-1.76;-15.88;39.8;3.18;21.76;23.49;-1.29;22.71;20.98;1.29;-0.76;-13.41;62.18
1787986371219152,124761,0,255,93,-0.19,11.16,18.28,-18.24;39.18;-1.76;-15.88;39.8;3.18;21.76;23.49;-1.29;22.71;20.98;1.29;-0.76;-13.41;62.18
1787986371231882,124805,0,255,93,-0.19,11.16,18.28,-18.24;39.18;-1.76;-15.88;39.8;3.18;21.76;23.49;-1.29;22.71;20.98;1.29;-0.76;-13.41;62.18
1787986371359048,124814,0,255,93,-0.19,11.16,18.28,-18.24;39.18;-1.76;-15.88;39.8;3.18;21.76;23.49;-1.29;22.71;20.98;1.29;-0.76;-13.41;62.18
1787986371361064,124816,0,255,93,-0.19,11.16,18.28,-18.24;39.18;-1.76;-15.88;39.8;3.18;21.76;23.49;-1.29;22.71;20.98;1.29;-0.76;-13.41;62.18
1787986371363141,124818,0,255,93,-0.19,11.16,18.28,-18.24;39.18;-1.76;-15.88;39.8;3.18;21.76;23.49;-1.29;22.71;20.98;1.29;-0.76;-13.41;62.18
1787986371364628,124820,0,255,93,-0.19,11.16,18.28,-18.24;39.18;-1.76;-15.88;39.8;3.18;21.76;23.49;-1.29;22.71;20.98;1.29;-0.76;-13.41;62.18
1787986371365897,124822,0,255,93,-0.19,11.16,18.28,-18.24;39.18;-1.76;-15.88;39.8;3.18;21.76;23.49;-1.29;22.71;20.98;1.29;-0.76;-13.41;62.18
1787986371366993,124824,0,255,93,-0.19,11.16,18.28,-18.24;39.18;-1.76;-15.88;39.8;3.18;21.76;23.49;-1.29;22.71;20.98;1.29;-0.76;-13.41;62.18
1787986371372307,124868,0,255,93,-0.19,11.16,18.28,-18.24;39.18;-1.76;-15.88;39.8;3.18;21.76;23.49;-1.29;22.71;20.98;1.29;-0.76;-13.41;62.18
1787986371390085,124877,0,255,93,-0.19,11.16,18.28,-18.24;39.18;-1.76;-15.88;39.8;3.18;21.76;23.49;-1.29;22.71;20.98;1.29;-0.76;-13.41;62.18
1787986371411066,124886,0,255,93,-0.19,11.16,18.28,-18.24;39.18;-1.76;-15.88;39.8;3.18;21.76;23.49;-1.29;22.71;20.98;1.29;-0.76;-13.41;62.18
1787986371431248,124895,0,255,93,-0.19,11.16,18.28,-18.24;39.18;-1.76;-15.88;39.8;3.18;21.76;23.49;-1.29;22.71;20.98;1.29;-0.76;-13.41;62.18
1787986371563301,124904,0,255,93,-0.19,11.16,18.28,-18.24;39.18;-1.76;-15.88;39.8;3.18;21.76;23.49;-1.29;22.71;20.98;1.29;-0.76;-13.41;62.18
1787986371565076,124906,0,255,93,-0.19,11.16,18.28,-18.24;39.18;-1.76;-15.88;39.8;3.18;21.76;23.49;-1.29;22.71;20.98;1.29;-0.76;-13.41;62.18
1787986371567166,124908,0,255,93,-0.19,11.16,18.28,-18.24;39.18;-1.76;-15.88;39.8;3.18;21.76;23.49;-1.29;22.71;20.98;1.29;-0.76;-13.41;62.18
1787986371568932,124910,0,255,93,-0.19,11.16,18.28,-18.24;39.18;-1.76;-15.88;39.8;3.18;21.76;23.49;-1.29;22.71;20.98;1.29;-0.76;-13.41;62.18
1787986371570155,124912,0,255,93,-0.19,11.16,18.28,-18.24;39.18;-1.76;-15.88;39.8;3.18;21.76;23.49;-1.29;22.71;20.98;1.29;-0.76;-13.41;62.18
1787986371571272,124914,0,255,93,-0.19,11.16,18.28,-18.24;39.18;-1.76;-15.88;39.8;3.18;21.76;23.49;-1.29;22.71;20.98;1.29;-0.76;-13.41;62.18
1787986371574204,124937,0,255,93,-0.19,11.16,18.28,-18.24;39.18;-1.76;-15.88;39.8;3.18;21.76;23.49;-1.29;22.71;20.98;1.29;-0.76;-13.41;62.18
1787986371589507,124967,0,255,93,-0.19,11.16,18.28,-18.24;39.18;-1.76;-15.88;39.8;3.18;21.76;23.49;-1.29;22.71;20.98;1.29;-0.76;-13.41;62.18
1787986371609703,124976,0,255,93,-0.19,11.16,18.28,-18.24;39.18;-1.76;-15.88;39.8;3.18;21.76;23.49;-1.29;22.71;20.98;1.29;-0.76;-13.41;62.18
1787986371631839,124985,0,255,93,-0.19,11.16,18.28,-18.24;39.18;-1.76;-15.88;39.8;3.18;21.76;23.49;-1.29;22.71;20.98;1.29;-0.76;-13.41;62.18
1787986371767160,124994,0,255,93,-0.19,11.16,18.28,-18.24;39.18;-1.76;-15.88;39.8;3.18;21.76;23.49;-1.29;22.71;20.98;1.29;-0.76;-13.41;62.18
1787986371768011,124996,0,255,93,-0.19,11.16,18.28,-18.24;39.18;-1.76;-15.88;39.8;3.18;21.76;23.49;-1.29;22.71;20.98;1.29;-0.76;-13.41;62.18
1787986371768709,124998,0,255,93,-0.19,11.16,18.28,-18.24;39.18;-1.76;-15.88;39.8;3.18;21.76;23.49;-1.29;22.71;20.98;1.29;-0.76;-13.41;62.18
1787986371769477,125000,0,255,93,-0.19,11.16,18.28,-18.24;39.18;-1.76;-15.88;39.8;3.18;21.76;23.49;-1.29;22.71;20.98;1.29;-0.76;-13.41;62.18
1787986371770296,125002,0,255,93,-0.19,11.16,18.28,-18.24;39.18;-1.76;-15.88;39.8;3.18;21.76;23.49;-1.29;22.71;20.98;1.29;-0.76;-13.41;62.18
1787986371771030,125004,0,255,93,-0.19,11.16,18.28,-18.24;39.18;-1.76;-15.88;39.8;3.18;21.76;23.49;-1.29;22.71;20.98;1.29;-0.76;-13.41;62.18
1787986371771799,125006,0,255,93,-0.19,11.16,18.28,-18.24;39.18;-1.76;-15.88;39.8;3.18;21.76;23.49;-1.29;22.71;20.98;1.29;-0.76;-13.41;62.18
1787986371793669,125057,0,255,93,-0.19,11.16,18.28,-18.24;39.18;-1.76;-15.88;39.8;3.18;21.76;23.49;-1.29;22.71;20.98;1.29;-0.76;-13.41;62.18
1787986371810792,125066,0,255,93,-0.19,11.16,18.28,-18.24;39.18;-1.76;-15.88;39.8;3.18;21.76;23.49;-1.29;22.71;20.98;1.29;-0.76;-13.41;62.18
1787986371830599,125076,0,255,93,-0.19,11.16,18.28,-18.24;39.18;-1.76;-15.88;39.8;3.18;21.76;23.49;-1.29;22.71;20.98;1.29;-0.76;-13.41;62.18
1787986371851178,125085,0,255,93,-0.19,11.16,18.28,-18.24;39.18;-1.76;-15.88;39.8;3.18;21.76;23.49;-1.29;22.71;20.98;1.29;-0.76;-13.41;62.18
1787986371972606,125087,0,255,94,0.17,11.42,15.88,-18.24;39.8;-0.35;-16.82;38.55;1.76;22.24;24.12;-0.12;22.24;22.24;0.82;-0.25;-9.33;53
1787986371974411,125089,0,255,94,0.17,11.42,15.88,-18.24;39.8;-0.35;-16.82;38.55;1.76;22.24;24.12;-0.12;22.24;22.24;0.82;-0.25;-9.33;53
1787986371975809,125091,0,255,94,0.17,11.42,15.88,-18.24;39.8;-0.35;-16.82;38.55;1.76;22.24;24.12;-0.12;22.24;22.24;0.82;-0.25;-9.33;53
1787986371977479,125093,0,255,94,0.17,11.42,15.88,-18.24;39.8;-0.35;-16.82;38.55;1.76;22.24;24.12;-0.12;22.24;22.24;0.82;-0.25;-9.33;53
1787986371979057,125095,0,255,94,0.17,11.42,15.88,-18.24;39.8;-0.35;-16.82;38.55;1.76;22.24;24.12;-0.12;22.24;22.24;0.82;-0.25;-9.33;53
1787986371980046,125097,0,255,94,0.17,11.42,15.88,-18.24;39.8;-0.35;-16.82;38.55;1.76;22.24;24.12;-0.12;22.24;22.24;0.82;-0.25;-9.33;53
1787986371990325,125148,0,255,94,0.17,11.42,15.88,-18.24;39.8;-0.35;-16.82;38.55;1.76;22.24;24.12;-0.12;22.24;22.24;0.82;-0.25;-9.33;53
1787986372012345,125150,0,255,94,0.17,11.42,15.88,-18.24;39.8;-0.35;-16.82;38.55;1.76;22.24;24.12;-0.12;22.24;22.24;0.82;-0.25;-9.33;53
1787986372030905,125159,0,255,94,0.17,11.42,15.88,-18.24;39.8;-0.35;-16.82;38.55;1.76;22.24;24.12;-0.12;22.24;22.24;0.82;-0.25;-9.33;53
1787986372051499,125168,0,255,94,0.17,11.42,15.88,-18.24;39.8;-0.35;-16.82;38.55;1.76;22.24;24.12;-0.12;22.24;22.24;0.82;-0.25;-9.33;53
1787986372177331,125177,0,255,94,0.17,11.42,15.88,-18.24;39.8;-0.35;-16.82;38.55;1.76;22.24;24.12;-0.12;22.24;22.24;0.82;-0.25;-9.33;53
1787986372178276,125179,0,255,94,0.17,11.42,15.88,-18.24;39.8;-0.35;-16.82;38.55;1.76;22.24;24.12;-0.12;22.24;22.24;0.82;-0.25;-9.33;53
1787986372179218,125181,0,255,94,0.17,11.42,15.88,-18.24;39.8;-0.35;-16.82;38.55;1.76;22.24;24.12;-0.12;22.24;22.24;0.82;-0.25;-9.33;53
1787986372179913,125183,0,255,94,0.17,11.42,15.88,-18.24;39.8;-0.35;-16.82;38.55;1.76;22.24;24.12;-0.12;22.24;22.24;0.82;-0.25;-9.33;53
1787986372180772,125185,0,255,94,0.17,11.42,15.88,-18.24;39.8;-0.35;-16.82;38.55;1.76;22.24;24.12;-0.12;22.24;22.24;0.82;-0.25;-9.33;53
1787986372181420,125187,0,255,94,0.17,11.42,15.88,-18.24;39.8;-0.35;-16.82;38.55;1.76;22.24;24.12;-0.12;22.24;22.24;0.82;-0.25;-9.33;53
1787986372192076,125231,0,255,94,0.17,11.42,15.88,-18.24;39.8;-0.35;-16.82;38.55;1.76;22.24;24.12;-0.12;22.24;22.24;0.82;-0.25;-9.33;53
1787986372210597,125247,0,255,94,0.17,11.42,15.88,-18.24;39.8;-0.35;-16.82;38.55;1.76;22.24;24.12;-0.12;22.24;22.24;0.82;-0.25;-9.33;53
1787986372229637,125249,0,255,94,0.17,11.42,15.88,-18.24;39.8;-0.35;-16.82;38.55;1.76;22.24;24.12;-0.12;22.24;22.24;0.82;-0.25;-9.33;53
1787986372249885,125258,0,255,94,0.17,11.42,15.88,-18.24;39.8;-0.35;-16.82;38.55;1.76;22.24;24.12;-0.12;22.24;22.24;0.82;-0.25;-9.33;53
1787986372381472,125267,0,255,94,0.17,11.42,15.88,-18.24;39.8;-0.35;-16.82;38.55;1.76;22.24;24.12;-0.12;22.24;22.24;0.82;-0.25;-9.33;53
1787986372382074,125269,0,255,94,0.17,11.42,15.88,-18.24;39.8;-0.35;-16.82;38.55;1.76;22.24;24.12;-0.12;22.24;22.24;0.82;-0.25;-9.33;53
1787986372382515,125271,0,255,94,0.17,11.42,15.88,-18.24;39.8;-0.35;-16.82;38.55;1.76;22.24;24.12;-0.12;22.24;22.24;0.82;-0.25;-9.33;53
1787986372383025,125273,0,255,94,0.17,11.42,15.88,-18.24;39.8;-0.35;-16.82;38.55;1.76;22.24;24.12;-0.12;22.24;22.24;0.82;-0.25;-9.33;53
1787986372383476,125275,0,255,94,0.17,11.42,15.88,-18.24;39.8;-0.35;-16.82;38.55;1.76;22.24;24.12;-0.12;22.24;22.24;0.82;-0.25;-9.33;53
1787986372383960,125277,0,255,94,0.17,11.42,15.88,-18.24;39.8;-0.35;-16.82;38.55;1.76;22.24;24.12;-0.12;22.24;22.24;0.82;-0.25;-9.33;53
1787986372390784,125279,0,255,94,0.17,11.42,15.88,-18.24;39.8;-0.35;-16.82;38.55;1.76;22.24;24.12;-0.12;22.24;22.24;0.82;-0.25;-9.33;53
1787986372409827,125330,0,255,94,0.17,11.42,15.88,-18.24;39.8;-0.35;-16.82;38.55;1.76;22.24;24.12;-0.12;22.24;22.24;0.82;-0.25;-9.33;53
1787986372430404,125339,0,255,94,0.17,11.42,15.88,-18.24;39.8;-0.35;-16.82;38.55;1.76;22.24;24.12;-0.12;22.24;22.24;0.82;-0.25;-9.33;53
1787986372451970,125348,0,255,94,0.17,11.42,15.88,-18.24;39.8;-0.35;-16.82;38.55;1.76;22.24;24.12;-0.12;22.24;22.24;0.82;-0.25;-9.33;53
1787986372586210,125357,0,255,94,0.17,11.42,15.88,-18.24;39.8;-0.35;-16.82;38.55;1.76;22.24;24.12;-0.12;22.24;22.24;0.82;-0.25;-9.33;53
1787986372588002,125366,0,255,94,0.17,11.42,15.88,-18.24;39.8;-0.35;-16.82;38.55;1.76;22.24;24.12;-0.12;22.24;22.24;0.82;-0.25;-9.33;53
1787986372588602,125368,0,255,94,0.17,11.42,15.88,-18.24;39.8;-0.35;-16.82;38.55;1.76;22.24;24.12;-0.12;22.24;22.24;0.82;-0.25;-9.33;53
1787986372589126,125370,0,255,94,0.17,11.42,15.88,-18.24;39.8;-0.35;-16.82;38.55;1.76;22.24;24.12;-0.12;22.24;22.24;0.82;-0.25;-9.33;53
1787986372589751,125372,0,255,94,0.17,11.42,15.88,-18.24;39.8;-0.35;-16.82;38.55;1.76;22.24;24.12;-0.12;22.24;22.24;0.82;-0.25;-9.33;53
1787986372590253,125374,0,255,94,0.17,11.42,15.88,-18.24;39.8;-0.35;-16.82;38.55;1.76;22.24;24.12;-0.12;22.24;22.24;0.82;-0.25;-9.33;53
1787986372593228,125376,0,255,94,0.17,11.42,15.88,-18.24;39.8;-0.35;-16.82;38.55;1.76;22.24;24.12;-0.12;22.24;22.24;0.82;-0.25;-9.33;53
1787986372610531,125420,0,255,94,0.17,11.42,15.88,-18.24;39.8;-0.35;-16.82;38.55;1.76;22.24;24.12;-0.12;22.24;22.24;0.82;-0.25;-9.33;53
1787986372629827,125429,0,255,94,0.17,11.42,15.88,-18.24;39.8;-0.35;-16.82;38.55;1.76;22.24;24.12;-0.12;22.24;22.24;0.82;-0.25;-9.33;53
1787986372650468,125438,0,255,94,0.17,11.42,15.88,-18.24;39.8;-0.35;-16.82;38.55;1.76;22.24;24.12;-0.12;22.24;22.24;0.82;-0.25;-9.33;53
1787986372672675,125447,0,255,94,0.17,11.42,15.88,-18.24;39.8;-0.35;-16.82;38.55;1.76;22.24;24.12;-0.12;22.24;22.24;0.82;-0.25;-9.33;53
1787986372793400,125456,0,255,94,0.17,11.42,15.88,-18.24;39.8;-0.35;-16.82;38.55;1.76;22.24;24.12;-0.12;22.24;22.24;0.82;-0.25;-9.33;53
1787986372795703,125458,0,255,94,0.17,11.42,15.88,-18.24;39.8;-0.35;-16.82;38.55;1.76;22.24;24.12;-0.12;22.24;22.24;0.82;-0.25;-9.33;53
1787986372797439,125460,0,255,94,0.17,11.42,15.88,-18.24;39.8;-0.35;-16.82;38.55;1.76;22.24;24.12;-0.12;22.24;22.24;0.82;-0.25;-9.33;53
1787986372798686,125462,0,255,94,0.17,11.42,15.88,-18.24;39.8;-0.35;-16.82;38.55;1.76;22.24;24.12;-0.12;22.24;22.24;0.82;-0.25;-9.33;53
1787986372799912,125464,0,255,94,0.17,11.42,15.88,-18.24;39.8;-0.35;-16.82;38.55;1.76;22.24;24.12;-0.12;22.24;22.24;0.82;-0.25;-9.33;53
1787986372800814,125466,0,255,94,0.17,11.42,15.88,-18.24;39.8;-0.35;-16.82;38.55;1.76;22.24;24.12;-0.12;22.24;22.24;0.82;-0.25;-9.33;53
1787986372809897,125510,0,255,94,0.17,11.42,15.88,-18.24;39.8;-0.35;-16.82;38.55;1.76;22.24;24.12;-0.12;22.24;22.24;0.82;-0.25;-9.33;53
1787986372997642,125520,0,255,94,0.17,11.42,15.88,-18.24;39.8;-0.35;-16.82;38.55;1.76;22.24;24.12;-0.12;22.24;22.24;0.82;-0.25;-9.33;53
1787986372999182,125522,0,255,94,0.17,11.42,15.88,-18.24;39.8;-0.35;-16.82;38.55;1.76;22.24;24.12;-0.12;22.24;22.24;0.82;-0.25;-9.33;53
1787986373000680,125524,0,255,94,0.17,11.42,15.88,-18.24;39.8;-0.35;-16.82;38.55;1.76;22.24;24.12;-0.12;22.24;22.24;0.82;-0.25;-9.33;53
1787986373005287,125526,0,255,93,0.95,13.11,24.51,-17.76;37.92;-1.53;-16.35;41.06;2.71;22.24;23.49;-1.53;24.59;20.98;0.12;0.25;-9.84;53.76
1787986373006537,125528,0,255,93,0.95,13.11,24.51,-17.76;37.92;-1.53;-16.35;41.06;2.71;22.24;23.49;-1.53;24.59;20.98;0.12;0.25;-9.84;53.76
1787986373010263,125551,0,255,93,0.95,13.11,24.51,-17.76;37.92;-1.53;-16.35;41.06;2.71;22.24;23.49;-1.53;24.59;20.98;0.12;0.25;-9.84;53.76
1787986373010909,125553,0,255,93,0.95,13.11,24.51,-17.76;37.92;-1.53;-16.35;41.06;2.71;22.24;23.49;-1.53;24.59;20.98;0.12;0.25;-9.84;53.76
1787986373045594,125555,0,255,93,0.95,13.11,24.51,-17.76;37.92;-1.53;-16.35;41.06;2.71;22.24;23.49;-1.53;24.59;20.98;0.12;0.25;-9.84;53.76
1787986373046526,125557,0,255,93,0.95,13.11,24.51,-17.76;37.92;-1.53;-16.35;41.06;2.71;22.24;23.49;-1.53;24.59;20.98;0.12;0.25;-9.84;53.76
1787986373047193,125559,0,255,93,0.95,13.11,24.51,-17.76;37.92;-1.53;-16.35;41.06;2.71;22.24;23.49;-1.53;24.59;20.98;0.12;0.25;-9.84;53.76
1787986373047973,125561,0,255,93,0.95,13.11,24.51,-17.76;37.92;-1.53;-16.35;41.06;2.71;22.24;23.49;-1.53;24.59;20.98;0.12;0.25;-9.84;53.76
1787986373062786,125605,0,255,93,0.95,13.11,24.51,-17.76;37.92;-1.53;-16.35;41.06;2.71;22.24;23.49;-1.53;24.59;20.98;0.12;0.25;-9.84;53.76
1787986373070235,125628,0,255,93,0.95,13.11,24.51,-17.76;37.92;-1.53;-16.35;41.06;2.71;22.24;23.49;-1.53;24.59;20.98;0.12;0.25;-9.84;53.76
1787986373202650,125637,0,255,93,0.95,13.11,24.51,-17.76;37.92;-1.53;-16.35;41.06;2.71;22.24;23.49;-1.53;24.59;20.98;0.12;0.25;-9.84;53.76
1787986373204795,125639,0,255,93,0.95,13.11,24.51,-17.76;37.92;-1.53;-16.35;41.06;2.71;22.24;23.49;-1.53;24.59;20.98;0.12;0.25;-9.84;53.76
1787986373206163,125641,0,255,93,0.95,13.11,24.51,-17.76;37.92;-1.53;-16.35;41.06;2.71;22.24;23.49;-1.53;24.59;20.98;0.12;0.25;-9.84;53.76
1787986373207564,125643,0,255,93,0.95,13.11,24.51,-17.76;37.92;-1.53;-16.35;41.06;2.71;22.24;23.49;-1.53;24.59;20.98;0.12;0.25;-9.84;53.76
1787986373208866,125645,0,255,93,0.95,13.11,24.51,-17.76;37.92;-1.53;-16.35;41.06;2.71;22.24;23.49;-1.53;24.59;20.98;0.12;0.25;-9.84;53.76
1787986373209880,125647,0,255,93,0.95,13.11,24.51,-17.76;37.92;-1.53;-16.35;41.06;2.71;22.24;23.49;-1.53;24.59;20.98;0.12;0.25;-9.84;53.76
1787986373213141,125649,0,255,93,0.95,13.11,24.51,-17.76;37.92;-1.53;-16.35;41.06;2.71;22.24;23.49;-1.53;24.59;20.98;0.12;0.25;-9.84;53.76
1787986373405716,125700,0,255,93,0.95,13.11,24.51,-17.76;37.92;-1.53;-16.35;41.06;2.71;22.24;23.49;-1.53;24.59;20.98;0.12;0.25;-9.84;53.76
1787986373406678,125702,0,255,93,0.95,13.11,24.51,-17.76;37.92;-1.53;-16.35;41.06;2.71;22.24;23.49;-1.53;24.59;20.98;0.12;0.25;-9.84;53.76
1787986373407591,125704,0,255,93,0.95,13.11,24.51,-17.76;37.92;-1.53;-16.35;41.06;2.71;22.24;23.49;-1.53;24.59;20.98;0.12;0.25;-9.84;53.76
1787986373408402,125706,0,255,93,0.95,13.11,24.51,-17.76;37.92;-1.53;-16.35;41.06;2.71;22.24;23.49;-1.53;24.59;20.98;0.12;0.25;-9.84;53.76
1787986373409255,125708,0,255,93,0.95,13.11,24.51,-17.76;37.92;-1.53;-16.35;41.06;2.71;22.24;23.49;-1.53;24.59;20.98;0.12;0.25;-9.84;53.76
1787986373412657,125731,0,255,93,0.95,13.11,24.51,-17.76;37.92;-1.53;-16.35;41.06;2.71;22.24;23.49;-1.53;24.59;20.98;0.12;0.25;-9.84;53.76
1787986373413081,125733,0,255,93,0.95,13.11,24.51,-17.76;37.92;-1.53;-16.35;41.06;2.71;22.24;23.49;-1.53;24.59;20.98;0.12;0.25;-9.84;53.76
1787986373453849,125735,0,255,93,0.95,13.11,24.51,-17.76;37.92;-1.53;-16.35;41.06;2.71;22.24;23.49;-1.53;24.59;20.98;0.12;0.25;-9.84;53.76
1787986373455697,125737,0,255,93,0.95,13.11,24.51,-17.76;37.92;-1.53;-16.35;41.06;2.71;22.24;23.49;-1.53;24.59;20.98;0.12;0.25;-9.84;53.76
1787986373456868,125739,0,255,93,0.95,13.11,24.51,-17.76;37.92;-1.53;-16.35;41.06;2.71;22.24;23.49;-1.53;24.59;20.98;0.12;0.25;-9.84;53.76
1787986373458060,125741,0,255,93,0.95,13.11,24.51,-17.76;37.92;-1.53;-16.35;41.06;2.71;22.24;23.49;-1.53;24.59;20.98;0.12;0.25;-9.84;53.76
1787986373458944,125743,0,255,93,0.95,13.11,24.51,-17.76;37.92;-1.53;-16.35;41.06;2.71;22.24;23.49;-1.53;24.59;20.98;0.12;0.25;-9.84;53.76
1787986373470742,125808,0,255,93,0.95,13.11,24.51,-17.76;37.92;-1.53;-16.35;41.06;2.71;22.24;23.49;-1.53;24.59;20.98;0.12;0.25;-9.84;53.76
1787986373494148,125817,0,255,93,0.95,13.11,24.51,-17.76;37.92;-1.53;-16.35;41.06;2.71;22.24;23.49;-1.53;24.59;20.98;0.12;0.25;-9.84;53.76
1787986373610565,125819,0,255,93,0.95,13.11,24.51,-17.76;37.92;-1.53;-16.35;41.06;2.71;22.24;23.49;-1.53;24.59;20.98;0.12;0.25;-9.84;53.76
1787986373611134,125821,0,255,93,0.95,13.11,24.51,-17.76;37.92;-1.53;-16.35;41.06;2.71;22.24;23.49;-1.53;24.59;20.98;0.12;0.25;-9.84;53.76
1787986373611644,125823,0,255,93,0.95,13.11,24.51,-17.76;37.92;-1.53;-16.35;41.06;2.71;22.24;23.49;-1.53;24.59;20.98;0.12;0.25;-9.84;53.76
1787986373612049,125825,0,255,93,0.95,13.11,24.51,-17.76;37.92;-1.53;-16.35;41.06;2.71;22.24;23.49;-1.53;24.59;20.98;0.12;0.25;-9.84;53.76
1787986373613526,125827,0,255,93,0.95,13.11,24.51,-17.76;37.92;-1.53;-16.35;41.06;2.71;22.24;23.49;-1.53;24.59;20.98;0.12;0.25;-9.84;53.76
1787986373614044,125829,0,255,93,0.95,13.11,24.51,-17.76;37.92;-1.53;-16.35;41.06;2.71;22.24;23.49;-1.53;24.59;20.98;0.12;0.25;-9.84;53.76
1787986373631663,125880,0,255,93,0.95,13.11,24.51,-17.76;37.92;-1.53;-16.35;41.06;2.71;22.24;23.49;-1.53;24.59;20.98;0.12;0.25;-9.84;53.76
1787986373816235,125882,0,255,93,0.95,13.11,24.51,-17.76;37.92;-1.53;-16.35;41.06;2.71;22.24;23.49;-1.53;24.59;20.98;0.12;0.25;-9.84;53.76
1787986373817951,125884,0,255,93,0.95,13.11,24.51,-17.76;37.92;-1.53;-16.35;41.06;2.71;22.24;23.49;-1.53;24.59;20.98;0.12;0.25;-9.84;53.76
1787986373827891,125886,0,255,93,0.95,13.11,24.51,-17.76;37.92;-1.53;-16.35;41.06;2.71;22.24;23.49;-1.53;24.59;20.98;0.12;0.25;-9.84;53.76
1787986373829568,125888,0,255,93,0.95,13.11,24.51,-17.76;37.92;-1.53;-16.35;41.06;2.71;22.24;23.49;-1.53;24.59;20.98;0.12;0.25;-9.84;53.76
1787986373834982,125918,0,255,93,0.95,13.11,24.51,-17.76;37.92;-1.53;-16.35;41.06;2.71;22.24;23.49;-1.53;24.59;20.98;0.12;0.25;-9.84;53.76
1787986373835962,125920,0,255,93,0.95,13.11,24.51,-17.76;37.92;-1.53;-16.35;41.06;2.71;22.24;23.49;-1.53;24.59;20.98;0.12;0.25;-9.84;53.76
1787986373836802,125922,0,255,93,0.95,13.11,24.51,-17.76;37.92;-1.53;-16.35;41.06;2.71;22.24;23.49;-1.53;24.59;20.98;0.12;0.25;-9.84;53.76
1787986373837415,125924,0,255,93,0.95,13.11,24.51,-17.76;37.92;-1.53;-16.35;41.06;2.71;22.24;23.49;-1.53;24.59;20.98;0.12;0.25;-9.84;53.76
1787986373901396,125926,0,255,93,0.95,13.11,24.51,-17.76;37.92;-1.53;-16.35;41.06;2.71;22.24;23.49;-1.53;24.59;20.98;0.12;0.25;-9.84;53.76
1787986373903875,125929,0,255,93,0.95,13.11,24.51,-17.76;37.92;-1.53;-16.35;41.06;2.71;22.24;23.49;-1.53;24.59;20.98;0.12;0.25;-9.84;53.76
1787986373905566,125931,0,255,94,-0.13,11.89,24.46,-18.24;37.92;-1.53;-16.35;39.8;2.94;22.24;24.12;-1.29;23.18;21.61;0.12;0.25;-9.84;53.76
1787986373907295,125933,0,255,94,-0.13,11.89,24.46,-18.24;37.92;-1.53;-16.35;39.8;2.94;22.24;24.12;-1.29;23.18;21.61;0.12;0.25;-9.84;53.76
1787986373908464,125935,0,255,94,-0.13,11.89,24.46,-18.24;37.92;-1.53;-16.35;39.8;2.94;22.24;24.12;-1.29;23.18;21.61;0.12;0.25;-9.84;53.76
1787986374027254,126007,0,255,94,-0.13,11.89,24.46,-18.24;37.92;-1.53;-16.35;39.8;2.94;22.24;24.12;-1.29;23.18;21.61;0.12;0.25;-9.84;53.76
1787986374028013,126009,0,255,94,-0.13,11.89,24.46,-18.24;37.92;-1.53;-16.35;39.8;2.94;22.24;24.12;-1.29;23.18;21.61;0.12;0.25;-9.84;53.76
1787986374071062,126011,0,255,94,-0.13,11.89,24.46,-18.24;37.92;-1.53;-16.35;39.8;2.94;22.24;24.12;-1.29;23.18;21.61;0.12;0.25;-9.84;53.76
1787986374071649,126013,0,255,94,-0.13,11.89,24.46,-18.24;37.92;-1.53;-16.35;39.8;2.94;22.24;24.12;-1.29;23.18;21.61;0.12;0.25;-9.84;53.76
1787986374072187,126015,0,255,94,-0.13,11.89,24.46,-18.24;37.92;-1.53;-16.35;39.8;2.94;22.24;24.12;-1.29;23.18;21.61;0.12;0.25;-9.84;53.76
1787986374072647,126017,0,255,94,-0.13,11.89,24.46,-18.24;37.92;-1.53;-16.35;39.8;2.94;22.24;24.12;-1.29;23.18;21.61;0.12;0.25;-9.84;53.76
1787986374075761,126019,0,255,94,-0.13,11.89,24.46,-18.24;37.92;-1.53;-16.35;39.8;2.94;22.24;24.12;-1.29;23.18;21.61;0.12;0.25;-9.84;53.76
1787986374076744,126021,0,255,94,-0.13,11.89,24.46,-18.24;37.92;-1.53;-16.35;39.8;2.94;22.24;24.12;-1.29;23.18;21.61;0.12;0.25;-9.84;53.76
1787986374077209,126023,0,255,94,-0.13,11.89,24.46,-18.24;37.92;-1.53;-16.35;39.8;2.94;22.24;24.12;-1.29;23.18;21.61;0.12;0.25;-9.84;53.76
1787986374094574,126088,0,255,94,-0.13,11.89,24.46,-18.24;37.92;-1.53;-16.35;39.8;2.94;22.24;24.12;-1.29;23.18;21.61;0.12;0.25;-9.84;53.76
1787986374236875,126097,0,255,94,-0.13,11.89,24.46,-18.24;37.92;-1.53;-16.35;39.8;2.94;22.24;24.12;-1.29;23.18;21.61;0.12;0.25;-9.84;53.76
1787986374237347,126099,0,255,94,-0.13,11.89,24.46,-18.24;37.92;-1.53;-16.35;39.8;2.94;22.24;24.12;-1.29;23.18;21.61;0.12;0.25;-9.84;53.76
1787986374237873,126101,0,255,94,-0.13,11.89,24.46,-18.24;37.92;-1.53;-16.35;39.8;2.94;22.24;24.12;-1.29;23.18;21.61;0.12;0.25;-9.84;53.76
1787986374238336,126103,0,255,94,-0.13,11.89,24.46,-18.24;37.92;-1.53;-16.35;39.8;2.94;22.24;24.12;-1.29;23.18;21.61;0.12;0.25;-9.84;53.76
1787986374240178,126105,0,255,94,-0.13,11.89,24.46,-18.24;37.92;-1.53;-16.35;39.8;2.94;22.24;24.12;-1.29;23.18;21.61;0.12;0.25;-9.84;53.76
1787986374240700,126107,0,255,94,-0.13,11.89,24.46,-18.24;37.92;-1.53;-16.35;39.8;2.94;22.24;24.12;-1.29;23.18;21.61;0.12;0.25;-9.84;53.76
1787986374241159,126109,0,255,94,-0.13,11.89,24.46,-18.24;37.92;-1.53;-16.35;39.8;2.94;22.24;24.12;-1.29;23.18;21.61;0.12;0.25;-9.84;53.76
1787986374261917,126160,0,255,94,-0.13,11.89,24.46,-18.24;37.92;-1.53;-16.35;39.8;2.94;22.24;24.12;-1.29;23.18;21.61;0.12;0.25;-9.84;53.76
1787986374273569,126169,0,255,94,-0.13,11.89,24.46,-18.24;37.92;-1.53;-16.35;39.8;2.94;22.24;24.12;-1.29;23.18;21.61;0.12;0.25;-9.84;53.76
1787986374430505,126171,0,255,94,-0.13,11.89,24.46,-18.24;37.92;-1.53;-16.35;39.8;2.94;22.24;24.12;-1.29;23.18;21.61;0.12;0.25;-9.84;53.76
1787986374432409,126173,0,255,94,-0.13,11.89,24.46,-18.24;37.92;-1.53;-16.35;39.8;2.94;22.24;24.12;-1.29;23.18;21.61;0.12;0.25;-9.84;53.76
1787986374433793,126175,0,255,94,-0.13,11.89,24.46,-18.24;37.92;-1.53;-16.35;39.8;2.94;22.24;24.12;-1.29;23.18;21.61;0.12;0.25;-9.84;53.76
1787986374435296,126177,0,255,94,-0.13,11.89,24.46,-18.24;37.92;-1.53;-16.35;39.8;2.94;22.24;24.12;-1.29;23.18;21.61;0.12;0.25;-9.84;53.76
1787986374436682,126179,0,255,94,-0.13,11.89,24.46,-18.24;37.92;-1.53;-16.35;39.8;2.94;22.24;24.12;-1.29;23.18;21.61;0.12;0.25;-9.84;53.76
1787986374437780,126181,0,255,94,-0.13,11.89,24.46,-18.24;37.92;-1.53;-16.35;39.8;2.94;22.24;24.12;-1.29;23.18;21.61;0.12;0.25;-9.84;53.76
1787986374438802,126183,0,255,94,-0.13,11.89,24.46,-18.24;37.92;-1.53;-16.35;39.8;2.94;22.24;24.12;-1.29;23.18;21.61;0.12;0.25;-9.84;53.76
1787986374441212,126199,0,255,94,-0.13,11.89,24.46,-18.24;37.92;-1.53;-16.35;39.8;2.94;22.24;24.12;-1.29;23.18;21.61;0.12;0.25;-9.84;53.76
1787986374635556,126250,0,255,94,-0.13,11.89,24.46,-18.24;37.92;-1.53;-16.35;39.8;2.94;22.24;24.12;-1.29;23.18;21.61;0.12;0.25;-9.84;53.76
1787986374636070,126252,0,255,94,-0.13,11.89,24.46,-18.24;37.92;-1.53;-16.35;39.8;2.94;22.24;24.12;-1.29;23.18;21.61;0.12;0.25;-9.84;53.76
1787986374636635,126254,0,255,94,-0.13,11.89,24.46,-18.24;37.92;-1.53;-16.35;39.8;2.94;22.24;24.12;-1.29;23.18;21.61;0.12;0.25;-9.84;53.76
1787986374637089,126256,0,255,94,-0.13,11.89,24.46,-18.24;37.92;-1.53;-16.35;39.8;2.94;22.24;24.12;-1.29;23.18;21.61;0.12;0.25;-9.84;53.76
1787986374637636,126258,0,255,94,-0.13,11.89,24.46,-18.24;37.92;-1.53;-16.35;39.8;2.94;22.24;24.12;-1.29;23.18;21.61;0.12;0.25;-9.84;53.76
1787986374638198,126260,0,255,94,-0.13,11.89,24.46,-18.24;37.92;-1.53;-16.35;39.8;2.94;22.24;24.12;-1.29;23.18;21.61;0.12;0.25;-9.84;53.76
1787986374638671,126262,0,255,94,-0.13,11.89,24.46,-18.24;37.92;-1.53;-16.35;39.8;2.94;22.24;24.12;-1.29;23.18;21.61;0.12;0.25;-9.84;53.76
1787986374641983,126285,0,255,94,-0.13,11.89,24.46,-18.24;37.92;-1.53;-16.35;39.8;2.94;22.24;24.12;-1.29;23.18;21.61;0.12;0.25;-9.84;53.76
1787986374642474,126287,0,255,94,-0.13,11.89,24.46,-18.24;37.92;-1.53;-16.35;39.8;2.94;22.24;24.12;-1.29;23.18;21.61;0.12;0.25;-9.84;53.76
1787986374843278,126289,0,255,94,-0.13,11.89,24.46,-18.24;37.92;-1.53;-16.35;39.8;2.94;22.24;24.12;-1.29;23.18;21.61;0.12;0.25;-9.84;53.76
1787986374845091,126291,0,255,94,-0.13,11.89,24.46,-18.24;37.92;-1.53;-16.35;39.8;2.94;22.24;24.12;-1.29;23.18;21.61;0.12;0.25;-9.84;53.76
1787986374846409,126293,0,255,94,-0.13,11.89,24.46,-18.24;37.92;-1.53;-16.35;39.8;2.94;22.24;24.12;-1.29;23.18;21.61;0.12;0.25;-9.84;53.76
1787986374847874,126295,0,255,94,-0.13,11.89,24.46,-18.24;37.92;-1.53;-16.35;39.8;2.94;22.24;24.12;-1.29;23.18;21.61;0.12;0.25;-9.84;53.76
1787986374849181,126297,0,255,94,-0.13,11.89,24.46,-18.24;37.92;-1.53;-16.35;39.8;2.94;22.24;24.12;-1.29;23.18;21.61;0.12;0.25;-9.84;53.76
1787986374850227,126299,0,255,94,-0.13,11.89,24.46,-18.24;37.92;-1.53;-16.35;39.8;2.94;22.24;24.12;-1.29;23.18;21.61;0.12;0.25;-9.84;53.76
1787986374856881,126371,0,255,94,-0.13,11.89,24.46,-18.24;37.92;-1.53;-16.35;39.8;2.94;22.24;24.12;-1.29;23.18;21.61;0.12;0.25;-9.84;53.76
1787986374857304,126373,0,255,94,-0.13,11.89,24.46,-18.24;37.92;-1.53;-16.35;39.8;2.94;22.24;24.12;-1.29;23.18;21.61;0.12;0.25;-9.84;53.76
1787986374916380,126375,0,255,94,-0.13,11.89,24.46,-18.24;37.92;-1.53;-16.35;39.8;2.94;22.24;24.12;-1.29;23.18;21.61;0.12;0.25;-9.84;53.76
1787986374918352,126377,0,255,94,-0.13,11.89,24.46,-18.24;37.92;-1.53;-16.35;39.8;2.94;22.24;24.12;-1.29;23.18;21.61;0.12;0.25;-9.84;53.76
1787986374919676,126380,0,255,94,-0.13,11.89,24.46,-18.24;37.92;-1.53;-16.35;39.8;2.94;22.24;24.12;-1.29;23.18;21.61;0.12;0.25;-9.84;53.76
1787986374921002,126382,0,255,93,-0.04,11.76,24.36,-18.24;37.92;-1.53;-16.35;39.8;2.94;22.24;24.12;-1.29;23.18;20.98;0.12;0.25;-9.84;53.76
1787986374922172,126384,0,255,93,-0.04,11.76,24.36,-18.24;37.92;-1.53;-16.35;39.8;2.94;22.24;24.12;-1.29;23.18;20.98;0.12;0.25;-9.84;53.76
1787986374923033,126386,0,255,93,-0.04,11.76,24.36,-18.24;37.92;-1.53;-16.35;39.8;2.94;22.24;24.12;-1.29;23.18;20.98;0.12;0.25;-9.84;53.76
1787986374923861,126388,0,255,93,-0.04,11.76,24.36,-18.24;37.92;-1.53;-16.35;39.8;2.94;22.24;24.12;-1.29;23.18;20.98;0.12;0.25;-9.84;53.76
1787986375047266,126411,0,255,93,-0.04,11.76,24.36,-18.24;37.92;-1.53;-16.35;39.8;2.94;22.24;24.12;-1.29;23.18;20.98;0.12;0.25;-9.84;53.76
1787986375049755,126413,0,255,93,-0.04,11.76,24.36,-18.24;37.92;-1.53;-16.35;39.8;2.94;22.24;24.12;-1.29;23.18;20.98;0.12;0.25;-9.84;53.76
1787986375089838,126415,0,255,93,-0.04,11.76,24.36,-18.24;37.92;-1.53;-16.35;39.8;2.94;22.24;24.12;-1.29;23.18;20.98;0.12;0.25;-9.84;53.76
1787986375091844,126417,0,255,93,-0.04,11.76,24.36,-18.24;37.92;-1.53;-16.35;39.8;2.94;22.24;24.12;-1.29;23.18;20.98;0.12;0.25;-9.84;53.76
1787986375093215,126419,0,255,93,-0.04,11.76,24.36,-18.24;37.92;-1.53;-16.35;39.8;2.94;22.24;24.12;-1.29;23.18;20.98;0.12;0.25;-9.84;53.76
1787986375094891,126421,0,255,93,-0.04,11.76,24.36,-18.24;37.92;-1.53;-16.35;39.8;2.94;22.24;24.12;-1.29;23.18;20.98;0.12;0.25;-9.84;53.76
1787986375096096,126423,0,255,93,-0.04,11.76,24.36,-18.24;37.92;-1.53;-16.35;39.8;2.94;22.24;24.12;-1.29;23.18;20.98;0.12;0.25;-9.84;53.76
1787986375097168,126425,0,255,93,-0.04,11.76,24.36,-18.24;37.92;-1.53;-16.35;39.8;2.94;22.24;24.12;-1.29;23.18;20.98;0.12;0.25;-9.84;53.76
1787986375104488,126483,0,255,93,-0.04,11.76,24.36,-18.24;37.92;-1.53;-16.35;39.8;2.94;22.24;24.12;-1.29;23.18;20.98;0.12;0.25;-9.84;53.76
1787986375110138,126485,0,255,93,-0.04,11.76,24.36,-18.24;37.92;-1.53;-16.35;39.8;2.94;22.24;24.12;-1.29;23.18;20.98;0.12;0.25;-9.84;53.76
1787986375256086,126494,0,255,93,-0.04,11.76,24.36,-18.24;37.92;-1.53;-16.35;39.8;2.94;22.24;24.12;-1.29;23.18;20.98;0.12;0.25;-9.84;53.76
1787986375256600,126496,0,255,93,-0.04,11.76,24.36,-18.24;37.92;-1.53;-16.35;39.8;2.94;22.24;24.12;-1.29;23.18;20.98;0.12;0.25;-9.84;53.76
1787986375257008,126498,0,255,93,-0.04,11.76,24.36,-18.24;37.92;-1.53;-16.35;39.8;2.94;22.24;24.12;-1.29;23.18;20.98;0.12;0.25;-9.84;53.76
1787986375257519,126500,0,255,93,-0.04,11.76,24.36,-18.24;37.92;-1.53;-16.35;39.8;2.94;22.24;24.12;-1.29;23.18;20.98;0.12;0.25;-9.84;53.76
1787986375258054,126502,0,255,93,-0.04,11.76,24.36,-18.24;37.92;-1.53;-16.35;39.8;2.94;22.24;24.12;-1.29;23.18;20.98;0.12;0.25;-9.84;53.76
1787986375258484,126504,0,255,93,-0.04,11.76,24.36,-18.24;37.92;-1.53;-16.35;39.8;2.94;22.24;24.12;-1.29;23.18;20.98;0.12;0.25;-9.84;53.76
1787986375258984,126506,0,255,93,-0.04,11.76,24.36,-18.24;37.92;-1.53;-16.35;39.8;2.94;22.24;24.12;-1.29;23.18;20.98;0.12;0.25;-9.84;53.76
1787986375269795,126557,0,255,93,-0.04,11.76,24.36,-18.24;37.92;-1.53;-16.35;39.8;2.94;22.24;24.12;-1.29;23.18;20.98;0.12;0.25;-9.84;53.76
1787986375311033,126566,0,255,93,-0.04,11.76,24.36,-18.24;37.92;-1.53;-16.35;39.8;2.94;22.24;24.12;-1.29;23.18;20.98;0.12;0.25;-9.84;53.76
1787986375431276,126568,0,255,93,-0.04,11.76,24.36,-18.24;37.92;-1.53;-16.35;39.8;2.94;22.24;24.12;-1.29;23.18;20.98;0.12;0.25;-9.84;53.76
1787986375432664,126570,0,255,93,-0.04,11.76,24.36,-18.24;37.92;-1.53;-16.35;39.8;2.94;22.24;24.12;-1.29;23.18;20.98;0.12;0.25;-9.84;53.76
1787986375434082,126572,0,255,93,-0.04,11.76,24.36,-18.24;37.92;-1.53;-16.35;39.8;2.94;22.24;24.12;-1.29;23.18;20.98;0.12;0.25;-9.84;53.76
1787986375435574,126574,0,255,93,-0.04,11.76,24.36,-18.24;37.92;-1.53;-16.35;39.8;2.94;22.24;24.12;-1.29;23.18;20.98;0.12;0.25;-9.84;53.76
1787986375436827,126576,0,255,93,-0.04,11.76,24.36,-18.24;37.92;-1.53;-16.35;39.8;2.94;22.24;24.12;-1.29;23.18;20.98;0.12;0.25;-9.84;53.76
1787986375438122,126578,0,255,93,-0.04,11.76,24.36,-18.24;37.92;-1.53;-16.35;39.8;2.94;22.24;24.12;-1.29;23.18;20.98;0.12;0.25;-9.84;53.76
1787986375443986,126629,0,255,93,-0.04,11.76,24.36,-18.24;37.92;-1.53;-16.35;39.8;2.94;22.24;24.12;-1.29;23.18;20.98;0.12;0.25;-9.84;53.76
1787986375449686,126638,0,255,93,-0.04,11.76,24.36,-18.24;37.92;-1.53;-16.35;39.8;2.94;22.24;24.12;-1.29;23.18;20.98;0.12;0.25;-9.84;53.76
1787986375595309,126647,0,255,93,-0.04,11.76,24.36,-18.24;37.92;-1.53;-16.35;39.8;2.94;22.24;24.12;-1.29;23.18;20.98;0.12;0.25;-9.84;53.76
1787986375596709,126649,0,255,93,-0.04,11.76,24.36,-18.24;37.92;-1.53;-16.35;39.8;2.94;22.24;24.12;-1.29;23.18;20.98;0.12;0.25;-9.84;53.76
1787986375598147,126651,0,255,93,-0.04,11.76,24.36,-18.24;37.92;-1.53;-16.35;39.8;2.94;22.24;24.12;-1.29;23.18;20.98;0.12;0.25;-9.84;53.76
1787986375599351,126653,0,255,93,-0.04,11.76,24.36,-18.24;37.92;-1.53;-16.35;39.8;2.94;22.24;24.12;-1.29;23.18;20.98;0.12;0.25;-9.84;53.76
1787986375600243,126655,0,255,93,-0.04,11.76,24.36,-18.24;37.92;-1.53;-16.35;39.8;2.94;22.24;24.12;-1.29;23.18;20.98;0.12;0.25;-9.84;53.76
1787986375601096,126657,0,255,93,-0.04,11.76,24.36,-18.24;37.92;-1.53;-16.35;39.8;2.94;22.24;24.12;-1.29;23.18;20.98;0.12;0.25;-9.84;53.76
1787986375601881,126659,0,255,93,-0.04,11.76,24.36,-18.24;37.92;-1.53;-16.35;39.8;2.94;22.24;24.12;-1.29;23.18;20.98;0.12;0.25;-9.84;53.76
1787986375609868,126710,0,255,93,-0.04,11.76,24.36,-18.24;37.92;-1.53;-16.35;39.8;2.94;22.24;24.12;-1.29;23.18;20.98;0.12;0.25;-9.84;53.76
1787986375629918,126719,0,255,93,-0.04,11.76,24.36,-18.24;37.92;-1.53;-16.35;39.8;2.94;22.24;24.12;-1.29;23.18;20.98;0.12;0.25;-9.84;53.76
1787986375762127,126728,0,255,93,-0.04,11.76,24.36,-18.24;37.92;-1.53;-16.35;39.8;2.94;22.24;24.12;-1.29;23.18;20.98;0.12;0.25;-9.84;53.76
1787986375762596,126730,0,255,93,-0.04,11.76,24.36,-18.24;37.92;-1.53;-16.35;39.8;2.94;22.24;24.12;-1.29;23.18;20.98;0.12;0.25;-9.84;53.76
1787986375763019,126732,0,255,93,-0.04,11.76,24.36,-18.24;37.92;-1.53;-16.35;39.8;2.94;22.24;24.12;-1.29;23.18;20.98;0.12;0.25;-9.84;53.76
1787986375763394,126734,0,255,93,-0.04,11.76,24.36,-18.24;37.92;-1.53;-16.35;39.8;2.94;22.24;24.12;-1.29;23.18;20.98;0.12;0.25;-9.84;53.76
1787986375763821,126736,0,255,93,-0.04,11.76,24.36,-18.24;37.92;-1.53;-16.35;39.8;2.94;22.24;24.12;-1.29;23.18;20.98;0.12;0.25;-9.84;53.76
1787986375764278,126738,0,255,93,-0.04,11.76,24.36,-18.24;37.92;-1.53;-16.35;39.8;2.94;22.24;24.12;-1.29;23.18;20.98;0.12;0.25;-9.84;53.76
1787986375770675,126782,0,255,93,-0.04,11.76,24.36,-18.24;37.92;-1.53;-16.35;39.8;2.94;22.24;24.12;-1.29;23.18;20.98;0.12;0.25;-9.84;53.76
1787986375790494,126791,0,255,93,-0.04,11.76,24.36,-18.24;37.92;-1.53;-16.35;39.8;2.94;22.24;24.12;-1.29;23.18;20.98;0.12;0.25;-9.84;53.76
1787986375937827,126800,0,255,93,-0.04,11.76,24.36,-18.24;37.92;-1.53;-16.35;39.8;2.94;22.24;24.12;-1.29;23.18;20.98;0.12;0.25;-9.84;53.76
1787986375939498,126803,0,255,93,-0.04,11.76,24.36,-18.24;37.92;-1.53;-16.35;39.8;2.94;22.24;24.12;-1.29;23.18;20.98;0.12;0.25;-9.84;53.76
1787986375941115,126805,0,255,93,-0.04,11.73,24.3,-18.24;37.92;-1.53;-16.35;39.8;2.94;22.24;24.12;-1.29;23.18;20.98;0.12;0.25;-9.84;53.76
1787986375942480,126807,0,255,93,-0.04,11.73,24.3,-18.24;37.92;-1.53;-16.35;39.8;2.94;22.24;24.12;-1.29;23.18;20.98;0.12;0.25;-9.84;53.76
1787986375943953,126809,0,255,93,-0.04,11.73,24.3,-18.24;37.92;-1.53;-16.35;39.8;2.94;22.24;24.12;-1.29;23.18;20.98;0.12;0.25;-9.84;53.76
1787986375945642,126811,0,255,93,-0.04,11.73,24.3,-18.24;37.92;-1.53;-16.35;39.8;2.94;22.24;24.12;-1.29;23.18;20.98;0.12;0.25;-9.84;53.76
1787986375946486,126813,0,255,93,-0.04,11.73,24.3,-18.24;37.92;-1.53;-16.35;39.8;2.94;22.24;24.12;-1.29;23.18;20.98;0.12;0.25;-9.84;53.76
1787986375954038,126864,0,255,93,-0.04,11.73,24.3,-18.24;37.92;-1.53;-16.35;39.8;2.94;22.24;24.12;-1.29;23.18;20.98;0.12;0.25;-9.84;53.76
1787986375970288,126873,0,255,93,-0.04,11.73,24.3,-18.24;37.92;-1.53;-16.35;39.8;2.94;22.24;24.12;-1.29;23.18;20.98;0.12;0.25;-9.84;53.76
1787986376100430,126882,0,255,93,-0.04,11.73,24.3,-18.24;37.92;-1.53;-16.35;39.8;2.94;22.24;24.12;-1.29;23.18;20.98;0.12;0.25;-9.84;53.76
1787986376101345,126884,0,255,93,-0.04,11.73,24.3,-18.24;37.92;-1.53;-16.35;39.8;2.94;22.24;24.12;-1.29;23.18;20.98;0.12;0.25;-9.84;53.76
1787986376102059,126886,0,255,93,-0.04,11.73,24.3,-18.24;37.92;-1.53;-16.35;39.8;2.94;22.24;24.12;-1.29;23.18;20.98;0.12;0.25;-9.84;53.76
1787986376102667,126888,0,255,93,-0.04,11.73,24.3,-18.24;37.92;-1.53;-16.35;39.8;2.94;22.24;24.12;-1.29;23.18;20.98;0.12;0.25;-9.84;53.76
1787986376103383,126890,0,255,93,-0.04,11.73,24.3,-18.24;37.92;-1.53;-16.35;39.8;2.94;22.24;24.12;-1.29;23.18;20.98;0.12;0.25;-9.84;53.76
1787986376104027,126892,0,255,93,-0.04,11.73,24.3,-18.24;37.92;-1.53;-16.35;39.8;2.94;22.24;24.12;-1.29;23.18;20.98;0.12;0.25;-9.84;53.76
1787986376110451,126936,0,255,93,-0.04,11.73,24.3,-18.24;37.92;-1.53;-16.35;39.8;2.94;22.24;24.12;-1.29;23.18;20.98;0.12;0.25;-9.84;53.76
1787986376129905,126945,0,255,93,-0.04,11.73,24.3,-18.24;37.92;-1.53;-16.35;39.8;2.94;22.24;24.12;-1.29;23.18;20.98;0.12;0.25;-9.84;53.76
1787986376267785,126954,0,255,93,-0.04,11.73,24.3,-18.24;37.92;-1.53;-16.35;39.8;2.94;22.24;24.12;-1.29;23.18;20.98;0.12;0.25;-9.84;53.76
1787986376269666,126956,0,255,93,-0.04,11.73,24.3,-18.24;37.92;-1.53;-16.35;39.8;2.94;22.24;24.12;-1.29;23.18;20.98;0.12;0.25;-9.84;53.76
1787986376270104,126958,0,255,93,-0.04,11.73,24.3,-18.24;37.92;-1.53;-16.35;39.8;2.94;22.24;24.12;-1.29;23.18;20.98;0.12;0.25;-9.84;53.76
1787986376270536,126960,0,255,93,-0.04,11.73,24.3,-18.24;37.92;-1.53;-16.35;39.8;2.94;22.24;24.12;-1.29;23.18;20.98;0.12;0.25;-9.84;53.76
1787986376271552,126962,0,255,93,-0.04,11.73,24.3,-18.24;37.92;-1.53;-16.35;39.8;2.94;22.24;24.12;-1.29;23.18;20.98;0.12;0.25;-9.84;53.76
1787986376274575,126964,0,255,93,-0.04,11.73,24.3,-18.24;37.92;-1.53;-16.35;39.8;2.94;22.24;24.12;-1.29;23.18;20.98;0.12;0.25;-9.84;53.76
1787986376282548,127001,0,255,93,-0.04,11.73,24.3,-18.24;37.92;-1.53;-16.35;39.8;2.94;22.24;24.12;-1.29;23.18;20.98;0.12;0.25;-9.84;53.76
1787986376289074,127017,0,255,93,-0.04,11.73,24.3,-18.24;37.92;-1.53;-16.35;39.8;2.94;22.24;24.12;-1.29;23.18;20.98;0.12;0.25;-9.84;53.76
1787986376311757,127026,0,255,93,-0.04,11.73,24.3,-18.24;37.92;-1.53;-16.35;39.8;2.94;22.24;24.12;-1.29;23.18;20.98;0.12;0.25;-9.84;53.76
1787986376441067,127035,0,255,93,-0.04,11.73,24.3,-18.24;37.92;-1.53;-16.35;39.8;2.94;22.24;24.12;-1.29;23.18;20.98;0.12;0.25;-9.84;53.76
1787986376445019,127037,0,255,93,-0.04,11.73,24.3,-18.24;37.92;-1.53;-16.35;39.8;2.94;22.24;24.12;-1.29;23.18;20.98;0.12;0.25;-9.84;53.76
1787986376446691,127039,0,255,93,-0.04,11.73,24.3,-18.24;37.92;-1.53;-16.35;39.8;2.94;22.24;24.12;-1.29;23.18;20.98;0.12;0.25;-9.84;53.76
1787986376448120,127041,0,255,93,-0.04,11.73,24.3,-18.24;37.92;-1.53;-16.35;39.8;2.94;22.24;24.12;-1.29;23.18;20.98;0.12;0.25;-9.84;53.76
1787986376449431,127043,0,255,93,-0.04,11.73,24.3,-18.24;37.92;-1.53;-16.35;39.8;2.94;22.24;24.12;-1.29;23.18;20.98;0.12;0.25;-9.84;53.76
1787986376450604,127045,0,255,93,-0.04,11.73,24.3,-18.24;37.92;-1.53;-16.35;39.8;2.94;22.24;24.12;-1.29;23.18;20.98;0.12;0.25;-9.84;53.76
1787986376455593,127089,0,255,93,-0.04,11.73,24.3,-18.24;37.92;-1.53;-16.35;39.8;2.94;22.24;24.12;-1.29;23.18;20.98;0.12;0.25;-9.84;53.76
1787986376474252,127098,0,255,93,-0.04,11.73,24.3,-18.24;37.92;-1.53;-16.35;39.8;2.94;22.24;24.12;-1.29;23.18;20.98;0.12;0.25;-9.84;53.76
1787986376490139,127107,0,255,93,-0.04,11.73,24.3,-18.24;37.92;-1.53;-16.35;39.8;2.94;22.24;24.12;-1.29;23.18;20.98;0.12;0.25;-9.84;53.76
1787986376509974,127116,0,255,93,-0.04,11.73,24.3,-18.24;37.92;-1.53;-16.35;39.8;2.94;22.24;24.12;-1.29;23.18;20.98;0.12;0.25;-9.84;53.76
1787986376531739,127125,0,255,93,-0.04,11.73,24.3,-18.24;37.92;-1.53;-16.35;39.8;2.94;22.24;24.12;-1.29;23.18;20.98;0.12;0.25;-9.84;53.76
1787986376550298,127134,0,255,93,-0.04,11.73,24.3,-18.24;37.92;-1.53;-16.35;39.8;2.94;22.24;24.12;-1.29;23.18;20.98;0.12;0.25;-9.84;53.76
1787986376572906,127143,0,255,93,-0.04,11.73,24.3,-18.24;37.92;-1.53;-16.35;39.8;2.94;22.24;24.12;-1.29;23.18;20.98;0.12;0.25;-9.84;53.76
1787986376590236,127152,0,255,93,-0.04,11.73,24.3,-18.24;37.92;-1.53;-16.35;39.8;2.94;22.24;24.12;-1.29;23.18;20.98;0.12;0.25;-9.84;53.76
1787986376609745,127161,0,255,93,-0.04,11.73,24.3,-18.24;37.92;-1.53;-16.35;39.8;2.94;22.24;24.12;-1.29;23.18;20.98;0.12;0.25;-9.84;53.76
1787986376630216,127170,0,255,93,-0.04,11.73,24.3,-18.24;37.92;-1.53;-16.35;39.8;2.94;22.24;24.12;-1.29;23.18;20.98;0.12;0.25;-9.84;53.76
1787986376650033,127179,0,255,93,-0.04,11.73,24.3,-18.24;37.92;-1.53;-16.35;39.8;2.94;22.24;24.12;-1.29;23.18;20.98;0.12;0.25;-9.84;53.76
1787986376669910,127188,0,255,93,-0.04,11.73,24.3,-18.24;37.92;-1.53;-16.35;39.8;2.94;22.24;24.12;-1.29;23.18;20.98;0.12;0.25;-9.84;53.76
1787986376694194,127197,0,255,93,-0.04,11.73,24.3,-18.24;37.92;-1.53;-16.35;39.8;2.94;22.24;24.12;-1.29;23.18;20.98;0.12;0.25;-9.84;53.76
1787986376710542,127206,0,255,93,-0.04,11.73,24.3,-18.24;37.92;-1.53;-16.35;39.8;2.94;22.24;24.12;-1.29;23.18;20.98;0.12;0.25;-9.84;53.76
1787986376730000,127215,0,255,93,-0.04,11.73,24.3,-18.24;37.92;-1.53;-16.35;39.8;2.94;22.24;24.12;-1.29;23.18;20.98;0.12;0.25;-9.84;53.76
1787986376753923,127224,0,255,93,-0.04,11.73,24.3,-18.24;37.92;-1.53;-16.35;39.8;2.94;22.24;24.12;-1.29;23.18;20.98;0.12;0.25;-9.84;53.76
1787986376770337,127233,0,255,93,-0.04,11.73,24.3,-18.24;37.92;-1.53;-16.35;39.8;2.94;22.24;24.12;-1.29;23.18;20.98;0.12;0.25;-9.84;53.76
1787986376790150,127242,0,255,93,-0.04,11.73,24.3,-18.24;37.92;-1.53;-16.35;39.8;2.94;22.24;24.12;-1.29;23.18;20.98;0.12;0.25;-9.84;53.76
1787986376813484,127251,0,255,93,-0.04,11.73,24.3,-18.24;37.92;-1.53;-16.35;39.8;2.94;22.24;24.12;-1.29;23.18;20.98;0.12;0.25;-9.84;53.76
1787986376830010,127261,0,255,93,-0.04,11.73,24.3,-18.24;37.92;-1.53;-16.35;39.8;2.94;22.24;24.12;-1.29;23.18;20.98;0.12;0.25;-9.84;53.76
1787986376852191,127270,0,255,93,-0.16,14.34,24.88,-21.53;37.92;-1.76;-19.18;41.06;2.94;26.47;19.1;-1.29;26.47;15.96;0.59;0.25;-7.8;47.65
1787986376869983,127279,0,255,93,-0.16,14.34,24.88,-21.53;37.92;-1.76;-19.18;41.06;2.94;26.47;19.1;-1.29;26.47;15.96;0.59;0.25;-7.8;47.65
1787986376890603,127288,0,255,93,-0.16,14.34,24.88,-21.53;37.92;-1.76;-19.18;41.06;2.94;26.47;19.1;-1.29;26.47;15.96;0.59;0.25;-7.8;47.65
1787986376910578,127297,0,255,93,-0.16,14.34,24.88,-21.53;37.92;-1.76;-19.18;41.06;2.94;26.47;19.1;-1.29;26.47;15.96;0.59;0.25;-7.8;47.65
1787986376929471,127306,0,255,93,-0.16,14.34,24.88,-21.53;37.92;-1.76;-19.18;41.06;2.94;26.47;19.1;-1.29;26.47;15.96;0.59;0.25;-7.8;47.65
1787986376950195,127315,0,255,93,-0.16,14.34,24.88,-21.53;37.92;-1.76;-19.18;41.06;2.94;26.47;19.1;-1.29;26.47;15.96;0.59;0.25;-7.8;47.65
1787986376969618,127324,0,255,93,-0.16,14.34,24.88,-21.53;37.92;-1.76;-19.18;41.06;2.94;26.47;19.1;-1.29;26.47;15.96;0.59;0.25;-7.8;47.65
1787986376990848,127333,0,255,93,-0.16,14.34,24.88,-21.53;37.92;-1.76;-19.18;41.06;2.94;26.47;19.1;-1.29;26.47;15.96;0.59;0.25;-7.8;47.65
1787986377009810,127342,0,255,93,-0.16,14.34,24.88,-21.53;37.92;-1.76;-19.18;41.06;2.94;26.47;19.1;-1.29;26.47;15.96;0.59;0.25;-7.8;47.65
1787986377031412,127351,0,255,93,-0.16,14.34,24.88,-21.53;37.92;-1.76;-19.18;41.06;2.94;26.47;19.1;-1.29;26.47;15.96;0.59;0.25;-7.8;47.65
1787986377050356,127360,0,255,93,-0.16,14.34,24.88,-21.53;37.92;-1.76;-19.18;41.06;2.94;26.47;19.1;-1.29;26.47;15.96;0.59;0.25;-7.8;47.65
1787986377069737,127369,0,255,93,-0.16,14.34,24.88,-21.53;37.92;-1.76;-19.18;41.06;2.94;26.47;19.1;-1.29;26.47;15.96;0.59;0.25;-7.8;47.65
1787986377089779,127378,0,255,93,-0.16,14.34,24.88,-21.53;37.92;-1.76;-19.18;41.06;2.94;26.47;19.1;-1.29;26.47;15.96;0.59;0.25;-7.8;47.65
1787986377110335,127387,0,255,93,-0.16,14.34,24.88,-21.53;37.92;-1.76;-19.18;41.06;2.94;26.47;19.1;-1.29;26.47;15.96;0.59;0.25;-7.8;47.65
1787986377131221,127396,0,255,93,-0.16,14.34,24.88,-21.53;37.92;-1.76;-19.18;41.06;2.94;26.47;19.1;-1.29;26.47;15.96;0.59;0.25;-7.8;47.65
1787986377151009,127405,0,255,93,-0.16,14.34,24.88,-21.53;37.92;-1.76;-19.18;41.06;2.94;26.47;19.1;-1.29;26.47;15.96;0.59;0.25;-7.8;47.65
1787986377170516,127414,0,255,93,-0.16,14.34,24.88,-21.53;37.92;-1.76;-19.18;41.06;2.94;26.47;19.1;-1.29;26.47;15.96;0.59;0.25;-7.8;47.65
1787986377192626,127423,0,255,93,-0.16,14.34,24.88,-21.53;37.92;-1.76;-19.18;41.06;2.94;26.47;19.1;-1.29;26.47;15.96;0.59;0.25;-7.8;47.65
1787986377210684,127432,0,255,93,-0.16,14.34,24.88,-21.53;37.92;-1.76;-19.18;41.06;2.94;26.47;19.1;-1.29;26.47;15.96;0.59;0.25;-7.8;47.65
1787986377230714,127441,0,255,93,-0.16,14.34,24.88,-21.53;37.92;-1.76;-19.18;41.06;2.94;26.47;19.1;-1.29;26.47;15.96;0.59;0.25;-7.8;47.65
1787986377249787,127450,0,255,93,-0.16,14.34,24.88,-21.53;37.92;-1.76;-19.18;41.06;2.94;26.47;19.1;-1.29;26.47;15.96;0.59;0.25;-7.8;47.65
1787986377270147,127459,0,255,93,-0.16,14.34,24.88,-21.53;37.92;-1.76;-19.18;41.06;2.94;26.47;19.1;-1.29;26.47;15.96;0.59;0.25;-7.8;47.65
1787986377290611,127468,0,255,93,-0.16,14.34,24.88,-21.53;37.92;-1.76;-19.18;41.06;2.94;26.47;19.1;-1.29;26.47;15.96;0.59;0.25;-7.8;47.65
1787986377312391,127477,0,255,93,-0.16,14.34,24.88,-21.53;37.92;-1.76;-19.18;41.06;2.94;26.47;19.1;-1.29;26.47;15.96;0.59;0.25;-7.8;47.65
1787986377330207,127486,0,255,93,-0.16,14.34,24.88,-21.53;37.92;-1.76;-19.18;41.06;2.94;26.47;19.1;-1.29;26.47;15.96;0.59;0.25;-7.8;47.65
1787986377349020,127495,0,255,93,-0.16,14.34,24.88,-21.53;37.92;-1.76;-19.18;41.06;2.94;26.47;19.1;-1.29;26.47;15.96;0.59;0.25;-7.8;47.65
1787986377372099,127504,0,255,93,-0.16,14.34,24.88,-21.53;37.92;-1.76;-19.18;41.06;2.94;26.47;19.1;-1.29;26.47;15.96;0.59;0.25;-7.8;47.65
1787986377392682,127513,0,255,93,-0.16,14.34,24.88,-21.53;37.92;-1.76;-19.18;41.06;2.94;26.47;19.1;-1.29;26.47;15.96;0.59;0.25;-7.8;47.65
1787986377412907,127522,0,255,93,-0.16,14.34,24.88,-21.53;37.92;-1.76;-19.18;41.06;2.94;26.47;19.1;-1.29;26.47;15.96;0.59;0.25;-7.8;47.65
1787986377429733,127531,0,255,93,-0.16,14.34,24.88,-21.53;37.92;-1.76;-19.18;41.06;2.94;26.47;19.1;-1.29;26.47;15.96;0.59;0.25;-7.8;47.65
1787986377450478,127540,0,255,93,-0.16,14.34,24.88,-21.53;37.92;-1.76;-19.18;41.06;2.94;26.47;19.1;-1.29;26.47;15.96;0.59;0.25;-7.8;47.65
1787986377472102,127549,0,255,93,-0.16,14.34,24.88,-21.53;37.92;-1.76;-19.18;41.06;2.94;26.47;19.1;-1.29;26.47;15.96;0.59;0.25;-7.8;47.65
1787986377491006,127558,0,255,93,-0.16,14.34,24.88,-21.53;37.92;-1.76;-19.18;41.06;2.94;26.47;19.1;-1.29;26.47;15.96;0.59;0.25;-7.8;47.65
1787986377510530,127567,0,255,93,-0.16,14.34,24.88,-21.53;37.92;-1.76;-19.18;41.06;2.94;26.47;19.1;-1.29;26.47;15.96;0.59;0.25;-7.8;47.65
1787986377531079,127576,0,255,93,-0.16,14.34,24.88,-21.53;37.92;-1.76;-19.18;41.06;2.94;26.47;19.1;-1.29;26.47;15.96;0.59;0.25;-7.8;47.65
1787986377549720,127585,0,255,93,-0.16,14.34,24.88,-21.53;37.92;-1.76;-19.18;41.06;2.94;26.47;19.1;-1.29;26.47;15.96;0.59;0.25;-7.8;47.65
1787986377569696,127594,0,255,93,-0.16,14.34,24.88,-21.53;37.92;-1.76;-19.18;41.06;2.94;26.47;19.1;-1.29;26.47;15.96;0.59;0.25;-7.8;47.65
1787986377590364,127603,0,255,93,-0.16,14.34,24.88,-21.53;37.92;-1.76;-19.18;41.06;2.94;26.47;19.1;-1.29;26.47;15.96;0.59;0.25;-7.8;47.65
1787986377715602,127605,0,255,93,-0.16,14.34,24.88,-21.53;37.92;-1.76;-19.18;41.06;2.94;26.47;19.1;-1.29;26.47;15.96;0.59;0.25;-7.8;47.65
1787986377717978,127607,0,255,93,-0.16,14.34,24.88,-21.53;37.92;-1.76;-19.18;41.06;2.94;26.47;19.1;-1.29;26.47;15.96;0.59;0.25;-7.8;47.65
1787986377719516,127609,0,255,93,-0.16,14.34,24.88,-21.53;37.92;-1.76;-19.18;41.06;2.94;26.47;19.1;-1.29;26.47;15.96;0.59;0.25;-7.8;47.65
1787986377721115,127611,0,255,93,-0.16,14.34,24.88,-21.53;37.92;-1.76;-19.18;41.06;2.94;26.47;19.1;-1.29;26.47;15.96;0.59;0.25;-7.8;47.65
1787986377721849,127613,0,255,93,-0.16,14.34,24.88,-21.53;37.92;-1.76;-19.18;41.06;2.94;26.47;19.1;-1.29;26.47;15.96;0.59;0.25;-7.8;47.65
1787986377722506,127615,0,255,93,-0.16,14.34,24.88,-21.53;37.92;-1.76;-19.18;41.06;2.94;26.47;19.1;-1.29;26.47;15.96;0.59;0.25;-7.8;47.65
1787986377734329,127659,0,255,93,-0.16,14.34,24.88,-21.53;37.92;-1.76;-19.18;41.06;2.94;26.47;19.1;-1.29;26.47;15.96;0.59;0.25;-7.8;47.65
1787986377750646,127675,0,255,93,-0.16,14.34,24.88,-21.53;37.92;-1.76;-19.18;41.06;2.94;26.47;19.1;-1.29;26.47;15.96;0.59;0.25;-7.8;47.65
1787986377769787,127684,0,255,93,-0.16,14.34,24.88,-21.53;37.92;-1.76;-19.18;41.06;2.94;26.47;19.1;-1.29;26.47;15.96;0.59;0.25;-7.8;47.65
1787986377791646,127686,0,255,93,-0.16,14.34,24.88,-21.53;37.92;-1.76;-19.18;41.06;2.94;26.47;19.1;-1.29;26.47;15.96;0.59;0.25;-7.8;47.65
1787986377912208,127695,0,255,93,-0.16,14.34,24.88,-21.53;37.92;-1.76;-19.18;41.06;2.94;26.47;19.1;-1.29;26.47;15.96;0.59;0.25;-7.8;47.65
1787986377914125,127698,0,255,93,-0.16,14.34,24.88,-21.53;37.92;-1.76;-19.18;41.06;2.94;26.47;19.1;-1.29;26.47;15.96;0.59;0.25;-7.8;47.65
1787986377915611,127700,0,255,93,-0.28,13.89,24.73,-22;38.55;-1.53;-19.65;40.43;2.94;26.47;19.1;-1.29;26.47;16.59;0.59;0.25;-7.8;47.65
1787986377916703,127702,0,255,93,-0.28,13.89,24.73,-22;38.55;-1.53;-19.65;40.43;2.94;26.47;19.1;-1.29;26.47;16.59;0.59;0.25;-7.8;47.65
1787986377917700,127704,0,255,93,-0.28,13.89,24.73,-22;38.55;-1.53;-19.65;40.43;2.94;26.47;19.1;-1.29;26.47;16.59;0.59;0.25;-7.8;47.65
1787986377918615,127706,0,255,93,-0.28,13.89,24.73,-22;38.55;-1.53;-19.65;40.43;2.94;26.47;19.1;-1.29;26.47;16.59;0.59;0.25;-7.8;47.65
1787986377929435,127757,0,255,93,-0.28,13.89,24.73,-22;38.55;-1.53;-19.65;40.43;2.94;26.47;19.1;-1.29;26.47;16.59;0.59;0.25;-7.8;47.65
1787986377983306,127759,0,255,93,-0.28,13.89,24.73,-22;38.55;-1.53;-19.65;40.43;2.94;26.47;19.1;-1.29;26.47;16.59;0.59;0.25;-7.8;47.65
1787986377985260,127761,0,255,93,-0.28,13.89,24.73,-22;38.55;-1.53;-19.65;40.43;2.94;26.47;19.1;-1.29;26.47;16.59;0.59;0.25;-7.8;47.65
1787986378054638,127777,0,255,93,-0.28,13.89,24.73,-22;38.55;-1.53;-19.65;40.43;2.94;26.47;19.1;-1.29;26.47;16.59;0.59;0.25;-7.8;47.65
1787986378057028,127779,0,255,93,-0.28,13.89,24.73,-22;38.55;-1.53;-19.65;40.43;2.94;26.47;19.1;-1.29;26.47;16.59;0.59;0.25;-7.8;47.65
1787986378058651,127781,0,255,93,-0.28,13.89,24.73,-22;38.55;-1.53;-19.65;40.43;2.94;26.47;19.1;-1.29;26.47;16.59;0.59;0.25;-7.8;47.65
1787986378060203,127783,0,255,93,-0.28,13.89,24.73,-22;38.55;-1.53;-19.65;40.43;2.94;26.47;19.1;-1.29;26.47;16.59;0.59;0.25;-7.8;47.65
1787986378071958,127820,0,255,93,-0.28,13.89,24.73,-22;38.55;-1.53;-19.65;40.43;2.94;26.47;19.1;-1.29;26.47;16.59;0.59;0.25;-7.8;47.65
1787986378191241,127822,0,255,93,-0.28,13.89,24.73,-22;38.55;-1.53;-19.65;40.43;2.94;26.47;19.1;-1.29;26.47;16.59;0.59;0.25;-7.8;47.65
1787986378193735,127824,0,255,93,-0.28,13.89,24.73,-22;38.55;-1.53;-19.65;40.43;2.94;26.47;19.1;-1.29;26.47;16.59;0.59;0.25;-7.8;47.65
1787986378195532,127826,0,255,93,-0.28,13.89,24.73,-22;38.55;-1.53;-19.65;40.43;2.94;26.47;19.1;-1.29;26.47;16.59;0.59;0.25;-7.8;47.65
1787986378196943,127828,0,255,93,-0.28,13.89,24.73,-22;38.55;-1.53;-19.65;40.43;2.94;26.47;19.1;-1.29;26.47;16.59;0.59;0.25;-7.8;47.65
1787986378198068,127830,0,255,93,-0.28,13.89,24.73,-22;38.55;-1.53;-19.65;40.43;2.94;26.47;19.1;-1.29;26.47;16.59;0.59;0.25;-7.8;47.65
1787986378198992,127832,0,255,93,-0.28,13.89,24.73,-22;38.55;-1.53;-19.65;40.43;2.94;26.47;19.1;-1.29;26.47;16.59;0.59;0.25;-7.8;47.65
1787986378213690,127883,0,255,93,-0.28,13.89,24.73,-22;38.55;-1.53;-19.65;40.43;2.94;26.47;19.1;-1.29;26.47;16.59;0.59;0.25;-7.8;47.65
1787986378350984,127885,0,255,93,-0.28,13.89,24.73,-22;38.55;-1.53;-19.65;40.43;2.94;26.47;19.1;-1.29;26.47;16.59;0.59;0.25;-7.8;47.65
1787986378352312,127887,0,255,93,-0.28,13.89,24.73,-22;38.55;-1.53;-19.65;40.43;2.94;26.47;19.1;-1.29;26.47;16.59;0.59;0.25;-7.8;47.65
1787986378353716,127889,0,255,93,-0.28,13.89,24.73,-22;38.55;-1.53;-19.65;40.43;2.94;26.47;19.1;-1.29;26.47;16.59;0.59;0.25;-7.8;47.65
1787986378355037,127891,0,255,93,-0.28,13.89,24.73,-22;38.55;-1.53;-19.65;40.43;2.94;26.47;19.1;-1.29;26.47;16.59;0.59;0.25;-7.8;47.65
1787986378356101,127893,0,255,93,-0.28,13.89,24.73,-22;38.55;-1.53;-19.65;40.43;2.94;26.47;19.1;-1.29;26.47;16.59;0.59;0.25;-7.8;47.65
1787986378357615,127895,0,255,93,-0.28,13.89,24.73,-22;38.55;-1.53;-19.65;40.43;2.94;26.47;19.1;-1.29;26.47;16.59;0.59;0.25;-7.8;47.65
1787986378358775,127897,0,255,93,-0.28,13.89,24.73,-22;38.55;-1.53;-19.65;40.43;2.94;26.47;19.1;-1.29;26.47;16.59;0.59;0.25;-7.8;47.65
1787986378369826,127955,0,255,93,-0.28,13.89,24.73,-22;38.55;-1.53;-19.65;40.43;2.94;26.47;19.1;-1.29;26.47;16.59;0.59;0.25;-7.8;47.65
1787986378394818,127957,0,255,93,-0.28,13.89,24.73,-22;38.55;-1.53;-19.65;40.43;2.94;26.47;19.1;-1.29;26.47;16.59;0.59;0.25;-7.8;47.65
1787986378411876,127973,0,255,93,-0.28,13.89,24.73,-22;38.55;-1.53;-19.65;40.43;2.94;26.47;19.1;-1.29;26.47;16.59;0.59;0.25;-7.8;47.65
1787986378535495,127975,0,255,93,-0.28,13.89,24.73,-22;38.55;-1.53;-19.65;40.43;2.94;26.47;19.1;-1.29;26.47;16.59;0.59;0.25;-7.8;47.65
1787986378537570,127977,0,255,93,-0.28,13.89,24.73,-22;38.55;-1.53;-19.65;40.43;2.94;26.47;19.1;-1.29;26.47;16.59;0.59;0.25;-7.8;47.65
1787986378539065,127979,0,255,93,-0.28,13.89,24.73,-22;38.55;-1.53;-19.65;40.43;2.94;26.47;19.1;-1.29;26.47;16.59;0.59;0.25;-7.8;47.65
1787986378540334,127981,0,255,93,-0.28,13.89,24.73,-22;38.55;-1.53;-19.65;40.43;2.94;26.47;19.1;-1.29;26.47;16.59;0.59;0.25;-7.8;47.65
1787986378541413,127983,0,255,93,-0.28,13.89,24.73,-22;38.55;-1.53;-19.65;40.43;2.94;26.47;19.1;-1.29;26.47;16.59;0.59;0.25;-7.8;47.65
1787986378542171,127985,0,255,93,-0.28,13.89,24.73,-22;38.55;-1.53;-19.65;40.43;2.94;26.47;19.1;-1.29;26.47;16.59;0.59;0.25;-7.8;47.65
1787986378554263,128029,0,255,93,-0.28,13.89,24.73,-22;38.55;-1.53;-19.65;40.43;2.94;26.47;19.1;-1.29;26.47;16.59;0.59;0.25;-7.8;47.65
1787986378573292,128045,0,255,93,-0.28,13.89,24.73,-22;38.55;-1.53;-19.65;40.43;2.94;26.47;19.1;-1.29;26.47;16.59;0.59;0.25;-7.8;47.65
1787986378591796,128054,0,255,93,-0.28,13.89,24.73,-22;38.55;-1.53;-19.65;40.43;2.94;26.47;19.1;-1.29;26.47;16.59;0.59;0.25;-7.8;47.65
1787986378611531,128056,0,255,93,-0.28,13.89,24.73,-22;38.55;-1.53;-19.65;40.43;2.94;26.47;19.1;-1.29;26.47;16.59;0.59;0.25;-7.8;47.65
1787986378732413,128065,0,255,93,-0.28,13.89,24.73,-22;38.55;-1.53;-19.65;40.43;2.94;26.47;19.1;-1.29;26.47;16.59;0.59;0.25;-7.8;47.65
1787986378734219,128067,0,255,93,-0.28,13.89,24.73,-22;38.55;-1.53;-19.65;40.43;2.94;26.47;19.1;-1.29;26.47;16.59;0.59;0.25;-7.8;47.65
1787986378735912,128069,0,255,93,-0.28,13.89,24.73,-22;38.55;-1.53;-19.65;40.43;2.94;26.47;19.1;-1.29;26.47;16.59;0.59;0.25;-7.8;47.65
1787986378737101,128071,0,255,93,-0.28,13.89,24.73,-22;38.55;-1.53;-19.65;40.43;2.94;26.47;19.1;-1.29;26.47;16.59;0.59;0.25;-7.8;47.65
1787986378737888,128073,0,255,93,-0.28,13.89,24.73,-22;38.55;-1.53;-19.65;40.43;2.94;26.47;19.1;-1.29;26.47;16.59;0.59;0.25;-7.8;47.65
1787986378738409,128075,0,255,93,-0.28,13.89,24.73,-22;38.55;-1.53;-19.65;40.43;2.94;26.47;19.1;-1.29;26.47;16.59;0.59;0.25;-7.8;47.65
1787986378750923,128126,0,255,93,-0.28,13.89,24.73,-22;38.55;-1.53;-19.65;40.43;2.94;26.47;19.1;-1.29;26.47;16.59;0.59;0.25;-7.8;47.65
1787986378771878,128128,0,255,93,-0.28,13.89,24.73,-22;38.55;-1.53;-19.65;40.43;2.94;26.47;19.1;-1.29;26.47;16.59;0.59;0.25;-7.8;47.65
1787986378790355,128144,0,255,93,-0.28,13.89,24.73,-22;38.55;-1.53;-19.65;40.43;2.94;26.47;19.1;-1.29;26.47;16.59;0.59;0.25;-7.8;47.65
1787986378810785,128153,0,255,93,-0.28,13.89,24.73,-22;38.55;-1.53;-19.65;40.43;2.94;26.47;19.1;-1.29;26.47;16.59;0.59;0.25;-7.8;47.65
1787986378936632,128156,0,255,93,-0.28,13.89,24.73,-22;38.55;-1.53;-19.65;40.43;2.94;26.47;19.1;-1.29;26.47;16.59;0.59;0.25;-7.8;47.65
1787986378938806,128158,0,255,94,-0.21,13.66,24.66,-22;37.92;-1.76;-19.65;40.43;2.94;26.47;19.1;-1.29;26.47;16.59;0.59;0.25;-16.47;66
1787986378940762,128160,0,255,94,-0.21,13.66,24.66,-22;37.92;-1.76;-19.65;40.43;2.94;26.47;19.1;-1.29;26.47;16.59;0.59;0.25;-16.47;66
1787986378942519,128162,0,255,94,-0.21,13.66,24.66,-22;37.92;-1.76;-19.65;40.43;2.94;26.47;19.1;-1.29;26.47;16.59;0.59;0.25;-16.47;66
1787986378943547,128164,0,255,94,-0.21,13.66,24.66,-22;37.92;-1.76;-19.65;40.43;2.94;26.47;19.1;-1.29;26.47;16.59;0.59;0.25;-16.47;66
1787986378944575,128166,0,255,94,-0.21,13.66,24.66,-22;37.92;-1.76;-19.65;40.43;2.94;26.47;19.1;-1.29;26.47;16.59;0.59;0.25;-16.47;66
1787986378951266,128210,0,255,94,-0.21,13.66,24.66,-22;37.92;-1.76;-19.65;40.43;2.94;26.47;19.1;-1.29;26.47;16.59;0.59;0.25;-16.47;66
1787986378970992,128219,0,255,94,-0.21,13.66,24.66,-22;37.92;-1.76;-19.65;40.43;2.94;26.47;19.1;-1.29;26.47;16.59;0.59;0.25;-16.47;66
1787986378991234,128228,0,255,94,-0.21,13.66,24.66,-22;37.92;-1.76;-19.65;40.43;2.94;26.47;19.1;-1.29;26.47;16.59;0.59;0.25;-16.47;66
1787986379012525,128237,0,255,94,-0.21,13.66,24.66,-22;37.92;-1.76;-19.65;40.43;2.94;26.47;19.1;-1.29;26.47;16.59;0.59;0.25;-16.47;66
1787986379140993,128246,0,255,94,-0.21,13.66,24.66,-22;37.92;-1.76;-19.65;40.43;2.94;26.47;19.1;-1.29;26.47;16.59;0.59;0.25;-16.47;66
1787986379147528,128248,0,255,94,-0.21,13.66,24.66,-22;37.92;-1.76;-19.65;40.43;2.94;26.47;19.1;-1.29;26.47;16.59;0.59;0.25;-16.47;66
1787986379147900,128250,0,255,94,-0.21,13.66,24.66,-22;37.92;-1.76;-19.65;40.43;2.94;26.47;19.1;-1.29;26.47;16.59;0.59;0.25;-16.47;66
1787986379148325,128252,0,255,94,-0.21,13.66,24.66,-22;37.92;-1.76;-19.65;40.43;2.94;26.47;19.1;-1.29;26.47;16.59;0.59;0.25;-16.47;66
1787986379148744,128254,0,255,94,-0.21,13.66,24.66,-22;37.92;-1.76;-19.65;40.43;2.94;26.47;19.1;-1.29;26.47;16.59;0.59;0.25;-16.47;66
1787986379149109,128256,0,255,94,-0.21,13.66,24.66,-22;37.92;-1.76;-19.65;40.43;2.94;26.47;19.1;-1.29;26.47;16.59;0.59;0.25;-16.47;66
1787986379152938,128300,0,255,94,-0.21,13.66,24.66,-22;37.92;-1.76;-19.65;40.43;2.94;26.47;19.1;-1.29;26.47;16.59;0.59;0.25;-16.47;66
1787986379184452,128309,0,255,94,-0.21,13.66,24.66,-22;37.92;-1.76;-19.65;40.43;2.94;26.47;19.1;-1.29;26.47;16.59;0.59;0.25;-16.47;66
1787986379192481,128311,0,255,94,-0.21,13.66,24.66,-22;37.92;-1.76;-19.65;40.43;2.94;26.47;19.1;-1.29;26.47;16.59;0.59;0.25;-16.47;66
1787986379210819,128327,0,255,94,-0.21,13.66,24.66,-22;37.92;-1.76;-19.65;40.43;2.94;26.47;19.1;-1.29;26.47;16.59;0.59;0.25;-16.47;66
1787986379232050,128336,0,255,94,-0.21,13.66,24.66,-22;37.92;-1.76;-19.65;40.43;2.94;26.47;19.1;-1.29;26.47;16.59;0.59;0.25;-16.47;66
1787986379250057,128345,0,255,94,-0.21,13.66,24.66,-22;37.92;-1.76;-19.65;40.43;2.94;26.47;19.1;-1.29;26.47;16.59;0.59;0.25;-16.47;66
1787986379269659,128354,0,255,94,-0.21,13.66,24.66,-22;37.92;-1.76;-19.65;40.43;2.94;26.47;19.1;-1.29;26.47;16.59;0.59;0.25;-16.47;66
1787986379289510,128363,0,255,94,-0.21,13.66,24.66,-22;37.92;-1.76;-19.65;40.43;2.94;26.47;19.1;-1.29;26.47;16.59;0.59;0.25;-16.47;66
1787986379310138,128372,0,255,94,-0.21,13.66,24.66,-22;37.92;-1.76;-19.65;40.43;2.94;26.47;19.1;-1.29;26.47;16.59;0.59;0.25;-16.47;66
1787986379329632,128381,0,255,94,-0.21,13.66,24.66,-22;37.92;-1.76;-19.65;40.43;2.94;26.47;19.1;-1.29;26.47;16.59;0.59;0.25;-16.47;66
1787986379350862,128390,0,255,94,-0.21,13.66,24.66,-22;37.92;-1.76;-19.65;40.43;2.94;26.47;19.1;-1.29;26.47;16.59;0.59;0.25;-16.47;66
1787986379370099,128399,0,255,94,-0.21,13.66,24.66,-22;37.92;-1.76;-19.65;40.43;2.94;26.47;19.1;-1.29;26.47;16.59;0.59;0.25;-16.47;66
1787986379389588,128408,0,255,94,-0.21,13.66,24.66,-22;37.92;-1.76;-19.65;40.43;2.94;26.47;19.1;-1.29;26.47;16.59;0.59;0.25;-16.47;66
1787986379409786,128417,0,255,94,-0.21,13.66,24.66,-22;37.92;-1.76;-19.65;40.43;2.94;26.47;19.1;-1.29;26.47;16.59;0.59;0.25;-16.47;66
1787986379428872,128426,0,255,94,-0.21,13.66,24.66,-22;37.92;-1.76;-19.65;40.43;2.94;26.47;19.1;-1.29;26.47;16.59;0.59;0.25;-16.47;66
1787986379452132,128435,0,255,94,-0.21,13.66,24.66,-22;37.92;-1.76;-19.65;40.43;2.94;26.47;19.1;-1.29;26.47;16.59;0.59;0.25;-16.47;66
1787986379469929,128444,0,255,94,-0.21,13.66,24.66,-22;37.92;-1.76;-19.65;40.43;2.94;26.47;19.1;-1.29;26.47;16.59;0.59;0.25;-16.47;66
1787986379492240,128453,0,255,94,-0.21,13.66,24.66,-22;37.92;-1.76;-19.65;40.43;2.94;26.47;19.1;-1.29;26.47;16.59;0.59;0.25;-16.47;66
1787986379509893,128462,0,255,94,-0.21,13.66,24.66,-22;37.92;-1.76;-19.65;40.43;2.94;26.47;19.1;-1.29;26.47;16.59;0.59;0.25;-16.47;66
1787986379530152,128471,0,255,94,-0.21,13.66,24.66,-22;37.92;-1.76;-19.65;40.43;2.94;26.47;19.1;-1.29;26.47;16.59;0.59;0.25;-16.47;66
1787986379550513,128480,0,255,94,-0.21,13.66,24.66,-22;37.92;-1.76;-19.65;40.43;2.94;26.47;19.1;-1.29;26.47;16.59;0.59;0.25;-16.47;66
1787986379570962,128489,0,255,94,-0.21,13.66,24.66,-22;37.92;-1.76;-19.65;40.43;2.94;26.47;19.1;-1.29;26.47;16.59;0.59;0.25;-16.47;66
1787986379589293,128498,0,255,94,-0.21,13.66,24.66,-22;37.92;-1.76;-19.65;40.43;2.94;26.47;19.1;-1.29;26.47;16.59;0.59;0.25;-16.47;66
1787986379610076,128507,0,255,94,-0.21,13.66,24.66,-22;37.92;-1.76;-19.65;40.43;2.94;26.47;19.1;-1.29;26.47;16.59;0.59;0.25;-16.47;66
1787986379630441,128516,0,255,94,-0.21,13.66,24.66,-22;37.92;-1.76;-19.65;40.43;2.94;26.47;19.1;-1.29;26.47;16.59;0.59;0.25;-16.47;66
1787986379649364,128525,0,255,94,-0.21,13.66,24.66,-22;37.92;-1.76;-19.65;40.43;2.94;26.47;19.1;-1.29;26.47;16.59;0.59;0.25;-16.47;66
1787986379675353,128534,0,255,94,-0.21,13.66,24.66,-22;37.92;-1.76;-19.65;40.43;2.94;26.47;19.1;-1.29;26.47;16.59;0.59;0.25;-16.47;66
1787986379689956,128543,0,255,94,-0.21,13.66,24.66,-22;37.92;-1.76;-19.65;40.43;2.94;26.47;19.1;-1.29;26.47;16.59;0.59;0.25;-16.47;66
1787986379709310,128552,0,255,94,-0.21,13.66,24.66,-22;37.92;-1.76;-19.65;40.43;2.94;26.47;19.1;-1.29;26.47;16.59;0.59;0.25;-16.47;66
1787986379730339,128561,0,255,94,-0.21,13.66,24.66,-22;37.92;-1.76;-19.65;40.43;2.94;26.47;19.1;-1.29;26.47;16.59;0.59;0.25;-16.47;66
1787986379749864,128570,0,255,94,-0.21,13.66,24.66,-22;37.92;-1.76;-19.65;40.43;2.94;26.47;19.1;-1.29;26.47;16.59;0.59;0.25;-16.47;66
1787986379769396,128579,0,255,94,-0.21,13.66,24.66,-22;37.92;-1.76;-19.65;40.43;2.94;26.47;19.1;-1.29;26.47;16.59;0.59;0.25;-16.47;66
1787986379789796,128588,0,255,94,-0.21,13.66,24.66,-22;37.92;-1.76;-19.65;40.43;2.94;26.47;19.1;-1.29;26.47;16.59;0.59;0.25;-16.47;66
1787986379809256,128597,0,255,94,-0.21,13.66,24.66,-22;37.92;-1.76;-19.65;40.43;2.94;26.47;19.1;-1.29;26.47;16.59;0.59;0.25;-16.47;66
1787986379833230,128607,0,255,94,-0.21,13.66,24.66,-22;37.92;-1.76;-19.65;40.43;2.94;26.47;19.1;-1.29;26.47;16.59;0.59;0.25;-16.47;66
1787986379850487,128616,0,255,93,-0.31,13.8,24.55,-22;38.55;-1.76;-19.65;40.43;2.94;26.47;19.1;-1.29;26.47;16.59;0.59;0.25;-16.47;66
1787986379869321,128625,0,255,93,-0.31,13.8,24.55,-22;38.55;-1.76;-19.65;40.43;2.94;26.47;19.1;-1.29;26.47;16.59;0.59;0.25;-16.47;66
1787986379889431,128634,0,255,93,-0.31,13.8,24.55,-22;38.55;-1.76;-19.65;40.43;2.94;26.47;19.1;-1.29;26.47;16.59;0.59;0.25;-16.47;66
1787986379909328,128643,0,255,93,-0.31,13.8,24.55,-22;38.55;-1.76;-19.65;40.43;2.94;26.47;19.1;-1.29;26.47;16.59;0.59;0.25;-16.47;66
1787986379929906,128652,0,255,93,-0.31,13.8,24.55,-22;38.55;-1.76;-19.65;40.43;2.94;26.47;19.1;-1.29;26.47;16.59;0.59;0.25;-16.47;66
1787986379953378,128661,0,255,93,-0.31,13.8,24.55,-22;38.55;-1.76;-19.65;40.43;2.94;26.47;19.1;-1.29;26.47;16.59;0.59;0.25;-16.47;66
1787986379969290,128670,0,255,93,-0.31,13.8,24.55,-22;38.55;-1.76;-19.65;40.43;2.94;26.47;19.1;-1.29;26.47;16.59;0.59;0.25;-16.47;66
1787986379989675,128679,0,255,93,-0.31,13.8,24.55,-22;38.55;-1.76;-19.65;40.43;2.94;26.47;19.1;-1.29;26.47;16.59;0.59;0.25;-16.47;66
1787986380008849,128688,0,255,93,-0.31,13.8,24.55,-22;38.55;-1.76;-19.65;40.43;2.94;26.47;19.1;-1.29;26.47;16.59;0.59;0.25;-16.47;66
1787986380029627,128697,0,255,93,-0.31,13.8,24.55,-22;38.55;-1.76;-19.65;40.43;2.94;26.47;19.1;-1.29;26.47;16.59;0.59;0.25;-16.47;66
1787986380048991,128706,0,255,93,-0.31,13.8,24.55,-22;38.55;-1.76;-19.65;40.43;2.94;26.47;19.1;-1.29;26.47;16.59;0.59;0.25;-16.47;66
1787986380070566,128715,0,255,93,-0.31,13.8,24.55,-22;38.55;-1.76;-19.65;40.43;2.94;26.47;19.1;-1.29;26.47;16.59;0.59;0.25;-16.47;66
1787986380089457,128724,0,255,93,-0.31,13.8,24.55,-22;38.55;-1.76;-19.65;40.43;2.94;26.47;19.1;-1.29;26.47;16.59;0.59;0.25;-16.47;66
1787986380110655,128733,0,255,93,-0.31,13.8,24.55,-22;38.55;-1.76;-19.65;40.43;2.94;26.47;19.1;-1.29;26.47;16.59;0.59;0.25;-16.47;66
1787986380129763,128742,0,255,93,-0.31,13.8,24.55,-22;38.55;-1.76;-19.65;40.43;2.94;26.47;19.1;-1.29;26.47;16.59;0.59;0.25;-16.47;66
1787986380149555,128751,0,255,93,-0.31,13.8,24.55,-22;38.55;-1.76;-19.65;40.43;2.94;26.47;19.1;-1.29;26.47;16.59;0.59;0.25;-16.47;66
1787986380170194,128760,0,255,93,-0.31,13.8,24.55,-22;38.55;-1.76;-19.65;40.43;2.94;26.47;19.1;-1.29;26.47;16.59;0.59;0.25;-16.47;66
1787986380190117,128769,0,255,93,-0.31,13.8,24.55,-22;38.55;-1.76;-19.65;40.43;2.94;26.47;19.1;-1.29;26.47;16.59;0.59;0.25;-16.47;66
1787986380209257,128778,0,255,93,-0.31,13.8,24.55,-22;38.55;-1.76;-19.65;40.43;2.94;26.47;19.1;-1.29;26.47;16.59;0.59;0.25;-16.47;66
1787986380231290,128787,0,255,93,-0.31,13.8,24.55,-22;38.55;-1.76;-19.65;40.43;2.94;26.47;19.1;-1.29;26.47;16.59;0.59;0.25;-16.47;66
1787986380250163,128796,0,255,93,-0.31,13.8,24.55,-22;38.55;-1.76;-19.65;40.43;2.94;26.47;19.1;-1.29;26.47;16.59;0.59;0.25;-16.47;66
1787986380270475,128805,0,255,93,-0.31,13.8,24.55,-22;38.55;-1.76;-19.65;40.43;2.94;26.47;19.1;-1.29;26.47;16.59;0.59;0.25;-16.47;66
1787986380290366,128814,0,255,93,-0.31,13.8,24.55,-22;38.55;-1.76;-19.65;40.43;2.94;26.47;19.1;-1.29;26.47;16.59;0.59;0.25;-16.47;66
1787986380309566,128823,0,255,93,-0.31,13.8,24.55,-22;38.55;-1.76;-19.65;40.43;2.94;26.47;19.1;-1.29;26.47;16.59;0.59;0.25;-16.47;66
1787986380331333,128832,0,255,93,-0.31,13.8,24.55,-22;38.55;-1.76;-19.65;40.43;2.94;26.47;19.1;-1.29;26.47;16.59;0.59;0.25;-16.47;66
1787986380350039,128841,0,255,93,-0.31,13.8,24.55,-22;38.55;-1.76;-19.65;40.43;2.94;26.47;19.1;-1.29;26.47;16.59;0.59;0.25;-16.47;66
1787986380369605,128850,0,255,93,-0.31,13.8,24.55,-22;38.55;-1.76;-19.65;40.43;2.94;26.47;19.1;-1.29;26.47;16.59;0.59;0.25;-16.47;66
1787986380390504,128859,0,255,93,-0.31,13.8,24.55,-22;38.55;-1.76;-19.65;40.43;2.94;26.47;19.1;-1.29;26.47;16.59;0.59;0.25;-16.47;66
1787986380409022,128868,0,255,93,-0.31,13.8,24.55,-22;38.55;-1.76;-19.65;40.43;2.94;26.47;19.1;-1.29;26.47;16.59;0.59;0.25;-16.47;66
1787986380433345,128877,0,255,93,-0.31,13.8,24.55,-22;38.55;-1.76;-19.65;40.43;2.94;26.47;19.1;-1.29;26.47;16.59;0.59;0.25;-16.47;66
1787986380450126,128886,0,255,93,-0.31,13.8,24.55,-22;38.55;-1.76;-19.65;40.43;2.94;26.47;19.1;-1.29;26.47;16.59;0.59;0.25;-16.47;66
1787986380469499,128895,0,255,93,-0.31,13.8,24.55,-22;38.55;-1.76;-19.65;40.43;2.94;26.47;19.1;-1.29;26.47;16.59;0.59;0.25;-16.47;66
1787986380490717,128904,0,255,93,-0.31,13.8,24.55,-22;38.55;-1.76;-19.65;40.43;2.94;26.47;19.1;-1.29;26.47;16.59;0.59;0.25;-16.47;66
1787986380509881,128913,0,255,93,-0.31,13.8,24.55,-22;38.55;-1.76;-19.65;40.43;2.94;26.47;19.1;-1.29;26.47;16.59;0.59;0.25;-16.47;66
1787986380529184,128922,0,255,93,-0.31,13.8,24.55,-22;38.55;-1.76;-19.65;40.43;2.94;26.47;19.1;-1.29;26.47;16.59;0.59;0.25;-16.47;66
1787986380551375,128931,0,255,93,-0.31,13.8,24.55,-22;38.55;-1.76;-19.65;40.43;2.94;26.47;19.1;-1.29;26.47;16.59;0.59;0.25;-16.47;66
1787986380569813,128940,0,255,93,-0.31,13.8,24.55,-22;38.55;-1.76;-19.65;40.43;2.94;26.47;19.1;-1.29;26.47;16.59;0.59;0.25;-16.47;66
1787986380589641,128949,0,255,93,-0.31,13.8,24.55,-22;38.55;-1.76;-19.65;40.43;2.94;26.47;19.1;-1.29;26.47;16.59;0.59;0.25;-16.47;66
1787986380609509,128958,0,255,93,-0.31,13.8,24.55,-22;38.55;-1.76;-19.65;40.43;2.94;26.47;19.1;-1.29;26.47;16.59;0.59;0.25;-16.47;66
1787986380628903,128967,0,255,93,-0.31,13.8,24.55,-22;38.55;-1.76;-19.65;40.43;2.94;26.47;19.1;-1.29;26.47;16.59;0.59;0.25;-16.47;66
1787986380650175,128976,0,255,93,-0.31,13.8,24.55,-22;38.55;-1.76;-19.65;40.43;2.94;26.47;19.1;-1.29;26.47;16.59;0.59;0.25;-16.47;66
1787986380669423,128985,0,255,93,-0.31,13.8,24.55,-22;38.55;-1.76;-19.65;40.43;2.94;26.47;19.1;-1.29;26.47;16.59;0.59;0.25;-16.47;66
1787986380689938,128994,0,255,93,-0.31,13.8,24.55,-22;38.55;-1.76;-19.65;40.43;2.94;26.47;19.1;-1.29;26.47;16.59;0.59;0.25;-16.47;66
1787986380712090,129003,0,255,93,-0.31,13.8,24.55,-22;38.55;-1.76;-19.65;40.43;2.94;26.47;19.1;-1.29;26.47;16.59;0.59;0.25;-16.47;66
1787986380730112,129012,0,255,93,-0.31,13.8,24.55,-22;38.55;-1.76;-19.65;40.43;2.94;26.47;19.1;-1.29;26.47;16.59;0.59;0.25;-16.47;66
1787986380749053,129021,0,255,93,-0.31,13.8,24.55,-22;38.55;-1.76;-19.65;40.43;2.94;26.47;19.1;-1.29;26.47;16.59;0.59;0.25;-16.47;66
1787986380771621,129030,0,255,93,-0.31,13.8,24.55,-22;38.55;-1.76;-19.65;40.43;2.94;26.47;19.1;-1.29;26.47;16.59;0.59;0.25;-16.47;66
1787986380790078,129039,0,255,93,-0.31,13.8,24.55,-22;38.55;-1.76;-19.65;40.43;2.94;26.47;19.1;-1.29;26.47;16.59;0.59;0.25;-16.47;66
1787986380809583,129048,0,255,93,-0.31,13.8,24.55,-22;38.55;-1.76;-19.65;40.43;2.94;26.47;19.1;-1.29;26.47;16.59;0.59;0.25;-16.47;66
1787986380831321,129058,0,255,93,-0.31,13.8,24.55,-22;38.55;-1.76;-19.65;40.43;2.94;26.47;19.1;-1.29;26.47;16.59;0.59;0.25;-16.47;66
1787986380850488,129067,0,255,93,0.51,13.96,27.22,-22.94;37.92;-6;-18.71;41.69;6.71;26.47;19.73;-0.82;27.88;14.71;0.59;0.25;-16.47;66
1787986380869757,129076,0,255,93,0.51,13.96,27.22,-22.94;37.92;-6;-18.71;41.69;6.71;26.47;19.73;-0.82;27.88;14.71;0.59;0.25;-16.47;66
1787986380890716,129085,0,255,93,0.51,13.96,27.22,-22.94;37.92;-6;-18.71;41.69;6.71;26.47;19.73;-0.82;27.88;14.71;0.59;0.25;-16.47;66
1787986380910216,129094,0,255,93,0.51,13.96,27.22,-22.94;37.92;-6;-18.71;41.69;6.71;26.47;19.73;-0.82;27.88;14.71;0.59;0.25;-16.47;66
1787986380929085,129103,0,255,93,0.51,13.96,27.22,-22.94;37.92;-6;-18.71;41.69;6.71;26.47;19.73;-0.82;27.88;14.71;0.59;0.25;-16.47;66
1787986380951089,129112,0,255,93,0.51,13.96,27.22,-22.94;37.92;-6;-18.71;41.69;6.71;26.47;19.73;-0.82;27.88;14.71;0.59;0.25;-16.47;66
1787986380970536,129121,0,255,93,0.51,13.96,27.22,-22.94;37.92;-6;-18.71;41.69;6.71;26.47;19.73;-0.82;27.88;14.71;0.59;0.25;-16.47;66
1787986380992923,129130,0,255,93,0.51,13.96,27.22,-22.94;37.92;-6;-18.71;41.69;6.71;26.47;19.73;-0.82;27.88;14.71;0.59;0.25;-16.47;66
1787986381011008,129139,0,255,93,0.51,13.96,27.22,-22.94;37.92;-6;-18.71;41.69;6.71;26.47;19.73;-0.82;27.88;14.71;0.59;0.25;-16.47;66
1787986381030682,129148,0,255,93,0.51,13.96,27.22,-22.94;37.92;-6;-18.71;41.69;6.71;26.47;19.73;-0.82;27.88;14.71;0.59;0.25;-16.47;66
1787986381051659,129157,0,255,93,0.51,13.96,27.22,-22.94;37.92;-6;-18.71;41.69;6.71;26.47;19.73;-0.82;27.88;14.71;0.59;0.25;-16.47;66
1787986381070486,129166,0,255,93,0.51,13.96,27.22,-22.94;37.92;-6;-18.71;41.69;6.71;26.47;19.73;-0.82;27.88;14.71;0.59;0.25;-16.47;66
1787986381090527,129175,0,255,93,0.51,13.96,27.22,-22.94;37.92;-6;-18.71;41.69;6.71;26.47;19.73;-0.82;27.88;14.71;0.59;0.25;-16.47;66
1787986381110719,129184,0,255,93,0.51,13.96,27.22,-22.94;37.92;-6;-18.71;41.69;6.71;26.47;19.73;-0.82;27.88;14.71;0.59;0.25;-16.47;66
1787986381129661,129193,0,255,93,0.51,13.96,27.22,-22.94;37.92;-6;-18.71;41.69;6.71;26.47;19.73;-0.82;27.88;14.71;0.59;0.25;-16.47;66
1787986381154302,129202,0,255,93,0.51,13.96,27.22,-22.94;37.92;-6;-18.71;41.69;6.71;26.47;19.73;-0.82;27.88;14.71;0.59;0.25;-16.47;66
1787986381170448,129211,0,255,93,0.51,13.96,27.22,-22.94;37.92;-6;-18.71;41.69;6.71;26.47;19.73;-0.82;27.88;14.71;0.59;0.25;-16.47;66
1787986381189830,129220,0,255,93,0.51,13.96,27.22,-22.94;37.92;-6;-18.71;41.69;6.71;26.47;19.73;-0.82;27.88;14.71;0.59;0.25;-16.47;66
1787986381212385,129229,0,255,93,0.51,13.96,27.22,-22.94;37.92;-6;-18.71;41.69;6.71;26.47;19.73;-0.82;27.88;14.71;0.59;0.25;-16.47;66
1787986381230696,129238,0,255,93,0.51,13.96,27.22,-22.94;37.92;-6;-18.71;41.69;6.71;26.47;19.73;-0.82;27.88;14.71;0.59;0.25;-16.47;66
1787986381249508,129247,0,255,93,0.51,13.96,27.22,-22.94;37.92;-6;-18.71;41.69;6.71;26.47;19.73;-0.82;27.88;14.71;0.59;0.25;-16.47;66
1787986381270979,129256,0,255,93,0.51,13.96,27.22,-22.94;37.92;-6;-18.71;41.69;6.71;26.47;19.73;-0.82;27.88;14.71;0.59;0.25;-16.47;66
1787986381290223,129265,0,255,93,0.51,13.96,27.22,-22.94;37.92;-6;-18.71;41.69;6.71;26.47;19.73;-0.82;27.88;14.71;0.59;0.25;-16.47;66
1787986381310485,129274,0,255,93,0.51,13.96,27.22,-22.94;37.92;-6;-18.71;41.69;6.71;26.47;19.73;-0.82;27.88;14.71;0.59;0.25;-16.47;66
1787986381329892,129283,0,255,93,0.51,13.96,27.22,-22.94;37.92;-6;-18.71;41.69;6.71;26.47;19.73;-0.82;27.88;14.71;0.59;0.25;-16.47;66
1787986381351176,129292,0,255,93,0.51,13.96,27.22,-22.94;37.92;-6;-18.71;41.69;6.71;26.47;19.73;-0.82;27.88;14.71;0.59;0.25;-16.47;66
1787986381370695,129301,0,255,93,0.51,13.96,27.22,-22.94;37.92;-6;-18.71;41.69;6.71;26.47;19.73;-0.82;27.88;14.71;0.59;0.25;-16.47;66
1787986381389860,129310,0,255,93,0.51,13.96,27.22,-22.94;37.92;-6;-18.71;41.69;6.71;26.47;19.73;-0.82;27.88;14.71;0.59;0.25;-16.47;66
1787986381413951,129319,0,255,93,0.51,13.96,27.22,-22.94;37.92;-6;-18.71;41.69;6.71;26.47;19.73;-0.82;27.88;14.71;0.59;0.25;-16.47;66
1787986381431668,129328,0,255,93,0.51,13.96,27.22,-22.94;37.92;-6;-18.71;41.69;6.71;26.47;19.73;-0.82;27.88;14.71;0.59;0.25;-16.47;66
1787986381450823,129337,0,255,93,0.51,13.96,27.22,-22.94;37.92;-6;-18.71;41.69;6.71;26.47;19.73;-0.82;27.88;14.71;0.59;0.25;-16.47;66
1787986381470009,129346,0,255,93,0.51,13.96,27.22,-22.94;37.92;-6;-18.71;41.69;6.71;26.47;19.73;-0.82;27.88;14.71;0.59;0.25;-16.47;66
1787986381490705,129355,0,255,93,0.51,13.96,27.22,-22.94;37.92;-6;-18.71;41.69;6.71;26.47;19.73;-0.82;27.88;14.71;0.59;0.25;-16.47;66
1787986381516372,129364,0,255,93,0.51,13.96,27.22,-22.94;37.92;-6;-18.71;41.69;6.71;26.47;19.73;-0.82;27.88;14.71;0.59;0.25;-16.47;66
1787986381538496,129373,0,255,93,0.51,13.96,27.22,-22.94;37.92;-6;-18.71;41.69;6.71;26.47;19.73;-0.82;27.88;14.71;0.59;0.25;-16.47;66
1787986381550599,129382,0,255,93,0.51,13.96,27.22,-22.94;37.92;-6;-18.71;41.69;6.71;26.47;19.73;-0.82;27.88;14.71;0.59;0.25;-16.47;66
1787986381569643,129391,0,255,93,0.51,13.96,27.22,-22.94;37.92;-6;-18.71;41.69;6.71;26.47;19.73;-0.82;27.88;14.71;0.59;0.25;-16.47;66
1787986381590730,129400,0,255,93,0.51,13.96,27.22,-22.94;37.92;-6;-18.71;41.69;6.71;26.47;19.73;-0.82;27.88;14.71;0.59;0.25;-16.47;66
1787986381609916,129409,0,255,93,0.51,13.96,27.22,-22.94;37.92;-6;-18.71;41.69;6.71;26.47;19.73;-0.82;27.88;14.71;0.59;0.25;-16.47;66
1787986381630372,129418,0,255,93,0.51,13.96,27.22,-22.94;37.92;-6;-18.71;41.69;6.71;26.47;19.73;-0.82;27.88;14.71;0.59;0.25;-16.47;66
1787986381651386,129427,0,255,93,0.51,13.96,27.22,-22.94;37.92;-6;-18.71;41.69;6.71;26.47;19.73;-0.82;27.88;14.71;0.59;0.25;-16.47;66
1787986381670119,129436,0,255,93,0.51,13.96,27.22,-22.94;37.92;-6;-18.71;41.69;6.71;26.47;19.73;-0.82;27.88;14.71;0.59;0.25;-16.47;66
1787986381690751,129445,0,255,93,0.51,13.96,27.22,-22.94;37.92;-6;-18.71;41.69;6.71;26.47;19.73;-0.82;27.88;14.71;0.59;0.25;-16.47;66
1787986381712155,129454,0,255,93,0.51,13.96,27.22,-22.94;37.92;-6;-18.71;41.69;6.71;26.47;19.73;-0.82;27.88;14.71;0.59;0.25;-16.47;66
1787986381730023,129463,0,255,93,0.51,13.96,27.22,-22.94;37.92;-6;-18.71;41.69;6.71;26.47;19.73;-0.82;27.88;14.71;0.59;0.25;-16.47;66
1787986381749978,129472,0,255,93,0.51,13.96,27.22,-22.94;37.92;-6;-18.71;41.69;6.71;26.47;19.73;-0.82;27.88;14.71;0.59;0.25;-16.47;66
1787986381770334,129481,0,255,93,0.51,13.96,27.22,-22.94;37.92;-6;-18.71;41.69;6.71;26.47;19.73;-0.82;27.88;14.71;0.59;0.25;-16.47;66
1787986381790772,129490,0,255,93,0.51,13.96,27.22,-22.94;37.92;-6;-18.71;41.69;6.71;26.47;19.73;-0.82;27.88;14.71;0.59;0.25;-16.47;66
1787986381811401,129499,0,255,93,0.51,13.96,27.22,-22.94;37.92;-6;-18.71;41.69;6.71;26.47;19.73;-0.82;27.88;14.71;0.59;0.25;-16.47;66
1787986381830929,129509,0,255,93,0.51,13.96,27.22,-22.94;37.92;-6;-18.71;41.69;6.71;26.47;19.73;-0.82;27.88;14.71;0.59;0.25;-16.47;66
1787986381850476,129518,0,255,93,0.51,13.96,27.22,-22.94;37.92;-6;-18.71;41.69;6.71;26.47;19.73;-0.82;27.88;14.71;0.59;0.25;-16.47;66
1787986381870431,129527,0,255,92,0.29,13.55,22.58,-21.53;39.18;0.59;-20.59;39.8;2.47;26.94;17.22;-0.12;26.94;15.33;0.35;0.25;-16.98;66
1787986381889757,129536,0,255,92,0.29,13.55,22.58,-21.53;39.18;0.59;-20.59;39.8;2.47;26.94;17.22;-0.12;26.94;15.33;0.35;0.25;-16.98;66
1787986381911621,129545,0,255,92,0.29,13.55,22.58,-21.53;39.18;0.59;-20.59;39.8;2.47;26.94;17.22;-0.12;26.94;15.33;0.35;0.25;-16.98;66
1787986381931443,129554,0,255,92,0.29,13.55,22.58,-21.53;39.18;0.59;-20.59;39.8;2.47;26.94;17.22;-0.12;26.94;15.33;0.35;0.25;-16.98;66
1787986381950087,129563,0,255,92,0.29,13.55,22.58,-21.53;39.18;0.59;-20.59;39.8;2.47;26.94;17.22;-0.12;26.94;15.33;0.35;0.25;-16.98;66
1787986381970427,129572,0,255,92,0.29,13.55,22.58,-21.53;39.18;0.59;-20.59;39.8;2.47;26.94;17.22;-0.12;26.94;15.33;0.35;0.25;-16.98;66
1787986381989666,129581,0,255,92,0.29,13.55,22.58,-21.53;39.18;0.59;-20.59;39.8;2.47;26.94;17.22;-0.12;26.94;15.33;0.35;0.25;-16.98;66
1787986382010767,129590,0,255,92,0.29,13.55,22.58,-21.53;39.18;0.59;-20.59;39.8;2.47;26.94;17.22;-0.12;26.94;15.33;0.35;0.25;-16.98;66
1787986382029359,129599,0,255,92,0.29,13.55,22.58,-21.53;39.18;0.59;-20.59;39.8;2.47;26.94;17.22;-0.12;26.94;15.33;0.35;0.25;-16.98;66
1787986382050999,129608,0,255,92,0.29,13.55,22.58,-21.53;39.18;0.59;-20.59;39.8;2.47;26.94;17.22;-0.12;26.94;15.33;0.35;0.25;-16.98;66
1787986382070589,129617,0,255,92,0.29,13.55,22.58,-21.53;39.18;0.59;-20.59;39.8;2.47;26.94;17.22;-0.12;26.94;15.33;0.35;0.25;-16.98;66
1787986382091222,129626,0,255,92,0.29,13.55,22.58,-21.53;39.18;0.59;-20.59;39.8;2.47;26.94;17.22;-0.12;26.94;15.33;0.35;0.25;-16.98;66
1787986382111233,129635,0,255,92,0.29,13.55,22.58,-21.53;39.18;0.59;-20.59;39.8;2.47;26.94;17.22;-0.12;26.94;15.33;0.35;0.25;-16.98;66
1787986382130281,129644,0,255,92,0.29,13.55,22.58,-21.53;39.18;0.59;-20.59;39.8;2.47;26.94;17.22;-0.12;26.94;15.33;0.35;0.25;-16.98;66
1787986382149857,129653,0,255,92,0.29,13.55,22.58,-21.53;39.18;0.59;-20.59;39.8;2.47;26.94;17.22;-0.12;26.94;15.33;0.35;0.25;-16.98;66
1787986382169804,129662,0,255,92,0.29,13.55,22.58,-21.53;39.18;0.59;-20.59;39.8;2.47;26.94;17.22;-0.12;26.94;15.33;0.35;0.25;-16.98;66
1787986382189110,129671,0,255,92,0.29,13.55,22.58,-21.53;39.18;0.59;-20.59;39.8;2.47;26.94;17.22;-0.12;26.94;15.33;0.35;0.25;-16.98;66
1787986382212862,129680,0,255,92,0.29,13.55,22.58,-21.53;39.18;0.59;-20.59;39.8;2.47;26.94;17.22;-0.12;26.94;15.33;0.35;0.25;-16.98;66
1787986382230707,129689,0,255,92,0.29,13.55,22.58,-21.53;39.18;0.59;-20.59;39.8;2.47;26.94;17.22;-0.12;26.94;15.33;0.35;0.25;-16.98;66
1787986382250275,129698,0,255,92,0.29,13.55,22.58,-21.53;39.18;0.59;-20.59;39.8;2.47;26.94;17.22;-0.12;26.94;15.33;0.35;0.25;-16.98;66
1787986382269954,129707,0,255,92,0.29,13.55,22.58,-21.53;39.18;0.59;-20.59;39.8;2.47;26.94;17.22;-0.12;26.94;15.33;0.35;0.25;-16.98;66
1787986382290395,129716,0,255,92,0.29,13.55,22.58,-21.53;39.18;0.59;-20.59;39.8;2.47;26.94;17.22;-0.12;26.94;15.33;0.35;0.25;-16.98;66
1787986382311129,129725,0,255,92,0.29,13.55,22.58,-21.53;39.18;0.59;-20.59;39.8;2.47;26.94;17.22;-0.12;26.94;15.33;0.35;0.25;-16.98;66
1787986382330458,129734,0,255,92,0.29,13.55,22.58,-21.53;39.18;0.59;-20.59;39.8;2.47;26.94;17.22;-0.12;26.94;15.33;0.35;0.25;-16.98;66
1787986382350659,129743,0,255,92,0.29,13.55,22.58,-21.53;39.18;0.59;-20.59;39.8;2.47;26.94;17.22;-0.12;26.94;15.33;0.35;0.25;-16.98;66
1787986382371351,129752,0,255,92,0.29,13.55,22.58,-21.53;39.18;0.59;-20.59;39.8;2.47;26.94;17.22;-0.12;26.94;15.33;0.35;0.25;-16.98;66
1787986382390532,129761,0,255,92,0.29,13.55,22.58,-21.53;39.18;0.59;-20.59;39.8;2.47;26.94;17.22;-0.12;26.94;15.33;0.35;0.25;-16.98;66
1787986382410373,129770,0,255,92,0.29,13.55,22.58,-21.53;39.18;0.59;-20.59;39.8;2.47;26.94;17.22;-0.12;26.94;15.33;0.35;0.25;-16.98;66
1787986382431003,129779,0,255,92,0.29,13.55,22.58,-21.53;39.18;0.59;-20.59;39.8;2.47;26.94;17.22;-0.12;26.94;15.33;0.35;0.25;-16.98;66
1787986382450748,129788,0,255,92,0.29,13.55,22.58,-21.53;39.18;0.59;-20.59;39.8;2.47;26.94;17.22;-0.12;26.94;15.33;0.35;0.25;-16.98;66
1787986382471674,129797,0,255,92,0.29,13.55,22.58,-21.53;39.18;0.59;-20.59;39.8;2.47;26.94;17.22;-0.12;26.94;15.33;0.35;0.25;-16.98;66
1787986382490383,129806,0,255,92,0.29,13.55,22.58,-21.53;39.18;0.59;-20.59;39.8;2.47;26.94;17.22;-0.12;26.94;15.33;0.35;0.25;-16.98;66
1787986382512788,129815,0,255,92,0.29,13.55,22.58,-21.53;39.18;0.59;-20.59;39.8;2.47;26.94;17.22;-0.12;26.94;15.33;0.35;0.25;-16.98;66
1787986382531658,129824,0,255,92,0.29,13.55,22.58,-21.53;39.18;0.59;-20.59;39.8;2.47;26.94;17.22;-0.12;26.94;15.33;0.35;0.25;-16.98;66
1787986382550324,129833,0,255,92,0.29,13.55,22.58,-21.53;39.18;0.59;-20.59;39.8;2.47;26.94;17.22;-0.12;26.94;15.33;0.35;0.25;-16.98;66
1787986382570506,129842,0,255,92,0.29,13.55,22.58,-21.53;39.18;0.59;-20.59;39.8;2.47;26.94;17.22;-0.12;26.94;15.33;0.35;0.25;-16.98;66
1787986382589931,129851,0,255,92,0.29,13.55,22.58,-21.53;39.18;0.59;-20.59;39.8;2.47;26.94;17.22;-0.12;26.94;15.33;0.35;0.25;-16.98;66
1787986382610028,129860,0,255,92,0.29,13.55,22.58,-21.53;39.18;0.59;-20.59;39.8;2.47;26.94;17.22;-0.12;26.94;15.33;0.35;0.25;-16.98;66
1787986382630085,129869,0,255,92,0.29,13.55,22.58,-21.53;39.18;0.59;-20.59;39.8;2.47;26.94;17.22;-0.12;26.94;15.33;0.35;0.25;-16.98;66
1787986382651531,129878,0,255,92,0.29,13.55,22.58,-21.53;39.18;0.59;-20.59;39.8;2.47;26.94;17.22;-0.12;26.94;15.33;0.35;0.25;-16.98;66
1787986382670809,129887,0,255,92,0.29,13.55,22.58,-21.53;39.18;0.59;-20.59;39.8;2.47;26.94;17.22;-0.12;26.94;15.33;0.35;0.25;-16.98;66
1787986382690279,129896,0,255,92,0.29,13.55,22.58,-21.53;39.18;0.59;-20.59;39.8;2.47;26.94;17.22;-0.12;26.94;15.33;0.35;0.25;-16.98;66
1787986382710934,129905,0,255,92,0.29,13.55,22.58,-21.53;39.18;0.59;-20.59;39.8;2.47;26.94;17.22;-0.12;26.94;15.33;0.35;0.25;-16.98;66
1787986382732562,129914,0,255,92,0.29,13.55,22.58,-21.53;39.18;0.59;-20.59;39.8;2.47;26.94;17.22;-0.12;26.94;15.33;0.35;0.25;-16.98;66
1787986382750968,129923,0,255,92,0.29,13.55,22.58,-21.53;39.18;0.59;-20.59;39.8;2.47;26.94;17.22;-0.12;26.94;15.33;0.35;0.25;-16.98;66
1787986382771238,129932,0,255,92,0.29,13.55,22.58,-21.53;39.18;0.59;-20.59;39.8;2.47;26.94;17.22;-0.12;26.94;15.33;0.35;0.25;-16.98;66
1787986382790254,129941,0,255,92,0.29,13.55,22.58,-21.53;39.18;0.59;-20.59;39.8;2.47;26.94;17.22;-0.12;26.94;15.33;0.35;0.25;-16.98;66
1787986382810526,129950,0,255,92,0.29,13.55,22.58,-21.53;39.18;0.59;-20.59;39.8;2.47;26.94;17.22;-0.12;26.94;15.33;0.35;0.25;-16.98;66
1787986382832076,129960,0,255,92,0.29,13.55,22.58,-21.53;39.18;0.59;-20.59;39.8;2.47;26.94;17.22;-0.12;26.94;15.33;0.35;0.25;-16.98;66
1787986382850647,129969,0,255,93,-0.1,14.14,22.2,-21.53;39.18;0.59;-21.06;39.8;1.53;26.94;17.84;-0.35;26.94;16.59;0.35;0.25;-16.98;66
1787986382873907,129978,0,255,93,-0.1,14.14,22.2,-21.53;39.18;0.59;-21.06;39.8;1.53;26.94;17.84;-0.35;26.94;16.59;0.35;0.25;-16.98;66
1787986382889980,129987,0,255,93,-0.1,14.14,22.2,-21.53;39.18;0.59;-21.06;39.8;1.53;26.94;17.84;-0.35;26.94;16.59;0.35;0.25;-16.98;66
1787986382910642,129996,0,255,93,-0.1,14.14,22.2,-21.53;39.18;0.59;-21.06;39.8;1.53;26.94;17.84;-0.35;26.94;16.59;0.35;0.25;-16.98;66
1787986382930910,130005,0,255,93,-0.1,14.14,22.2,-21.53;39.18;0.59;-21.06;39.8;1.53;26.94;17.84;-0.35;26.94;16.59;0.35;0.25;-16.98;66
1787986382951636,130014,0,255,93,-0.1,14.14,22.2,-21.53;39.18;0.59;-21.06;39.8;1.53;26.94;17.84;-0.35;26.94;16.59;0.35;0.25;-16.98;66
1787986382972953,130023,0,255,93,-0.1,14.14,22.2,-21.53;39.18;0.59;-21.06;39.8;1.53;26.94;17.84;-0.35;26.94;16.59;0.35;0.25;-16.98;66
1787986382990632,130032,0,255,93,-0.1,14.14,22.2,-21.53;39.18;0.59;-21.06;39.8;1.53;26.94;17.84;-0.35;26.94;16.59;0.35;0.25;-16.98;66
1787986383014937,130041,0,255,93,-0.1,14.14,22.2,-21.53;39.18;0.59;-21.06;39.8;1.53;26.94;17.84;-0.35;26.94;16.59;0.35;0.25;-16.98;66
1787986383032631,130050,0,255,93,-0.1,14.14,22.2,-21.53;39.18;0.59;-21.06;39.8;1.53;26.94;17.84;-0.35;26.94;16.59;0.35;0.25;-16.98;66
1787986383050699,130059,0,255,93,-0.1,14.14,22.2,-21.53;39.18;0.59;-21.06;39.8;1.53;26.94;17.84;-0.35;26.94;16.59;0.35;0.25;-16.98;66
1787986383069408,130068,0,255,93,-0.1,14.14,22.2,-21.53;39.18;0.59;-21.06;39.8;1.53;26.94;17.84;-0.35;26.94;16.59;0.35;0.25;-16.98;66
1787986383090464,130077,0,255,93,-0.1,14.14,22.2,-21.53;39.18;0.59;-21.06;39.8;1.53;26.94;17.84;-0.35;26.94;16.59;0.35;0.25;-16.98;66
1787986383109905,130086,0,255,93,-0.1,14.14,22.2,-21.53;39.18;0.59;-21.06;39.8;1.53;26.94;17.84;-0.35;26.94;16.59;0.35;0.25;-16.98;66
1787986383130433,130095,0,255,93,-0.1,14.14,22.2,-21.53;39.18;0.59;-21.06;39.8;1.53;26.94;17.84;-0.35;26.94;16.59;0.35;0.25;-16.98;66
1787986383150616,130104,0,255,93,-0.1,14.14,22.2,-21.53;39.18;0.59;-21.06;39.8;1.53;26.94;17.84;-0.35;26.94;16.59;0.35;0.25;-16.98;66
1787986383171190,130113,0,255,93,-0.1,14.14,22.2,-21.53;39.18;0.59;-21.06;39.8;1.53;26.94;17.84;-0.35;26.94;16.59;0.35;0.25;-16.98;66
1787986383193310,130122,0,255,93,-0.1,14.14,22.2,-21.53;39.18;0.59;-21.06;39.8;1.53;26.94;17.84;-0.35;26.94;16.59;0.35;0.25;-16.98;66
1787986383211157,130131,0,255,93,-0.1,14.14,22.2,-21.53;39.18;0.59;-21.06;39.8;1.53;26.94;17.84;-0.35;26.94;16.59;0.35;0.25;-16.98;66
1787986383230090,130140,0,255,93,-0.1,14.14,22.2,-21.53;39.18;0.59;-21.06;39.8;1.53;26.94;17.84;-0.35;26.94;16.59;0.35;0.25;-16.98;66
1787986383250362,130149,0,255,93,-0.1,14.14,22.2,-21.53;39.18;0.59;-21.06;39.8;1.53;26.94;17.84;-0.35;26.94;16.59;0.35;0.25;-16.98;66
1787986383269789,130158,0,255,93,-0.1,14.14,22.2,-21.53;39.18;0.59;-21.06;39.8;1.53;26.94;17.84;-0.35;26.94;16.59;0.35;0.25;-16.98;66
1787986383291424,130167,0,255,93,-0.1,14.14,22.2,-21.53;39.18;0.59;-21.06;39.8;1.53;26.94;17.84;-0.35;26.94;16.59;0.35;0.25;-16.98;66
1787986383311605,130176,0,255,93,-0.1,14.14,22.2,-21.53;39.18;0.59;-21.06;39.8;1.53;26.94;17.84;-0.35;26.94;16.59;0.35;0.25;-16.98;66
1787986383333764,130185,0,255,93,-0.1,14.14,22.2,-21.53;39.18;0.59;-21.06;39.8;1.53;26.94;17.84;-0.35;26.94;16.59;0.35;0.25;-16.98;66
1787986383349906,130194,0,255,93,-0.1,14.14,22.2,-21.53;39.18;0.59;-21.06;39.8;1.53;26.94;17.84;-0.35;26.94;16.59;0.35;0.25;-16.98;66
1787986383370313,130203,0,255,93,-0.1,14.14,22.2,-21.53;39.18;0.59;-21.06;39.8;1.53;26.94;17.84;-0.35;26.94;16.59;0.35;0.25;-16.98;66
1787986383389945,130212,0,255,93,-0.1,14.14,22.2,-21.53;39.18;0.59;-21.06;39.8;1.53;26.94;17.84;-0.35;26.94;16.59;0.35;0.25;-16.98;66
1787986383414642,130221,0,255,93,-0.1,14.14,22.2,-21.53;39.18;0.59;-21.06;39.8;1.53;26.94;17.84;-0.35;26.94;16.59;0.35;0.25;-16.98;66
1787986383430526,130230,0,255,93,-0.1,14.14,22.2,-21.53;39.18;0.59;-21.06;39.8;1.53;26.94;17.84;-0.35;26.94;16.59;0.35;0.25;-16.98;66
1787986383451326,130239,0,255,93,-0.1,14.14,22.2,-21.53;39.18;0.59;-21.06;39.8;1.53;26.94;17.84;-0.35;26.94;16.59;0.35;0.25;-16.98;66
1787986383472290,130248,0,255,93,-0.1,14.14,22.2,-21.53;39.18;0.59;-21.06;39.8;1.53;26.94;17.84;-0.35;26.94;16.59;0.35;0.25;-16.98;66
1787986383489814,130257,0,255,93,-0.1,14.14,22.2,-21.53;39.18;0.59;-21.06;39.8;1.53;26.94;17.84;-0.35;26.94;16.59;0.35;0.25;-16.98;66
1787986383510066,130266,0,255,93,-0.1,14.14,22.2,-21.53;39.18;0.59;-21.06;39.8;1.53;26.94;17.84;-0.35;26.94;16.59;0.35;0.25;-16.98;66
1787986383530939,130275,0,255,93,-0.1,14.14,22.2,-21.53;39.18;0.59;-21.06;39.8;1.53;26.94;17.84;-0.35;26.94;16.59;0.35;0.25;-16.98;66
1787986383550650,130284,0,255,93,-0.1,14.14,22.2,-21.53;39.18;0.59;-21.06;39.8;1.53;26.94;17.84;-0.35;26.94;16.59;0.35;0.25;-16.98;66
1787986383570409,130293,0,255,93,-0.1,14.14,22.2,-21.53;39.18;0.59;-21.06;39.8;1.53;26.94;17.84;-0.35;26.94;16.59;0.35;0.25;-16.98;66
1787986383590690,130302,0,255,93,-0.1,14.14,22.2,-21.53;39.18;0.59;-21.06;39.8;1.53;26.94;17.84;-0.35;26.94;16.59;0.35;0.25;-16.98;66
1787986383610464,130311,0,255,93,-0.1,14.14,22.2,-21.53;39.18;0.59;-21.06;39.8;1.53;26.94;17.84;-0.35;26.94;16.59;0.35;0.25;-16.98;66
1787986383632466,130320,0,255,93,-0.1,14.14,22.2,-21.53;39.18;0.59;-21.06;39.8;1.53;26.94;17.84;-0.35;26.94;16.59;0.35;0.25;-16.98;66
1787986383649788,130329,0,255,93,-0.1,14.14,22.2,-21.53;39.18;0.59;-21.06;39.8;1.53;26.94;17.84;-0.35;26.94;16.59;0.35;0.25;-16.98;66
1787986383670253,130338,0,255,93,-0.1,14.14,22.2,-21.53;39.18;0.59;-21.06;39.8;1.53;26.94;17.84;-0.35;26.94;16.59;0.35;0.25;-16.98;66
1787986383692058,130347,0,255,93,-0.1,14.14,22.2,-21.53;39.18;0.59;-21.06;39.8;1.53;26.94;17.84;-0.35;26.94;16.59;0.35;0.25;-16.98;66
1787986383711274,130356,0,255,93,-0.1,14.14,22.2,-21.53;39.18;0.59;-21.06;39.8;1.53;26.94;17.84;-0.35;26.94;16.59;0.35;0.25;-16.98;66
1787986383729365,130365,0,255,93,-0.1,14.14,22.2,-21.53;39.18;0.59;-21.06;39.8;1.53;26.94;17.84;-0.35;26.94;16.59;0.35;0.25;-16.98;66
1787986383751672,130374,0,255,93,-0.1,14.14,22.2,-21.53;39.18;0.59;-21.06;39.8;1.53;26.94;17.84;-0.35;26.94;16.59;0.35;0.25;-16.98;66
1787986383769578,130383,0,255,93,-0.1,14.14,22.2,-21.53;39.18;0.59;-21.06;39.8;1.53;26.94;17.84;-0.35;26.94;16.59;0.35;0.25;-16.98;66
1787986383790143,130392,0,255,93,-0.1,14.14,22.2,-21.53;39.18;0.59;-21.06;39.8;1.53;26.94;17.84;-0.35;26.94;16.59;0.35;0.25;-16.98;66
1787986383810713,130401,0,255,93,-0.1,14.14,22.2,-21.53;39.18;0.59;-21.06;39.8;1.53;26.94;17.84;-0.35;26.94;16.59;0.35;0.25;-16.98;66
1787986383830005,130411,0,255,93,-0.1,14.14,22.2,-21.53;39.18;0.59;-21.06;39.8;1.53;26.94;17.84;-0.35;26.94;16.59;0.35;0.25;-16.98;66
1787986383850396,130420,0,255,93,-0.43,13.96,22.13,-21.53;39.18;0.59;-21.06;39.8;1.53;27.41;17.84;-0.35;26.94;16.59;0.59;0.25;-16.98;66
1787986383877379,130429,0,255,93,-0.43,13.96,22.13,-21.53;39.18;0.59;-21.06;39.8;1.53;27.41;17.84;-0.35;26.94;16.59;0.59;0.25;-16.98;66
1787986383890423,130438,0,255,93,-0.43,13.96,22.13,-21.53;39.18;0.59;-21.06;39.8;1.53;27.41;17.84;-0.35;26.94;16.59;0.59;0.25;-16.98;66
1787986383910912,130447,0,255,93,-0.43,13.96,22.13,-21.53;39.18;0.59;-21.06;39.8;1.53;27.41;17.84;-0.35;26.94;16.59;0.59;0.25;-16.98;66
1787986383931145,130456,0,255,93,-0.43,13.96,22.13,-21.53;39.18;0.59;-21.06;39.8;1.53;27.41;17.84;-0.35;26.94;16.59;0.59;0.25;-16.98;66
1787986383950028,130465,0,255,93,-0.43,13.96,22.13,-21.53;39.18;0.59;-21.06;39.8;1.53;27.41;17.84;-0.35;26.94;16.59;0.59;0.25;-16.98;66
1787986383970766,130474,0,255,93,-0.43,13.96,22.13,-21.53;39.18;0.59;-21.06;39.8;1.53;27.41;17.84;-0.35;26.94;16.59;0.59;0.25;-16.98;66
1787986383991026,130483,0,255,93,-0.43,13.96,22.13,-21.53;39.18;0.59;-21.06;39.8;1.53;27.41;17.84;-0.35;26.94;16.59;0.59;0.25;-16.98;66
1787986384011495,130492,0,255,93,-0.43,13.96,22.13,-21.53;39.18;0.59;-21.06;39.8;1.53;27.41;17.84;-0.35;26.94;16.59;0.59;0.25;-16.98;66
1787986384030440,130501,0,255,93,-0.43,13.96,22.13,-21.53;39.18;0.59;-21.06;39.8;1.53;27.41;17.84;-0.35;26.94;16.59;0.59;0.25;-16.98;66
1787986384049340,130510,0,255,93,-0.43,13.96,22.13,-21.53;39.18;0.59;-21.06;39.8;1.53;27.41;17.84;-0.35;26.94;16.59;0.59;0.25;-16.98;66
1787986384070649,130519,0,255,93,-0.43,13.96,22.13,-21.53;39.18;0.59;-21.06;39.8;1.53;27.41;17.84;-0.35;26.94;16.59;0.59;0.25;-16.98;66
1787986384089760,130528,0,255,93,-0.43,13.96,22.13,-21.53;39.18;0.59;-21.06;39.8;1.53;27.41;17.84;-0.35;26.94;16.59;0.59;0.25;-16.98;66
1787986384110134,130537,0,255,93,-0.43,13.96,22.13,-21.53;39.18;0.59;-21.06;39.8;1.53;27.41;17.84;-0.35;26.94;16.59;0.59;0.25;-16.98;66
1787986384130487,130546,0,255,93,-0.43,13.96,22.13,-21.53;39.18;0.59;-21.06;39.8;1.53;27.41;17.84;-0.35;26.94;16.59;0.59;0.25;-16.98;66
1787986384151177,130555,0,255,93,-0.43,13.96,22.13,-21.53;39.18;0.59;-21.06;39.8;1.53;27.41;17.84;-0.35;26.94;16.59;0.59;0.25;-16.98;66
1787986384170126,130564,0,255,93,-0.43,13.96,22.13,-21.53;39.18;0.59;-21.06;39.8;1.53;27.41;17.84;-0.35;26.94;16.59;0.59;0.25;-16.98;66
1787986384191958,130573,0,255,93,-0.43,13.96,22.13,-21.53;39.18;0.59;-21.06;39.8;1.53;27.41;17.84;-0.35;26.94;16.59;0.59;0.25;-16.98;66
1787986384210636,130582,0,255,93,-0.43,13.96,22.13,-21.53;39.18;0.59;-21.06;39.8;1.53;27.41;17.84;-0.35;26.94;16.59;0.59;0.25;-16.98;66
1787986384230401,130591,0,255,93,-0.43,13.96,22.13,-21.53;39.18;0.59;-21.06;39.8;1.53;27.41;17.84;-0.35;26.94;16.59;0.59;0.25;-16.98;66
1787986384250693,130600,0,255,93,-0.43,13.96,22.13,-21.53;39.18;0.59;-21.06;39.8;1.53;27.41;17.84;-0.35;26.94;16.59;0.59;0.25;-16.98;66
1787986384270418,130609,0,255,93,-0.43,13.96,22.13,-21.53;39.18;0.59;-21.06;39.8;1.53;27.41;17.84;-0.35;26.94;16.59;0.59;0.25;-16.98;66
1787986384289770,130618,0,255,93,-0.43,13.96,22.13,-21.53;39.18;0.59;-21.06;39.8;1.53;27.41;17.84;-0.35;26.94;16.59;0.59;0.25;-16.98;66
1787986384310379,130627,0,255,93,-0.43,13.96,22.13,-21.53;39.18;0.59;-21.06;39.8;1.53;27.41;17.84;-0.35;26.94;16.59;0.59;0.25;-16.98;66
1787986384330735,130636,0,255,93,-0.43,13.96,22.13,-21.53;39.18;0.59;-21.06;39.8;1.53;27.41;17.84;-0.35;26.94;16.59;0.59;0.25;-16.98;66
1787986384351086,130645,0,255,93,-0.43,13.96,22.13,-21.53;39.18;0.59;-21.06;39.8;1.53;27.41;17.84;-0.35;26.94;16.59;0.59;0.25;-16.98;66
1787986384370126,130654,0,255,93,-0.43,13.96,22.13,-21.53;39.18;0.59;-21.06;39.8;1.53;27.41;17.84;-0.35;26.94;16.59;0.59;0.25;-16.98;66
1787986384391787,130663,0,255,93,-0.43,13.96,22.13,-21.53;39.18;0.59;-21.06;39.8;1.53;27.41;17.84;-0.35;26.94;16.59;0.59;0.25;-16.98;66
1787986384412538,130672,0,255,93,-0.43,13.96,22.13,-21.53;39.18;0.59;-21.06;39.8;1.53;27.41;17.84;-0.35;26.94;16.59;0.59;0.25;-16.98;66
1787986384430864,130681,0,255,93,-0.43,13.96,22.13,-21.53;39.18;0.59;-21.06;39.8;1.53;27.41;17.84;-0.35;26.94;16.59;0.59;0.25;-16.98;66
1787986384449485,130690,0,255,93,-0.43,13.96,22.13,-21.53;39.18;0.59;-21.06;39.8;1.53;27.41;17.84;-0.35;26.94;16.59;0.59;0.25;-16.98;66
1787986384470277,130699,0,255,93,-0.43,13.96,22.13,-21.53;39.18;0.59;-21.06;39.8;1.53;27.41;17.84;-0.35;26.94;16.59;0.59;0.25;-16.98;66
1787986384490931,130708,0,255,93,-0.43,13.96,22.13,-21.53;39.18;0.59;-21.06;39.8;1.53;27.41;17.84;-0.35;26.94;16.59;0.59;0.25;-16.98;66
1787986384510640,130717,0,255,93,-0.43,13.96,22.13,-21.53;39.18;0.59;-21.06;39.8;1.53;27.41;17.84;-0.35;26.94;16.59;0.59;0.25;-16.98;66
1787986384530250,130726,0,255,93,-0.43,13.96,22.13,-21.53;39.18;0.59;-21.06;39.8;1.53;27.41;17.84;-0.35;26.94;16.59;0.59;0.25;-16.98;66
1787986384549549,130735,0,255,93,-0.43,13.96,22.13,-21.53;39.18;0.59;-21.06;39.8;1.53;27.41;17.84;-0.35;26.94;16.59;0.59;0.25;-16.98;66
1787986384570545,130744,0,255,93,-0.43,13.96,22.13,-21.53;39.18;0.59;-21.06;39.8;1.53;27.41;17.84;-0.35;26.94;16.59;0.59;0.25;-16.98;66
1787986384589868,130753,0,255,93,-0.43,13.96,22.13,-21.53;39.18;0.59;-21.06;39.8;1.53;27.41;17.84;-0.35;26.94;16.59;0.59;0.25;-16.98;66
1787986384609186,130762,0,255,93,-0.43,13.96,22.13,-21.53;39.18;0.59;-21.06;39.8;1.53;27.41;17.84;-0.35;26.94;16.59;0.59;0.25;-16.98;66
1787986384630581,130771,0,255,93,-0.43,13.96,22.13,-21.53;39.18;0.59;-21.06;39.8;1.53;27.41;17.84;-0.35;26.94;16.59;0.59;0.25;-16.98;66
1787986384649862,130780,0,255,93,-0.43,13.96,22.13,-21.53;39.18;0.59;-21.06;39.8;1.53;27.41;17.84;-0.35;26.94;16.59;0.59;0.25;-16.98;66
1787986384669958,130789,0,255,93,-0.43,13.96,22.13,-21.53;39.18;0.59;-21.06;39.8;1.53;27.41;17.84;-0.35;26.94;16.59;0.59;0.25;-16.98;66
1787986384691368,130798,0,255,93,-0.43,13.96,22.13,-21.53;39.18;0.59;-21.06;39.8;1.53;27.41;17.84;-0.35;26.94;16.59;0.59;0.25;-16.98;66
1787986384710657,130807,0,255,93,-0.43,13.96,22.13,-21.53;39.18;0.59;-21.06;39.8;1.53;27.41;17.84;-0.35;26.94;16.59;0.59;0.25;-16.98;66
1787986384729807,130816,0,255,93,-0.43,13.96,22.13,-21.53;39.18;0.59;-21.06;39.8;1.53;27.41;17.84;-0.35;26.94;16.59;0.59;0.25;-16.98;66
1787986384750064,130825,0,255,93,-0.43,13.96,22.13,-21.53;39.18;0.59;-21.06;39.8;1.53;27.41;17.84;-0.35;26.94;16.59;0.59;0.25;-16.98;66
1787986384769114,130834,0,255,93,-0.43,13.96,22.13,-21.53;39.18;0.59;-21.06;39.8;1.53;27.41;17.84;-0.35;26.94;16.59;0.59;0.25;-16.98;66
1787986384790519,130843,0,255,93,-0.43,13.96,22.13,-21.53;39.18;0.59;-21.06;39.8;1.53;27.41;17.84;-0.35;26.94;16.59;0.59;0.25;-16.98;66
1787986384811066,130852,0,255,93,-0.43,13.96,22.13,-21.53;39.18;0.59;-21.06;39.8;1.53;27.41;17.84;-0.35;26.94;16.59;0.59;0.25;-16.98;66
1787986384830372,130862,0,255,93,-0.43,13.96,22.13,-21.53;39.18;0.59;-21.06;39.8;1.53;27.41;17.84;-0.35;26.94;16.59;0.59;0.25;-16.98;66
1787986384850231,130871,0,255,93,-0.21,13.82,23.22,-21.06;39.8;0.59;-22;39.8;0.82;26.47;17.22;-0.12;25.53;16.59;-0.35;0.25;-16.98;65.24
1787986384869812,130880,0,255,93,-0.21,13.82,23.22,-21.06;39.8;0.59;-22;39.8;0.82;26.47;17.22;-0.12;25.53;16.59;-0.35;0.25;-16.98;65.24
1787986384890218,130889,0,255,93,-0.21,13.82,23.22,-21.06;39.8;0.59;-22;39.8;0.82;26.47;17.22;-0.12;25.53;16.59;-0.35;0.25;-16.98;65.24
1787986384910556,130898,0,255,93,-0.21,13.82,23.22,-21.06;39.8;0.59;-22;39.8;0.82;26.47;17.22;-0.12;25.53;16.59;-0.35;0.25;-16.98;65.24
1787986384929864,130907,0,255,93,-0.21,13.82,23.22,-21.06;39.8;0.59;-22;39.8;0.82;26.47;17.22;-0.12;25.53;16.59;-0.35;0.25;-16.98;65.24
1787986384950930,130916,0,255,93,-0.21,13.82,23.22,-21.06;39.8;0.59;-22;39.8;0.82;26.47;17.22;-0.12;25.53;16.59;-0.35;0.25;-16.98;65.24
1787986384969443,130925,0,255,93,-0.21,13.82,23.22,-21.06;39.8;0.59;-22;39.8;0.82;26.47;17.22;-0.12;25.53;16.59;-0.35;0.25;-16.98;65.24
1787986384989933,130934,0,255,93,-0.21,13.82,23.22,-21.06;39.8;0.59;-22;39.8;0.82;26.47;17.22;-0.12;25.53;16.59;-0.35;0.25;-16.98;65.24
1787986385010244,130943,0,255,93,-0.21,13.82,23.22,-21.06;39.8;0.59;-22;39.8;0.82;26.47;17.22;-0.12;25.53;16.59;-0.35;0.25;-16.98;65.24
1787986385030102,130952,0,255,93,-0.21,13.82,23.22,-21.06;39.8;0.59;-22;39.8;0.82;26.47;17.22;-0.12;25.53;16.59;-0.35;0.25;-16.98;65.24
1787986385050478,130961,0,255,93,-0.21,13.82,23.22,-21.06;39.8;0.59;-22;39.8;0.82;26.47;17.22;-0.12;25.53;16.59;-0.35;0.25;-16.98;65.24
1787986385073158,130970,0,255,93,-0.21,13.82,23.22,-21.06;39.8;0.59;-22;39.8;0.82;26.47;17.22;-0.12;25.53;16.59;-0.35;0.25;-16.98;65.24
1787986385090354,130979,0,255,93,-0.21,13.82,23.22,-21.06;39.8;0.59;-22;39.8;0.82;26.47;17.22;-0.12;25.53;16.59;-0.35;0.25;-16.98;65.24
1787986385109997,130988,0,255,93,-0.21,13.82,23.22,-21.06;39.8;0.59;-22;39.8;0.82;26.47;17.22;-0.12;25.53;16.59;-0.35;0.25;-16.98;65.24
1787986385129933,130997,0,255,93,-0.21,13.82,23.22,-21.06;39.8;0.59;-22;39.8;0.82;26.47;17.22;-0.12;25.53;16.59;-0.35;0.25;-16.98;65.24
1787986385150313,131006,0,255,93,-0.21,13.82,23.22,-21.06;39.8;0.59;-22;39.8;0.82;26.47;17.22;-0.12;25.53;16.59;-0.35;0.25;-16.98;65.24
1787986385169610,131015,0,255,93,-0.21,13.82,23.22,-21.06;39.8;0.59;-22;39.8;0.82;26.47;17.22;-0.12;25.53;16.59;-0.35;0.25;-16.98;65.24
1787986385191526,131024,0,255,93,-0.21,13.82,23.22,-21.06;39.8;0.59;-22;39.8;0.82;26.47;17.22;-0.12;25.53;16.59;-0.35;0.25;-16.98;65.24
1787986385210441,131033,0,255,93,-0.21,13.82,23.22,-21.06;39.8;0.59;-22;39.8;0.82;26.47;17.22;-0.12;25.53;16.59;-0.35;0.25;-16.98;65.24
1787986385231123,131042,0,255,93,-0.21,13.82,23.22,-21.06;39.8;0.59;-22;39.8;0.82;26.47;17.22;-0.12;25.53;16.59;-0.35;0.25;-16.98;65.24
1787986385250646,131051,0,255,93,-0.21,13.82,23.22,-21.06;39.8;0.59;-22;39.8;0.82;26.47;17.22;-0.12;25.53;16.59;-0.35;0.25;-16.98;65.24
1787986385270139,131060,0,255,93,-0.21,13.82,23.22,-21.06;39.8;0.59;-22;39.8;0.82;26.47;17.22;-0.12;25.53;16.59;-0.35;0.25;-16.98;65.24
1787986385290381,131069,0,255,93,-0.21,13.82,23.22,-21.06;39.8;0.59;-22;39.8;0.82;26.47;17.22;-0.12;25.53;16.59;-0.35;0.25;-16.98;65.24
1787986385309800,131078,0,255,93,-0.21,13.82,23.22,-21.06;39.8;0.59;-22;39.8;0.82;26.47;17.22;-0.12;25.53;16.59;-0.35;0.25;-16.98;65.24
1787986385336409,131087,0,255,93,-0.21,13.82,23.22,-21.06;39.8;0.59;-22;39.8;0.82;26.47;17.22;-0.12;25.53;16.59;-0.35;0.25;-16.98;65.24
1787986385350847,131096,0,255,93,-0.21,13.82,23.22,-21.06;39.8;0.59;-22;39.8;0.82;26.47;17.22;-0.12;25.53;16.59;-0.35;0.25;-16.98;65.24
1787986385370321,131105,0,255,93,-0.21,13.82,23.22,-21.06;39.8;0.59;-22;39.8;0.82;26.47;17.22;-0.12;25.53;16.59;-0.35;0.25;-16.98;65.24
1787986385390506,131114,0,255,93,-0.21,13.82,23.22,-21.06;39.8;0.59;-22;39.8;0.82;26.47;17.22;-0.12;25.53;16.59;-0.35;0.25;-16.98;65.24
1787986385411930,131123,0,255,93,-0.21,13.82,23.22,-21.06;39.8;0.59;-22;39.8;0.82;26.47;17.22;-0.12;25.53;16.59;-0.35;0.25;-16.98;65.24
1787986385436023,131132,0,255,93,-0.21,13.82,23.22,-21.06;39.8;0.59;-22;39.8;0.82;26.47;17.22;-0.12;25.53;16.59;-0.35;0.25;-16.98;65.24
1787986385452286,131141,0,255,93,-0.21,13.82,23.22,-21.06;39.8;0.59;-22;39.8;0.82;26.47;17.22;-0.12;25.53;16.59;-0.35;0.25;-16.98;65.24
1787986385470316,131150,0,255,93,-0.21,13.82,23.22,-21.06;39.8;0.59;-22;39.8;0.82;26.47;17.22;-0.12;25.53;16.59;-0.35;0.25;-16.98;65.24
1787986385490274,131159,0,255,93,-0.21,13.82,23.22,-21.06;39.8;0.59;-22;39.8;0.82;26.47;17.22;-0.12;25.53;16.59;-0.35;0.25;-16.98;65.24
1787986385511722,131168,0,255,93,-0.21,13.82,23.22,-21.06;39.8;0.59;-22;39.8;0.82;26.47;17.22;-0.12;25.53;16.59;-0.35;0.25;-16.98;65.24
1787986385531677,131177,0,255,93,-0.21,13.82,23.22,-21.06;39.8;0.59;-22;39.8;0.82;26.47;17.22;-0.12;25.53;16.59;-0.35;0.25;-16.98;65.24
1787986385549896,131186,0,255,93,-0.21,13.82,23.22,-21.06;39.8;0.59;-22;39.8;0.82;26.47;17.22;-0.12;25.53;16.59;-0.35;0.25;-16.98;65.24
1787986385570519,131195,0,255,93,-0.21,13.82,23.22,-21.06;39.8;0.59;-22;39.8;0.82;26.47;17.22;-0.12;25.53;16.59;-0.35;0.25;-16.98;65.24
1787986385589774,131204,0,255,93,-0.21,13.82,23.22,-21.06;39.8;0.59;-22;39.8;0.82;26.47;17.22;-0.12;25.53;16.59;-0.35;0.25;-16.98;65.24
1787986385611272,131213,0,255,93,-0.21,13.82,23.22,-21.06;39.8;0.59;-22;39.8;0.82;26.47;17.22;-0.12;25.53;16.59;-0.35;0.25;-16.98;65.24
1787986385630302,131222,0,255,93,-0.21,13.82,23.22,-21.06;39.8;0.59;-22;39.8;0.82;26.47;17.22;-0.12;25.53;16.59;-0.35;0.25;-16.98;65.24
1787986385650314,131231,0,255,93,-0.21,13.82,23.22,-21.06;39.8;0.59;-22;39.8;0.82;26.47;17.22;-0.12;25.53;16.59;-0.35;0.25;-16.98;65.24
1787986385672504,131240,0,255,93,-0.21,13.82,23.22,-21.06;39.8;0.59;-22;39.8;0.82;26.47;17.22;-0.12;25.53;16.59;-0.35;0.25;-16.98;65.24
1787986385690471,131249,0,255,93,-0.21,13.82,23.22,-21.06;39.8;0.59;-22;39.8;0.82;26.47;17.22;-0.12;25.53;16.59;-0.35;0.25;-16.98;65.24
1787986385710468,131258,0,255,93,-0.21,13.82,23.22,-21.06;39.8;0.59;-22;39.8;0.82;26.47;17.22;-0.12;25.53;16.59;-0.35;0.25;-16.98;65.24
1787986385732050,131267,0,255,93,-0.21,13.82,23.22,-21.06;39.8;0.59;-22;39.8;0.82;26.47;17.22;-0.12;25.53;16.59;-0.35;0.25;-16.98;65.24
1787986385748865,131276,0,255,93,-0.21,13.82,23.22,-21.06;39.8;0.59;-22;39.8;0.82;26.47;17.22;-0.12;25.53;16.59;-0.35;0.25;-16.98;65.24
1787986385770210,131285,0,255,93,-0.21,13.82,23.22,-21.06;39.8;0.59;-22;39.8;0.82;26.47;17.22;-0.12;25.53;16.59;-0.35;0.25;-16.98;65.24
1787986385791952,131294,0,255,93,-0.21,13.82,23.22,-21.06;39.8;0.59;-22;39.8;0.82;26.47;17.22;-0.12;25.53;16.59;-0.35;0.25;-16.98;65.24
1787986385810111,131303,0,255,93,-0.21,13.82,23.22,-21.06;39.8;0.59;-22;39.8;0.82;26.47;17.22;-0.12;25.53;16.59;-0.35;0.25;-16.98;65.24
1787986385830815,131313,0,255,93,-0.21,13.82,23.22,-21.06;39.8;0.59;-22;39.8;0.82;26.47;17.22;-0.12;25.53;16.59;-0.35;0.25;-16.98;65.24
1787986385852306,131322,0,255,93,0.01,14.02,23.29,-21.53;39.8;0.59;-22;39.8;0.82;26.47;17.22;-0.12;25.53;16.59;-0.35;0.25;-16.98;65.24
1787986385869913,131331,0,255,93,0.01,14.02,23.29,-21.53;39.8;0.59;-22;39.8;0.82;26.47;17.22;-0.12;25.53;16.59;-0.35;0.25;-16.98;65.24
1787986385894267,131340,0,255,93,0.01,14.02,23.29,-21.53;39.8;0.59;-22;39.8;0.82;26.47;17.22;-0.12;25.53;16.59;-0.35;0.25;-16.98;65.24
1787986385910803,131349,0,255,93,0.01,14.02,23.29,-21.53;39.8;0.59;-22;39.8;0.82;26.47;17.22;-0.12;25.53;16.59;-0.35;0.25;-16.98;65.24
1787986385930007,131358,0,255,93,0.01,14.02,23.29,-21.53;39.8;0.59;-22;39.8;0.82;26.47;17.22;-0.12;25.53;16.59;-0.35;0.25;-16.98;65.24
1787986385953205,131367,0,255,93,0.01,14.02,23.29,-21.53;39.8;0.59;-22;39.8;0.82;26.47;17.22;-0.12;25.53;16.59;-0.35;0.25;-16.98;65.24
1787986385969928,131376,0,255,93,0.01,14.02,23.29,-21.53;39.8;0.59;-22;39.8;0.82;26.47;17.22;-0.12;25.53;16.59;-0.35;0.25;-16.98;65.24
1787986385990997,131385,0,255,93,0.01,14.02,23.29,-21.53;39.8;0.59;-22;39.8;0.82;26.47;17.22;-0.12;25.53;16.59;-0.35;0.25;-16.98;65.24
1787986386011913,131394,0,255,93,0.01,14.02,23.29,-21.53;39.8;0.59;-22;39.8;0.82;26.47;17.22;-0.12;25.53;16.59;-0.35;0.25;-16.98;65.24
1787986386031603,131403,0,255,93,0.01,14.02,23.29,-21.53;39.8;0.59;-22;39.8;0.82;26.47;17.22;-0.12;25.53;16.59;-0.35;0.25;-16.98;65.24
1787986386052055,131412,0,255,93,0.01,14.02,23.29,-21.53;39.8;0.59;-22;39.8;0.82;26.47;17.22;-0.12;25.53;16.59;-0.35;0.25;-16.98;65.24
1787986386071052,131421,0,255,93,0.01,14.02,23.29,-21.53;39.8;0.59;-22;39.8;0.82;26.47;17.22;-0.12;25.53;16.59;-0.35;0.25;-16.98;65.24
1787986386090031,131430,0,255,93,0.01,14.02,23.29,-21.53;39.8;0.59;-22;39.8;0.82;26.47;17.22;-0.12;25.53;16.59;-0.35;0.25;-16.98;65.24
1787986386111083,131439,0,255,93,0.01,14.02,23.29,-21.53;39.8;0.59;-22;39.8;0.82;26.47;17.22;-0.12;25.53;16.59;-0.35;0.25;-16.98;65.24
1787986386130500,131448,0,255,93,0.01,14.02,23.29,-21.53;39.8;0.59;-22;39.8;0.82;26.47;17.22;-0.12;25.53;16.59;-0.35;0.25;-16.98;65.24
1787986386149867,131457,0,255,93,0.01,14.02,23.29,-21.53;39.8;0.59;-22;39.8;0.82;26.47;17.22;-0.12;25.53;16.59;-0.35;0.25;-16.98;65.24
1787986386170283,131466,0,255,93,0.01,14.02,23.29,-21.53;39.8;0.59;-22;39.8;0.82;26.47;17.22;-0.12;25.53;16.59;-0.35;0.25;-16.98;65.24
1787986386190704,131475,0,255,93,0.01,14.02,23.29,-21.53;39.8;0.59;-22;39.8;0.82;26.47;17.22;-0.12;25.53;16.59;-0.35;0.25;-16.98;65.24
1787986386210668,131484,0,255,93,0.01,14.02,23.29,-21.53;39.8;0.59;-22;39.8;0.82;26.47;17.22;-0.12;25.53;16.59;-0.35;0.25;-16.98;65.24
1787986386230401,131493,0,255,93,0.01,14.02,23.29,-21.53;39.8;0.59;-22;39.8;0.82;26.47;17.22;-0.12;25.53;16.59;-0.35;0.25;-16.98;65.24
1787986386249944,131502,0,255,93,0.01,14.02,23.29,-21.53;39.8;0.59;-22;39.8;0.82;26.47;17.22;-0.12;25.53;16.59;-0.35;0.25;-16.98;65.24
1787986386271197,131511,0,255,93,0.01,14.02,23.29,-21.53;39.8;0.59;-22;39.8;0.82;26.47;17.22;-0.12;25.53;16.59;-0.35;0.25;-16.98;65.24
1787986386289688,131520,0,255,93,0.01,14.02,23.29,-21.53;39.8;0.59;-22;39.8;0.82;26.47;17.22;-0.12;25.53;16.59;-0.35;0.25;-16.98;65.24
1787986386310134,131529,0,255,93,0.01,14.02,23.29,-21.53;39.8;0.59;-22;39.8;0.82;26.47;17.22;-0.12;25.53;16.59;-0.35;0.25;-16.98;65.24
1787986386329967,131538,0,255,93,0.01,14.02,23.29,-21.53;39.8;0.59;-22;39.8;0.82;26.47;17.22;-0.12;25.53;16.59;-0.35;0.25;-16.98;65.24
1787986386352406,131547,0,255,93,0.01,14.02,23.29,-21.53;39.8;0.59;-22;39.8;0.82;26.47;17.22;-0.12;25.53;16.59;-0.35;0.25;-16.98;65.24
1787986386370425,131556,0,255,93,0.01,14.02,23.29,-21.53;39.8;0.59;-22;39.8;0.82;26.47;17.22;-0.12;25.53;16.59;-0.35;0.25;-16.98;65.24
1787986386391078,131565,0,255,93,0.01,14.02,23.29,-21.53;39.8;0.59;-22;39.8;0.82;26.47;17.22;-0.12;25.53;16.59;-0.35;0.25;-16.98;65.24
1787986386410949,131574,0,255,93,0.01,14.02,23.29,-21.53;39.8;0.59;-22;39.8;0.82;26.47;17.22;-0.12;25.53;16.59;-0.35;0.25;-16.98;65.24
1787986386431186,131583,0,255,93,0.01,14.02,23.29,-21.53;39.8;0.59;-22;39.8;0.82;26.47;17.22;-0.12;25.53;16.59;-0.35;0.25;-16.98;65.24
1787986386449711,131592,0,255,93,0.01,14.02,23.29,-21.53;39.8;0.59;-22;39.8;0.82;26.47;17.22;-0.12;25.53;16.59;-0.35;0.25;-16.98;65.24
1787986386471040,131601,0,255,93,0.01,14.02,23.29,-21.53;39.8;0.59;-22;39.8;0.82;26.47;17.22;-0.12;25.53;16.59;-0.35;0.25;-16.98;65.24
1787986386491241,131610,0,255,93,0.01,14.02,23.29,-21.53;39.8;0.59;-22;39.8;0.82;26.47;17.22;-0.12;25.53;16.59;-0.35;0.25;-16.98;65.24
1787986386511314,131619,0,255,93,0.01,14.02,23.29,-21.53;39.8;0.59;-22;39.8;0.82;26.47;17.22;-0.12;25.53;16.59;-0.35;0.25;-16.98;65.24
1787986386530470,131628,0,255,93,0.01,14.02,23.29,-21.53;39.8;0.59;-22;39.8;0.82;26.47;17.22;-0.12;25.53;16.59;-0.35;0.25;-16.98;65.24
1787986386552608,131637,0,255,93,0.01,14.02,23.29,-21.53;39.8;0.59;-22;39.8;0.82;26.47;17.22;-0.12;25.53;16.59;-0.35;0.25;-16.98;65.24
1787986386571178,131646,0,255,93,0.01,14.02,23.29,-21.53;39.8;0.59;-22;39.8;0.82;26.47;17.22;-0.12;25.53;16.59;-0.35;0.25;-16.98;65.24
1787986386590436,131655,0,255,93,0.01,14.02,23.29,-21.53;39.8;0.59;-22;39.8;0.82;26.47;17.22;-0.12;25.53;16.59;-0.35;0.25;-16.98;65.24
1787986386616359,131664,0,255,93,0.01,14.02,23.29,-21.53;39.8;0.59;-22;39.8;0.82;26.47;17.22;-0.12;25.53;16.59;-0.35;0.25;-16.98;65.24
1787986386630691,131673,0,255,93,0.01,14.02,23.29,-21.53;39.8;0.59;-22;39.8;0.82;26.47;17.22;-0.12;25.53;16.59;-0.35;0.25;-16.98;65.24
1787986386650018,131682,0,255,93,0.01,14.02,23.29,-21.53;39.8;0.59;-22;39.8;0.82;26.47;17.22;-0.12;25.53;16.59;-0.35;0.25;-16.98;65.24
1787986386670645,131691,0,255,93,0.01,14.02,23.29,-21.53;39.8;0.59;-22;39.8;0.82;26.47;17.22;-0.12;25.53;16.59;-0.35;0.25;-16.98;65.24
1787986386690102,131700,0,255,93,0.01,14.02,23.29,-21.53;39.8;0.59;-22;39.8;0.82;26.47;17.22;-0.12;25.53;16.59;-0.35;0.25;-16.98;65.24
1787986386710425,131709,0,255,93,0.01,14.02,23.29,-21.53;39.8;0.59;-22;39.8;0.82;26.47;17.22;-0.12;25.53;16.59;-0.35;0.25;-16.98;65.24
1787986386731191,131718,0,255,93,0.01,14.02,23.29,-21.53;39.8;0.59;-22;39.8;0.82;26.47;17.22;-0.12;25.53;16.59;-0.35;0.25;-16.98;65.24
1787986386750481,131727,0,255,93,0.01,14.02,23.29,-21.53;39.8;0.59;-22;39.8;0.82;26.47;17.22;-0.12;25.53;16.59;-0.35;0.25;-16.98;65.24
1787986386769627,131736,0,255,93,0.01,14.02,23.29,-21.53;39.8;0.59;-22;39.8;0.82;26.47;17.22;-0.12;25.53;16.59;-0.35;0.25;-16.98;65.24
1787986386790040,131745,0,255,93,0.01,14.02,23.29,-21.53;39.8;0.59;-22;39.8;0.82;26.47;17.22;-0.12;25.53;16.59;-0.35;0.25;-16.98;65.24
1787986386812171,131754,0,255,93,0.01,14.02,23.29,-21.53;39.8;0.59;-22;39.8;0.82;26.47;17.22;-0.12;25.53;16.59;-0.35;0.25;-16.98;65.24
1787986386831757,131764,0,255,93,0.01,14.02,23.29,-21.53;39.8;0.59;-22;39.8;0.82;26.47;17.22;-0.12;25.53;16.59;-0.35;0.25;-16.98;65.24
1787986386850199,131773,0,255,93,0.03,13.99,23.33,-21.06;39.8;0.59;-22;39.8;0.82;26.47;17.22;-0.12;25.53;16.59;-0.35;0.25;-16.98;65.24
1787986386870413,131782,0,255,93,0.03,13.99,23.33,-21.06;39.8;0.59;-22;39.8;0.82;26.47;17.22;-0.12;25.53;16.59;-0.35;0.25;-16.98;65.24
1787986386892029,131791,0,255,93,0.03,13.99,23.33,-21.06;39.8;0.59;-22;39.8;0.82;26.47;17.22;-0.12;25.53;16.59;-0.35;0.25;-16.98;65.24
1787986386910771,131800,0,255,93,0.03,13.99,23.33,-21.06;39.8;0.59;-22;39.8;0.82;26.47;17.22;-0.12;25.53;16.59;-0.35;0.25;-16.98;65.24
1787986386929816,131809,0,255,93,0.03,13.99,23.33,-21.06;39.8;0.59;-22;39.8;0.82;26.47;17.22;-0.12;25.53;16.59;-0.35;0.25;-16.98;65.24
1787986386952987,131818,0,255,93,0.03,13.99,23.33,-21.06;39.8;0.59;-22;39.8;0.82;26.47;17.22;-0.12;25.53;16.59;-0.35;0.25;-16.98;65.24
1787986386970443,131827,0,255,93,0.03,13.99,23.33,-21.06;39.8;0.59;-22;39.8;0.82;26.47;17.22;-0.12;25.53;16.59;-0.35;0.25;-16.98;65.24
1787986386990691,131836,0,255,93,0.03,13.99,23.33,-21.06;39.8;0.59;-22;39.8;0.82;26.47;17.22;-0.12;25.53;16.59;-0.35;0.25;-16.98;65.24
1787986387010718,131845,0,255,93,0.03,13.99,23.33,-21.06;39.8;0.59;-22;39.8;0.82;26.47;17.22;-0.12;25.53;16.59;-0.35;0.25;-16.98;65.24
1787986387030831,131854,0,255,93,0.03,13.99,23.33,-21.06;39.8;0.59;-22;39.8;0.82;26.47;17.22;-0.12;25.53;16.59;-0.35;0.25;-16.98;65.24
1787986387052396,131863,0,255,93,0.03,13.99,23.33,-21.06;39.8;0.59;-22;39.8;0.82;26.47;17.22;-0.12;25.53;16.59;-0.35;0.25;-16.98;65.24
1787986387070948,131872,0,255,93,0.03,13.99,23.33,-21.06;39.8;0.59;-22;39.8;0.82;26.47;17.22;-0.12;25.53;16.59;-0.35;0.25;-16.98;65.24
1787986387089649,131881,0,255,93,0.03,13.99,23.33,-21.06;39.8;0.59;-22;39.8;0.82;26.47;17.22;-0.12;25.53;16.59;-0.35;0.25;-16.98;65.24
1787986387110937,131890,0,255,93,0.03,13.99,23.33,-21.06;39.8;0.59;-22;39.8;0.82;26.47;17.22;-0.12;25.53;16.59;-0.35;0.25;-16.98;65.24
1787986387130417,131899,0,255,93,0.03,13.99,23.33,-21.06;39.8;0.59;-22;39.8;0.82;26.47;17.22;-0.12;25.53;16.59;-0.35;0.25;-16.98;65.24
1787986387149614,131908,0,255,93,0.03,13.99,23.33,-21.06;39.8;0.59;-22;39.8;0.82;26.47;17.22;-0.12;25.53;16.59;-0.35;0.25;-16.98;65.24
1787986387170163,131917,0,255,93,0.03,13.99,23.33,-21.06;39.8;0.59;-22;39.8;0.82;26.47;17.22;-0.12;25.53;16.59;-0.35;0.25;-16.98;65.24
1787986387189732,131926,0,255,93,0.03,13.99,23.33,-21.06;39.8;0.59;-22;39.8;0.82;26.47;17.22;-0.12;25.53;16.59;-0.35;0.25;-16.98;65.24
1787986387217702,131935,0,255,93,0.03,13.99,23.33,-21.06;39.8;0.59;-22;39.8;0.82;26.47;17.22;-0.12;25.53;16.59;-0.35;0.25;-16.98;65.24
1787986387235937,131944,0,255,93,0.03,13.99,23.33,-21.06;39.8;0.59;-22;39.8;0.82;26.47;17.22;-0.12;25.53;16.59;-0.35;0.25;-16.98;65.24
1787986387256173,131960,0,255,93,0.03,13.99,23.33,-21.06;39.8;0.59;-22;39.8;0.82;26.47;17.22;-0.12;25.53;16.59;-0.35;0.25;-16.98;65.24
1787986387274681,131962,0,255,93,0.03,13.99,23.33,-21.06;39.8;0.59;-22;39.8;0.82;26.47;17.22;-0.12;25.53;16.59;-0.35;0.25;-16.98;65.24
1787986387294438,131971,0,255,93,0.03,13.99,23.33,-21.06;39.8;0.59;-22;39.8;0.82;26.47;17.22;-0.12;25.53;16.59;-0.35;0.25;-16.98;65.24
1787986387314781,131980,0,255,93,0.03,13.99,23.33,-21.06;39.8;0.59;-22;39.8;0.82;26.47;17.22;-0.12;25.53;16.59;-0.35;0.25;-16.98;65.24
1787986387334938,131989,0,255,93,0.03,13.99,23.33,-21.06;39.8;0.59;-22;39.8;0.82;26.47;17.22;-0.12;25.53;16.59;-0.35;0.25;-16.98;65.24
1787986387357793,132005,0,255,93,0.03,13.99,23.33,-21.06;39.8;0.59;-22;39.8;0.82;26.47;17.22;-0.12;25.53;16.59;-0.35;0.25;-16.98;65.24
1787986387376988,132014,0,255,93,0.03,13.99,23.33,-21.06;39.8;0.59;-22;39.8;0.82;26.47;17.22;-0.12;25.53;16.59;-0.35;0.25;-16.98;65.24
1787986387395273,132023,0,255,93,0.03,13.99,23.33,-21.06;39.8;0.59;-22;39.8;0.82;26.47;17.22;-0.12;25.53;16.59;-0.35;0.25;-16.98;65.24
1787986387414558,132025,0,255,93,0.03,13.99,23.33,-21.06;39.8;0.59;-22;39.8;0.82;26.47;17.22;-0.12;25.53;16.59;-0.35;0.25;-16.98;65.24
1787986387434694,132034,0,255,93,0.03,13.99,23.33,-21.06;39.8;0.59;-22;39.8;0.82;26.47;17.22;-0.12;25.53;16.59;-0.35;0.25;-16.98;65.24
1787986387458759,132043,0,255,93,0.03,13.99,23.33,-21.06;39.8;0.59;-22;39.8;0.82;26.47;17.22;-0.12;25.53;16.59;-0.35;0.25;-16.98;65.24
1787986387476064,132052,0,255,93,0.03,13.99,23.33,-21.06;39.8;0.59;-22;39.8;0.82;26.47;17.22;-0.12;25.53;16.59;-0.35;0.25;-16.98;65.24
1787986387495789,132061,0,255,93,0.03,13.99,23.33,-21.06;39.8;0.59;-22;39.8;0.82;26.47;17.22;-0.12;25.53;16.59;-0.35;0.25;-16.98;65.24
1787986387517470,132070,0,255,93,0.03,13.99,23.33,-21.06;39.8;0.59;-22;39.8;0.82;26.47;17.22;-0.12;25.53;16.59;-0.35;0.25;-16.98;65.24
1787986387535738,132079,0,255,93,0.03,13.99,23.33,-21.06;39.8;0.59;-22;39.8;0.82;26.47;17.22;-0.12;25.53;16.59;-0.35;0.25;-16.98;65.24
1787986387554796,132088,0,255,93,0.03,13.99,23.33,-21.06;39.8;0.59;-22;39.8;0.82;26.47;17.22;-0.12;25.53;16.59;-0.35;0.25;-16.98;65.24
1787986387575489,132097,0,255,93,0.03,13.99,23.33,-21.06;39.8;0.59;-22;39.8;0.82;26.47;17.22;-0.12;25.53;16.59;-0.35;0.25;-16.98;65.24
1787986387594465,132106,0,255,93,0.03,13.99,23.33,-21.06;39.8;0.59;-22;39.8;0.82;26.47;17.22;-0.12;25.53;16.59;-0.35;0.25;-16.98;65.24
1787986387616596,132115,0,255,93,0.03,13.99,23.33,-21.06;39.8;0.59;-22;39.8;0.82;26.47;17.22;-0.12;25.53;16.59;-0.35;0.25;-16.98;65.24
1787986387636050,132124,0,255,93,0.03,13.99,23.33,-21.06;39.8;0.59;-22;39.8;0.82;26.47;17.22;-0.12;25.53;16.59;-0.35;0.25;-16.98;65.24
1787986387655115,132133,0,255,93,0.03,13.99,23.33,-21.06;39.8;0.59;-22;39.8;0.82;26.47;17.22;-0.12;25.53;16.59;-0.35;0.25;-16.98;65.24
1787986387675680,132142,0,255,93,0.03,13.99,23.33,-21.06;39.8;0.59;-22;39.8;0.82;26.47;17.22;-0.12;25.53;16.59;-0.35;0.25;-16.98;65.24
1787986387696012,132151,0,255,93,0.03,13.99,23.33,-21.06;39.8;0.59;-22;39.8;0.82;26.47;17.22;-0.12;25.53;16.59;-0.35;0.25;-16.98;65.24
1787986387715552,132160,0,255,93,0.03,13.99,23.33,-21.06;39.8;0.59;-22;39.8;0.82;26.47;17.22;-0.12;25.53;16.59;-0.35;0.25;-16.98;65.24
1787986387737530,132169,0,255,93,0.03,13.99,23.33,-21.06;39.8;0.59;-22;39.8;0.82;26.47;17.22;-0.12;25.53;16.59;-0.35;0.25;-16.98;65.24
1787986387755859,132178,0,255,93,0.03,13.99,23.33,-21.06;39.8;0.59;-22;39.8;0.82;26.47;17.22;-0.12;25.53;16.59;-0.35;0.25;-16.98;65.24
1787986387775620,132187,0,255,93,0.03,13.99,23.33,-21.06;39.8;0.59;-22;39.8;0.82;26.47;17.22;-0.12;25.53;16.59;-0.35;0.25;-16.98;65.24
1787986387795786,132196,0,255,93,0.03,13.99,23.33,-21.06;39.8;0.59;-22;39.8;0.82;26.47;17.22;-0.12;25.53;16.59;-0.35;0.25;-16.98;65.24
1787986387815450,132205,0,255,93,0.03,13.99,23.33,-21.06;39.8;0.59;-22;39.8;0.82;26.47;17.22;-0.12;25.53;16.59;-0.35;0.25;-16.98;65.24
1787986387836574,132215,0,255,93,0.03,13.99,23.33,-21.06;39.8;0.59;-22;39.8;0.82;26.47;17.22;-0.12;25.53;16.59;-0.35;0.25;-16.98;65.24
1787986387854857,132224,0,255,92,0.05,14.03,23.33,-21.06;39.8;0.59;-22;39.8;0.82;26.47;17.22;-0.12;25.53;16.59;-0.35;0.25;-16.98;65.24
1787986387875149,132233,0,255,92,0.05,14.03,23.33,-21.06;39.8;0.59;-22;39.8;0.82;26.47;17.22;-0.12;25.53;16.59;-0.35;0.25;-16.98;65.24
1787986387895633,132242,0,255,92,0.05,14.03,23.33,-21.06;39.8;0.59;-22;39.8;0.82;26.47;17.22;-0.12;25.53;16.59;-0.35;0.25;-16.98;65.24
1787986387919006,132251,0,255,92,0.05,14.03,23.33,-21.06;39.8;0.59;-22;39.8;0.82;26.47;17.22;-0.12;25.53;16.59;-0.35;0.25;-16.98;65.24
1787986387935037,132260,0,255,92,0.05,14.03,23.33,-21.06;39.8;0.59;-22;39.8;0.82;26.47;17.22;-0.12;25.53;16.59;-0.35;0.25;-16.98;65.24
1787986387957831,132269,0,255,92,0.05,14.03,23.33,-21.06;39.8;0.59;-22;39.8;0.82;26.47;17.22;-0.12;25.53;16.59;-0.35;0.25;-16.98;65.24
1787986387974509,132278,0,255,92,0.05,14.03,23.33,-21.06;39.8;0.59;-22;39.8;0.82;26.47;17.22;-0.12;25.53;16.59;-0.35;0.25;-16.98;65.24
1787986387994584,132287,0,255,92,0.05,14.03,23.33,-21.06;39.8;0.59;-22;39.8;0.82;26.47;17.22;-0.12;25.53;16.59;-0.35;0.25;-16.98;65.24
1787986388015511,132296,0,255,92,0.05,14.03,23.33,-21.06;39.8;0.59;-22;39.8;0.82;26.47;17.22;-0.12;25.53;16.59;-0.35;0.25;-16.98;65.24
1787986388035580,132312,0,255,92,0.05,14.03,23.33,-21.06;39.8;0.59;-22;39.8;0.82;26.47;17.22;-0.12;25.53;16.59;-0.35;0.25;-16.98;65.24
1787986388057695,132314,0,255,92,0.05,14.03,23.33,-21.06;39.8;0.59;-22;39.8;0.82;26.47;17.22;-0.12;25.53;16.59;-0.35;0.25;-16.98;65.24
1787986388075458,132323,0,255,92,0.05,14.03,23.33,-21.06;39.8;0.59;-22;39.8;0.82;26.47;17.22;-0.12;25.53;16.59;-0.35;0.25;-16.98;65.24
1787986388094496,132332,0,255,92,0.05,14.03,23.33,-21.06;39.8;0.59;-22;39.8;0.82;26.47;17.22;-0.12;25.53;16.59;-0.35;0.25;-16.98;65.24
1787986388117386,132341,0,255,92,0.05,14.03,23.33,-21.06;39.8;0.59;-22;39.8;0.82;26.47;17.22;-0.12;25.53;16.59;-0.35;0.25;-16.98;65.24
1787986388136037,132357,0,255,92,0.05,14.03,23.33,-21.06;39.8;0.59;-22;39.8;0.82;26.47;17.22;-0.12;25.53;16.59;-0.35;0.25;-16.98;65.24
1787986388156572,132366,0,255,92,0.05,14.03,23.33,-21.06;39.8;0.59;-22;39.8;0.82;26.47;17.22;-0.12;25.53;16.59;-0.35;0.25;-16.98;65.24
1787986388177777,132368,0,255,92,0.05,14.03,23.33,-21.06;39.8;0.59;-22;39.8;0.82;26.47;17.22;-0.12;25.53;16.59;-0.35;0.25;-16.98;65.24
1787986388195784,132377,0,255,92,0.05,14.03,23.33,-21.06;39.8;0.59;-22;39.8;0.82;26.47;17.22;-0.12;25.53;16.59;-0.35;0.25;-16.98;65.24
1787986388214852,132386,0,255,92,0.05,14.03,23.33,-21.06;39.8;0.59;-22;39.8;0.82;26.47;17.22;-0.12;25.53;16.59;-0.35;0.25;-16.98;65.24
1787986388235847,132395,0,255,92,0.05,14.03,23.33,-21.06;39.8;0.59;-22;39.8;0.82;26.47;17.22;-0.12;25.53;16.59;-0.35;0.25;-16.98;65.24
1787986388255272,132404,0,255,92,0.05,14.03,23.33,-21.06;39.8;0.59;-22;39.8;0.82;26.47;17.22;-0.12;25.53;16.59;-0.35;0.25;-16.98;65.24
1787986388274988,132413,0,255,92,0.05,14.03,23.33,-21.06;39.8;0.59;-22;39.8;0.82;26.47;17.22;-0.12;25.53;16.59;-0.35;0.25;-16.98;65.24
1787986388295614,132429,0,255,92,0.05,14.03,23.33,-21.06;39.8;0.59;-22;39.8;0.82;26.47;17.22;-0.12;25.53;16.59;-0.35;0.25;-16.98;65.24
1787986388315225,132431,0,255,92,0.05,14.03,23.33,-21.06;39.8;0.59;-22;39.8;0.82;26.47;17.22;-0.12;25.53;16.59;-0.35;0.25;-16.98;65.24
1787986388334964,132440,0,255,92,0.05,14.03,23.33,-21.06;39.8;0.59;-22;39.8;0.82;26.47;17.22;-0.12;25.53;16.59;-0.35;0.25;-16.98;65.24
1787986388355176,132449,0,255,92,0.05,14.03,23.33,-21.06;39.8;0.59;-22;39.8;0.82;26.47;17.22;-0.12;25.53;16.59;-0.35;0.25;-16.98;65.24
1787986388374355,132458,0,255,92,0.05,14.03,23.33,-21.06;39.8;0.59;-22;39.8;0.82;26.47;17.22;-0.12;25.53;16.59;-0.35;0.25;-16.98;65.24
1787986388395171,132467,0,255,92,0.05,14.03,23.33,-21.06;39.8;0.59;-22;39.8;0.82;26.47;17.22;-0.12;25.53;16.59;-0.35;0.25;-16.98;65.24
1787986388416683,132476,0,255,92,0.05,14.03,23.33,-21.06;39.8;0.59;-22;39.8;0.82;26.47;17.22;-0.12;25.53;16.59;-0.35;0.25;-16.98;65.24
1787986388434401,132485,0,255,92,0.05,14.03,23.33,-21.06;39.8;0.59;-22;39.8;0.82;26.47;17.22;-0.12;25.53;16.59;-0.35;0.25;-16.98;65.24
1787986388456044,132494,0,255,92,0.05,14.03,23.33,-21.06;39.8;0.59;-22;39.8;0.82;26.47;17.22;-0.12;25.53;16.59;-0.35;0.25;-16.98;65.24
1787986388478215,132503,0,255,92,0.05,14.03,23.33,-21.06;39.8;0.59;-22;39.8;0.82;26.47;17.22;-0.12;25.53;16.59;-0.35;0.25;-16.98;65.24
1787986388495810,132519,0,255,92,0.05,14.03,23.33,-21.06;39.8;0.59;-22;39.8;0.82;26.47;17.22;-0.12;25.53;16.59;-0.35;0.25;-16.98;65.24
1787986388515120,132521,0,255,92,0.05,14.03,23.33,-21.06;39.8;0.59;-22;39.8;0.82;26.47;17.22;-0.12;25.53;16.59;-0.35;0.25;-16.98;65.24
1787986388537029,132530,0,255,92,0.05,14.03,23.33,-21.06;39.8;0.59;-22;39.8;0.82;26.47;17.22;-0.12;25.53;16.59;-0.35;0.25;-16.98;65.24
1787986388556577,132539,0,255,92,0.05,14.03,23.33,-21.06;39.8;0.59;-22;39.8;0.82;26.47;17.22;-0.12;25.53;16.59;-0.35;0.25;-16.98;65.24
1787986388575128,132548,0,255,92,0.05,14.03,23.33,-21.06;39.8;0.59;-22;39.8;0.82;26.47;17.22;-0.12;25.53;16.59;-0.35;0.25;-16.98;65.24
1787986388595493,132557,0,255,92,0.05,14.03,23.33,-21.06;39.8;0.59;-22;39.8;0.82;26.47;17.22;-0.12;25.53;16.59;-0.35;0.25;-16.98;65.24
1787986388618921,132566,0,255,92,0.05,14.03,23.33,-21.06;39.8;0.59;-22;39.8;0.82;26.47;17.22;-0.12;25.53;16.59;-0.35;0.25;-16.98;65.24
1787986388634791,132575,0,255,92,0.05,14.03,23.33,-21.06;39.8;0.59;-22;39.8;0.82;26.47;17.22;-0.12;25.53;16.59;-0.35;0.25;-16.98;65.24
1787986388657004,132591,0,255,92,0.05,14.03,23.33,-21.06;39.8;0.59;-22;39.8;0.82;26.47;17.22;-0.12;25.53;16.59;-0.35;0.25;-16.98;65.24
1787986388680498,132593,0,255,92,0.05,14.03,23.33,-21.06;39.8;0.59;-22;39.8;0.82;26.47;17.22;-0.12;25.53;16.59;-0.35;0.25;-16.98;65.24
1787986388694569,132602,0,255,92,0.05,14.03,23.33,-21.06;39.8;0.59;-22;39.8;0.82;26.47;17.22;-0.12;25.53;16.59;-0.35;0.25;-16.98;65.24
1787986388715113,132611,0,255,92,0.05,14.03,23.33,-21.06;39.8;0.59;-22;39.8;0.82;26.47;17.22;-0.12;25.53;16.59;-0.35;0.25;-16.98;65.24
1787986388736109,132620,0,255,92,0.05,14.03,23.33,-21.06;39.8;0.59;-22;39.8;0.82;26.47;17.22;-0.12;25.53;16.59;-0.35;0.25;-16.98;65.24
1787986388759265,132629,0,255,92,0.05,14.03,23.33,-21.06;39.8;0.59;-22;39.8;0.82;26.47;17.22;-0.12;25.53;16.59;-0.35;0.25;-16.98;65.24
1787986388778413,132638,0,255,92,0.05,14.03,23.33,-21.06;39.8;0.59;-22;39.8;0.82;26.47;17.22;-0.12;25.53;16.59;-0.35;0.25;-16.98;65.24
1787986388796528,132654,0,255,92,0.05,14.03,23.33,-21.06;39.8;0.59;-22;39.8;0.82;26.47;17.22;-0.12;25.53;16.59;-0.35;0.25;-16.98;65.24
1787986388816148,132656,0,255,92,0.05,14.03,23.33,-21.06;39.8;0.59;-22;39.8;0.82;26.47;17.22;-0.12;25.53;16.59;-0.35;0.25;-16.98;65.24
1787986388835676,132666,0,255,92,0.05,14.03,23.33,-21.06;39.8;0.59;-22;39.8;0.82;26.47;17.22;-0.12;25.53;16.59;-0.35;0.25;-16.98;65.24
1787986388856247,132682,0,255,93,0.29,14.03,23.44,-21.06;39.8;0.59;-22;39.8;0.59;26.47;17.22;-0.12;25.53;16.59;0.12;0.25;-22.59;75.18
1787986388875159,132684,0,255,93,0.29,14.03,23.44,-21.06;39.8;0.59;-22;39.8;0.59;26.47;17.22;-0.12;25.53;16.59;0.12;0.25;-22.59;75.18
1787986388900193,132693,0,255,93,0.29,14.03,23.44,-21.06;39.8;0.59;-22;39.8;0.59;26.47;17.22;-0.12;25.53;16.59;0.12;0.25;-22.59;75.18
1787986388914891,132702,0,255,93,0.29,14.03,23.44,-21.06;39.8;0.59;-22;39.8;0.59;26.47;17.22;-0.12;25.53;16.59;0.12;0.25;-22.59;75.18
1787986388936827,132711,0,255,93,0.29,14.03,23.44,-21.06;39.8;0.59;-22;39.8;0.59;26.47;17.22;-0.12;25.53;16.59;0.12;0.25;-22.59;75.18
1787986388955372,132720,0,255,93,0.29,14.03,23.44,-21.06;39.8;0.59;-22;39.8;0.59;26.47;17.22;-0.12;25.53;16.59;0.12;0.25;-22.59;75.18
1787986388976564,132729,0,255,93,0.29,14.03,23.44,-21.06;39.8;0.59;-22;39.8;0.59;26.47;17.22;-0.12;25.53;16.59;0.12;0.25;-22.59;75.18
1787986388996052,132738,0,255,93,0.29,14.03,23.44,-21.06;39.8;0.59;-22;39.8;0.59;26.47;17.22;-0.12;25.53;16.59;0.12;0.25;-22.59;75.18
1787986389015434,132747,0,255,93,0.29,14.03,23.44,-21.06;39.8;0.59;-22;39.8;0.59;26.47;17.22;-0.12;25.53;16.59;0.12;0.25;-22.59;75.18
1787986389035405,132756,0,255,93,0.29,14.03,23.44,-21.06;39.8;0.59;-22;39.8;0.59;26.47;17.22;-0.12;25.53;16.59;0.12;0.25;-22.59;75.18
1787986389057072,132765,0,255,93,0.29,14.03,23.44,-21.06;39.8;0.59;-22;39.8;0.59;26.47;17.22;-0.12;25.53;16.59;0.12;0.25;-22.59;75.18
1787986389075763,132774,0,255,93,0.29,14.03,23.44,-21.06;39.8;0.59;-22;39.8;0.59;26.47;17.22;-0.12;25.53;16.59;0.12;0.25;-22.59;75.18
1787986389095603,132783,0,255,93,0.29,14.03,23.44,-21.06;39.8;0.59;-22;39.8;0.59;26.47;17.22;-0.12;25.53;16.59;0.12;0.25;-22.59;75.18
1787986389118028,132792,0,255,93,0.29,14.03,23.44,-21.06;39.8;0.59;-22;39.8;0.59;26.47;17.22;-0.12;25.53;16.59;0.12;0.25;-22.59;75.18
1787986389135239,132808,0,255,93,0.29,14.03,23.44,-21.06;39.8;0.59;-22;39.8;0.59;26.47;17.22;-0.12;25.53;16.59;0.12;0.25;-22.59;75.18
1787986389155295,132810,0,255,93,0.29,14.03,23.44,-21.06;39.8;0.59;-22;39.8;0.59;26.47;17.22;-0.12;25.53;16.59;0.12;0.25;-22.59;75.18
1787986389175003,132819,0,255,93,0.29,14.03,23.44,-21.06;39.8;0.59;-22;39.8;0.59;26.47;17.22;-0.12;25.53;16.59;0.12;0.25;-22.59;75.18
1787986389197114,132835,0,255,93,0.29,14.03,23.44,-21.06;39.8;0.59;-22;39.8;0.59;26.47;17.22;-0.12;25.53;16.59;0.12;0.25;-22.59;75.18
1787986389217086,132837,0,255,93,0.29,14.03,23.44,-21.06;39.8;0.59;-22;39.8;0.59;26.47;17.22;-0.12;25.53;16.59;0.12;0.25;-22.59;75.18
1787986389236672,132846,0,255,93,0.29,14.03,23.44,-21.06;39.8;0.59;-22;39.8;0.59;26.47;17.22;-0.12;25.53;16.59;0.12;0.25;-22.59;75.18
1787986389254989,132855,0,255,93,0.29,14.03,23.44,-21.06;39.8;0.59;-22;39.8;0.59;26.47;17.22;-0.12;25.53;16.59;0.12;0.25;-22.59;75.18
1787986389277345,132864,0,255,93,0.29,14.03,23.44,-21.06;39.8;0.59;-22;39.8;0.59;26.47;17.22;-0.12;25.53;16.59;0.12;0.25;-22.59;75.18
1787986389294896,132873,0,255,93,0.29,14.03,23.44,-21.06;39.8;0.59;-22;39.8;0.59;26.47;17.22;-0.12;25.53;16.59;0.12;0.25;-22.59;75.18
1787986389315250,132882,0,255,93,0.29,14.03,23.44,-21.06;39.8;0.59;-22;39.8;0.59;26.47;17.22;-0.12;25.53;16.59;0.12;0.25;-22.59;75.18
1787986389336062,132891,0,255,93,0.29,14.03,23.44,-21.06;39.8;0.59;-22;39.8;0.59;26.47;17.22;-0.12;25.53;16.59;0.12;0.25;-22.59;75.18
1787986389356097,132900,0,255,93,0.29,14.03,23.44,-21.06;39.8;0.59;-22;39.8;0.59;26.47;17.22;-0.12;25.53;16.59;0.12;0.25;-22.59;75.18
1787986389375410,132909,0,255,93,0.29,14.03,23.44,-21.06;39.8;0.59;-22;39.8;0.59;26.47;17.22;-0.12;25.53;16.59;0.12;0.25;-22.59;75.18
1787986389396492,132918,0,255,93,0.29,14.03,23.44,-21.06;39.8;0.59;-22;39.8;0.59;26.47;17.22;-0.12;25.53;16.59;0.12;0.25;-22.59;75.18
1787986389415684,132927,0,255,93,0.29,14.03,23.44,-21.06;39.8;0.59;-22;39.8;0.59;26.47;17.22;-0.12;25.53;16.59;0.12;0.25;-22.59;75.18
1787986389434781,132936,0,255,93,0.29,14.03,23.44,-21.06;39.8;0.59;-22;39.8;0.59;26.47;17.22;-0.12;25.53;16.59;0.12;0.25;-22.59;75.18
1787986389455787,132945,0,255,93,0.29,14.03,23.44,-21.06;39.8;0.59;-22;39.8;0.59;26.47;17.22;-0.12;25.53;16.59;0.12;0.25;-22.59;75.18
1787986389475333,132954,0,255,93,0.29,14.03,23.44,-21.06;39.8;0.59;-22;39.8;0.59;26.47;17.22;-0.12;25.53;16.59;0.12;0.25;-22.59;75.18
1787986389496205,132963,0,255,93,0.29,14.03,23.44,-21.06;39.8;0.59;-22;39.8;0.59;26.47;17.22;-0.12;25.53;16.59;0.12;0.25;-22.59;75.18
1787986389516016,132972,0,255,93,0.29,14.03,23.44,-21.06;39.8;0.59;-22;39.8;0.59;26.47;17.22;-0.12;25.53;16.59;0.12;0.25;-22.59;75.18
1787986389534524,132981,0,255,93,0.29,14.03,23.44,-21.06;39.8;0.59;-22;39.8;0.59;26.47;17.22;-0.12;25.53;16.59;0.12;0.25;-22.59;75.18
1787986389560036,132990,0,255,93,0.29,14.03,23.44,-21.06;39.8;0.59;-22;39.8;0.59;26.47;17.22;-0.12;25.53;16.59;0.12;0.25;-22.59;75.18
1787986389579728,132999,0,255,93,0.29,14.03,23.44,-21.06;39.8;0.59;-22;39.8;0.59;26.47;17.22;-0.12;25.53;16.59;0.12;0.25;-22.59;75.18
1787986389595859,133008,0,255,93,0.29,14.03,23.44,-21.06;39.8;0.59;-22;39.8;0.59;26.47;17.22;-0.12;25.53;16.59;0.12;0.25;-22.59;75.18
1787986389616190,133017,0,255,93,0.29,14.03,23.44,-21.06;39.8;0.59;-22;39.8;0.59;26.47;17.22;-0.12;25.53;16.59;0.12;0.25;-22.59;75.18
1787986389635710,133026,0,255,93,0.29,14.03,23.44,-21.06;39.8;0.59;-22;39.8;0.59;26.47;17.22;-0.12;25.53;16.59;0.12;0.25;-22.59;75.18
1787986389656437,133035,0,255,93,0.29,14.03,23.44,-21.06;39.8;0.59;-22;39.8;0.59;26.47;17.22;-0.12;25.53;16.59;0.12;0.25;-22.59;75.18
1787986389675208,133044,0,255,93,0.29,14.03,23.44,-21.06;39.8;0.59;-22;39.8;0.59;26.47;17.22;-0.12;25.53;16.59;0.12;0.25;-22.59;75.18
1787986389696218,133060,0,255,93,0.29,14.03,23.44,-21.06;39.8;0.59;-22;39.8;0.59;26.47;17.22;-0.12;25.53;16.59;0.12;0.25;-22.59;75.18
1787986389714617,133062,0,255,93,0.29,14.03,23.44,-21.06;39.8;0.59;-22;39.8;0.59;26.47;17.22;-0.12;25.53;16.59;0.12;0.25;-22.59;75.18
1787986389738117,133071,0,255,93,0.29,14.03,23.44,-21.06;39.8;0.59;-22;39.8;0.59;26.47;17.22;-0.12;25.53;16.59;0.12;0.25;-22.59;75.18
1787986389755463,133080,0,255,93,0.29,14.03,23.44,-21.06;39.8;0.59;-22;39.8;0.59;26.47;17.22;-0.12;25.53;16.59;0.12;0.25;-22.59;75.18
1787986389776156,133089,0,255,93,0.29,14.03,23.44,-21.06;39.8;0.59;-22;39.8;0.59;26.47;17.22;-0.12;25.53;16.59;0.12;0.25;-22.59;75.18
1787986389795807,133098,0,255,93,0.29,14.03,23.44,-21.06;39.8;0.59;-22;39.8;0.59;26.47;17.22;-0.12;25.53;16.59;0.12;0.25;-22.59;75.18
1787986389816116,133107,0,255,93,0.29,14.03,23.44,-21.06;39.8;0.59;-22;39.8;0.59;26.47;17.22;-0.12;25.53;16.59;0.12;0.25;-22.59;75.18
1787986389834564,133117,0,255,93,0.29,14.03,23.44,-21.06;39.8;0.59;-22;39.8;0.59;26.47;17.22;-0.12;25.53;16.59;0.12;0.25;-22.59;75.18
1787986389854160,133126,0,255,92,0.11,14.06,23.48,-21.06;39.8;0.59;-22;39.8;0.82;26.47;17.22;-0.12;25.53;16.59;0.12;0.25;-22.59;75.18
1787986389874647,133135,0,255,92,0.11,14.06,23.48,-21.06;39.8;0.59;-22;39.8;0.82;26.47;17.22;-0.12;25.53;16.59;0.12;0.25;-22.59;75.18
1787986389894973,133144,0,255,92,0.11,14.06,23.48,-21.06;39.8;0.59;-22;39.8;0.82;26.47;17.22;-0.12;25.53;16.59;0.12;0.25;-22.59;75.18
1787986389916381,133153,0,255,92,0.11,14.06,23.48,-21.06;39.8;0.59;-22;39.8;0.82;26.47;17.22;-0.12;25.53;16.59;0.12;0.25;-22.59;75.18
1787986389937886,133162,0,255,92,0.11,14.06,23.48,-21.06;39.8;0.59;-22;39.8;0.82;26.47;17.22;-0.12;25.53;16.59;0.12;0.25;-22.59;75.18
1787986389955308,133171,0,255,92,0.11,14.06,23.48,-21.06;39.8;0.59;-22;39.8;0.82;26.47;17.22;-0.12;25.53;16.59;0.12;0.25;-22.59;75.18
1787986389975445,133180,0,255,92,0.11,14.06,23.48,-21.06;39.8;0.59;-22;39.8;0.82;26.47;17.22;-0.12;25.53;16.59;0.12;0.25;-22.59;75.18
1787986389997918,133189,0,255,92,0.11,14.06,23.48,-21.06;39.8;0.59;-22;39.8;0.82;26.47;17.22;-0.12;25.53;16.59;0.12;0.25;-22.59;75.18
1787986390016439,133205,0,255,92,0.11,14.06,23.48,-21.06;39.8;0.59;-22;39.8;0.82;26.47;17.22;-0.12;25.53;16.59;0.12;0.25;-22.59;75.18
1787986390037368,133207,0,255,92,0.11,14.06,23.48,-21.06;39.8;0.59;-22;39.8;0.82;26.47;17.22;-0.12;25.53;16.59;0.12;0.25;-22.59;75.18
1787986390054736,133216,0,255,92,0.11,14.06,23.48,-21.06;39.8;0.59;-22;39.8;0.82;26.47;17.22;-0.12;25.53;16.59;0.12;0.25;-22.59;75.18
1787986390075525,133225,0,255,92,0.11,14.06,23.48,-21.06;39.8;0.59;-22;39.8;0.82;26.47;17.22;-0.12;25.53;16.59;0.12;0.25;-22.59;75.18
1787986390095925,133234,0,255,92,0.11,14.06,23.48,-21.06;39.8;0.59;-22;39.8;0.82;26.47;17.22;-0.12;25.53;16.59;0.12;0.25;-22.59;75.18
1787986390114863,133243,0,255,92,0.11,14.06,23.48,-21.06;39.8;0.59;-22;39.8;0.82;26.47;17.22;-0.12;25.53;16.59;0.12;0.25;-22.59;75.18
1787986390135022,133259,0,255,92,0.11,14.06,23.48,-21.06;39.8;0.59;-22;39.8;0.82;26.47;17.22;-0.12;25.53;16.59;0.12;0.25;-22.59;75.18
1787986390187410,133261,0,255,92,0.11,14.06,23.48,-21.06;39.8;0.59;-22;39.8;0.82;26.47;17.22;-0.12;25.53;16.59;0.12;0.25;-22.59;75.18
1787986390188324,133263,0,255,92,0.11,14.06,23.48,-21.06;39.8;0.59;-22;39.8;0.82;26.47;17.22;-0.12;25.53;16.59;0.12;0.25;-22.59;75.18
1787986390197361,133279,0,255,92,0.11,14.06,23.48,-21.06;39.8;0.59;-22;39.8;0.82;26.47;17.22;-0.12;25.53;16.59;0.12;0.25;-22.59;75.18
1787986390217916,133288,0,255,92,0.11,14.06,23.48,-21.06;39.8;0.59;-22;39.8;0.82;26.47;17.22;-0.12;25.53;16.59;0.12;0.25;-22.59;75.18
1787986390235413,133297,0,255,92,0.11,14.06,23.48,-21.06;39.8;0.59;-22;39.8;0.82;26.47;17.22;-0.12;25.53;16.59;0.12;0.25;-22.59;75.18
1787986390255062,133306,0,255,92,0.11,14.06,23.48,-21.06;39.8;0.59;-22;39.8;0.82;26.47;17.22;-0.12;25.53;16.59;0.12;0.25;-22.59;75.18
1787986390278454,133315,0,255,92,0.11,14.06,23.48,-21.06;39.8;0.59;-22;39.8;0.82;26.47;17.22;-0.12;25.53;16.59;0.12;0.25;-22.59;75.18
1787986390295740,133324,0,255,92,0.11,14.06,23.48,-21.06;39.8;0.59;-22;39.8;0.82;26.47;17.22;-0.12;25.53;16.59;0.12;0.25;-22.59;75.18
1787986390315037,133333,0,255,92,0.11,14.06,23.48,-21.06;39.8;0.59;-22;39.8;0.82;26.47;17.22;-0.12;25.53;16.59;0.12;0.25;-22.59;75.18
1787986390336361,133342,0,255,92,0.11,14.06,23.48,-21.06;39.8;0.59;-22;39.8;0.82;26.47;17.22;-0.12;25.53;16.59;0.12;0.25;-22.59;75.18
1787986390354741,133351,0,255,92,0.11,14.06,23.48,-21.06;39.8;0.59;-22;39.8;0.82;26.47;17.22;-0.12;25.53;16.59;0.12;0.25;-22.59;75.18
1787986390377189,133360,0,255,92,0.11,14.06,23.48,-21.06;39.8;0.59;-22;39.8;0.82;26.47;17.22;-0.12;25.53;16.59;0.12;0.25;-22.59;75.18
1787986390397846,133369,0,255,92,0.11,14.06,23.48,-21.06;39.8;0.59;-22;39.8;0.82;26.47;17.22;-0.12;25.53;16.59;0.12;0.25;-22.59;75.18
1787986390415667,133378,0,255,92,0.11,14.06,23.48,-21.06;39.8;0.59;-22;39.8;0.82;26.47;17.22;-0.12;25.53;16.59;0.12;0.25;-22.59;75.18
1787986390438377,133387,0,255,92,0.11,14.06,23.48,-21.06;39.8;0.59;-22;39.8;0.82;26.47;17.22;-0.12;25.53;16.59;0.12;0.25;-22.59;75.18
1787986390456088,133396,0,255,92,0.11,14.06,23.48,-21.06;39.8;0.59;-22;39.8;0.82;26.47;17.22;-0.12;25.53;16.59;0.12;0.25;-22.59;75.18
1787986390475664,133405,0,255,92,0.11,14.06,23.48,-21.06;39.8;0.59;-22;39.8;0.82;26.47;17.22;-0.12;25.53;16.59;0.12;0.25;-22.59;75.18
1787986390500977,133414,0,255,92,0.11,14.06,23.48,-21.06;39.8;0.59;-22;39.8;0.82;26.47;17.22;-0.12;25.53;16.59;0.12;0.25;-22.59;75.18
1787986390515210,133423,0,255,92,0.11,14.06,23.48,-21.06;39.8;0.59;-22;39.8;0.82;26.47;17.22;-0.12;25.53;16.59;0.12;0.25;-22.59;75.18
1787986390536817,133432,0,255,92,0.11,14.06,23.48,-21.06;39.8;0.59;-22;39.8;0.82;26.47;17.22;-0.12;25.53;16.59;0.12;0.25;-22.59;75.18
1787986390555623,133441,0,255,92,0.11,14.06,23.48,-21.06;39.8;0.59;-22;39.8;0.82;26.47;17.22;-0.12;25.53;16.59;0.12;0.25;-22.59;75.18
1787986390574805,133450,0,255,92,0.11,14.06,23.48,-21.06;39.8;0.59;-22;39.8;0.82;26.47;17.22;-0.12;25.53;16.59;0.12;0.25;-22.59;75.18
1787986390595846,133459,0,255,92,0.11,14.06,23.48,-21.06;39.8;0.59;-22;39.8;0.82;26.47;17.22;-0.12;25.53;16.59;0.12;0.25;-22.59;75.18
1787986390616243,133468,0,255,92,0.11,14.06,23.48,-21.06;39.8;0.59;-22;39.8;0.82;26.47;17.22;-0.12;25.53;16.59;0.12;0.25;-22.59;75.18
1787986390635417,133484,0,255,92,0.11,14.06,23.48,-21.06;39.8;0.59;-22;39.8;0.82;26.47;17.22;-0.12;25.53;16.59;0.12;0.25;-22.59;75.18
1787986390678775,133486,0,255,92,0.11,14.06,23.48,-21.06;39.8;0.59;-22;39.8;0.82;26.47;17.22;-0.12;25.53;16.59;0.12;0.25;-22.59;75.18
1787986390679359,133488,0,255,92,0.11,14.06,23.48,-21.06;39.8;0.59;-22;39.8;0.82;26.47;17.22;-0.12;25.53;16.59;0.12;0.25;-22.59;75.18
1787986390696442,133504,0,255,92,0.11,14.06,23.48,-21.06;39.8;0.59;-22;39.8;0.82;26.47;17.22;-0.12;25.53;16.59;0.12;0.25;-22.59;75.18
1787986390715746,133513,0,255,92,0.11,14.06,23.48,-21.06;39.8;0.59;-22;39.8;0.82;26.47;17.22;-0.12;25.53;16.59;0.12;0.25;-22.59;75.18
1787986390735275,133522,0,255,92,0.11,14.06,23.48,-21.06;39.8;0.59;-22;39.8;0.82;26.47;17.22;-0.12;25.53;16.59;0.12;0.25;-22.59;75.18
1787986390755067,133531,0,255,92,0.11,14.06,23.48,-21.06;39.8;0.59;-22;39.8;0.82;26.47;17.22;-0.12;25.53;16.59;0.12;0.25;-22.59;75.18
1787986390774922,133540,0,255,92,0.11,14.06,23.48,-21.06;39.8;0.59;-22;39.8;0.82;26.47;17.22;-0.12;25.53;16.59;0.12;0.25;-22.59;75.18
1787986390795180,133556,0,255,92,0.11,14.06,23.48,-21.06;39.8;0.59;-22;39.8;0.82;26.47;17.22;-0.12;25.53;16.59;0.12;0.25;-22.59;75.18
1787986390815435,133558,0,255,92,0.11,14.06,23.48,-21.06;39.8;0.59;-22;39.8;0.82;26.47;17.22;-0.12;25.53;16.59;0.12;0.25;-22.59;75.18
1787986390835595,133568,0,255,92,0.11,14.06,23.48,-21.06;39.8;0.59;-22;39.8;0.82;26.47;17.22;-0.12;25.53;16.59;0.12;0.25;-22.59;75.18
1787986390855172,133577,0,255,93,0.03,13.98,23.51,-21.53;39.8;0.59;-22;39.8;0.82;26.47;17.22;0.35;25.53;16.59;0.12;9.94;-22.59;74.41
1787986390876178,133586,0,255,93,0.03,13.98,23.51,-21.53;39.8;0.59;-22;39.8;0.82;26.47;17.22;0.35;25.53;16.59;0.12;9.94;-22.59;74.41
1787986390895410,133595,0,255,93,0.03,13.98,23.51,-21.53;39.8;0.59;-22;39.8;0.82;26.47;17.22;0.35;25.53;16.59;0.12;9.94;-22.59;74.41
1787986390916361,133604,0,255,93,0.03,13.98,23.51,-21.53;39.8;0.59;-22;39.8;0.82;26.47;17.22;0.35;25.53;16.59;0.12;9.94;-22.59;74.41
1787986390936234,133613,0,255,93,0.03,13.98,23.51,-21.53;39.8;0.59;-22;39.8;0.82;26.47;17.22;0.35;25.53;16.59;0.12;9.94;-22.59;74.41
1787986390955169,133622,0,255,93,0.03,13.98,23.51,-21.53;39.8;0.59;-22;39.8;0.82;26.47;17.22;0.35;25.53;16.59;0.12;9.94;-22.59;74.41
1787986390977304,133631,0,255,93,0.03,13.98,23.51,-21.53;39.8;0.59;-22;39.8;0.82;26.47;17.22;0.35;25.53;16.59;0.12;9.94;-22.59;74.41
1787986390995715,133640,0,255,93,0.03,13.98,23.51,-21.53;39.8;0.59;-22;39.8;0.82;26.47;17.22;0.35;25.53;16.59;0.12;9.94;-22.59;74.41
1787986391014185,133649,0,255,93,0.03,13.98,23.51,-21.53;39.8;0.59;-22;39.8;0.82;26.47;17.22;0.35;25.53;16.59;0.12;9.94;-22.59;74.41
1787986391036194,133658,0,255,93,0.03,13.98,23.51,-21.53;39.8;0.59;-22;39.8;0.82;26.47;17.22;0.35;25.53;16.59;0.12;9.94;-22.59;74.41
1787986391057175,133667,0,255,93,0.03,13.98,23.51,-21.53;39.8;0.59;-22;39.8;0.82;26.47;17.22;0.35;25.53;16.59;0.12;9.94;-22.59;74.41
1787986391075486,133676,0,255,93,0.03,13.98,23.51,-21.53;39.8;0.59;-22;39.8;0.82;26.47;17.22;0.35;25.53;16.59;0.12;9.94;-22.59;74.41
1787986391096111,133685,0,255,93,0.03,13.98,23.51,-21.53;39.8;0.59;-22;39.8;0.82;26.47;17.22;0.35;25.53;16.59;0.12;9.94;-22.59;74.41
1787986391115402,133694,0,255,93,0.03,13.98,23.51,-21.53;39.8;0.59;-22;39.8;0.82;26.47;17.22;0.35;25.53;16.59;0.12;9.94;-22.59;74.41
1787986391135332,133703,0,255,93,0.03,13.98,23.51,-21.53;39.8;0.59;-22;39.8;0.82;26.47;17.22;0.35;25.53;16.59;0.12;9.94;-22.59;74.41
1787986391156738,133719,0,255,93,0.03,13.98,23.51,-21.53;39.8;0.59;-22;39.8;0.82;26.47;17.22;0.35;25.53;16.59;0.12;9.94;-22.59;74.41
1787986391174084,133721,0,255,93,0.03,13.98,23.51,-21.53;39.8;0.59;-22;39.8;0.82;26.47;17.22;0.35;25.53;16.59;0.12;9.94;-22.59;74.41
1787986391195497,133737,0,255,93,0.03,13.98,23.51,-21.53;39.8;0.59;-22;39.8;0.82;26.47;17.22;0.35;25.53;16.59;0.12;9.94;-22.59;74.41
1787986391217123,133739,0,255,93,0.03,13.98,23.51,-21.53;39.8;0.59;-22;39.8;0.82;26.47;17.22;0.35;25.53;16.59;0.12;9.94;-22.59;74.41
1787986391235303,133755,0,255,93,0.03,13.98,23.51,-21.53;39.8;0.59;-22;39.8;0.82;26.47;17.22;0.35;25.53;16.59;0.12;9.94;-22.59;74.41
1787986391256185,133757,0,255,93,0.03,13.98,23.51,-21.53;39.8;0.59;-22;39.8;0.82;26.47;17.22;0.35;25.53;16.59;0.12;9.94;-22.59;74.41
1787986391275465,133766,0,255,93,0.03,13.98,23.51,-21.53;39.8;0.59;-22;39.8;0.82;26.47;17.22;0.35;25.53;16.59;0.12;9.94;-22.59;74.41
1787986391295099,133775,0,255,93,0.03,13.98,23.51,-21.53;39.8;0.59;-22;39.8;0.82;26.47;17.22;0.35;25.53;16.59;0.12;9.94;-22.59;74.41
1787986391319421,133784,0,255,93,0.03,13.98,23.51,-21.53;39.8;0.59;-22;39.8;0.82;26.47;17.22;0.35;25.53;16.59;0.12;9.94;-22.59;74.41
1787986391336560,133793,0,255,93,0.03,13.98,23.51,-21.53;39.8;0.59;-22;39.8;0.82;26.47;17.22;0.35;25.53;16.59;0.12;9.94;-22.59;74.41
1787986391354687,133802,0,255,93,0.03,13.98,23.51,-21.53;39.8;0.59;-22;39.8;0.82;26.47;17.22;0.35;25.53;16.59;0.12;9.94;-22.59;74.41
1787986391379676,133811,0,255,93,0.03,13.98,23.51,-21.53;39.8;0.59;-22;39.8;0.82;26.47;17.22;0.35;25.53;16.59;0.12;9.94;-22.59;74.41
1787986391396043,133820,0,255,93,0.03,13.98,23.51,-21.53;39.8;0.59;-22;39.8;0.82;26.47;17.22;0.35;25.53;16.59;0.12;9.94;-22.59;74.41
1787986391416153,133829,0,255,93,0.03,13.98,23.51,-21.53;39.8;0.59;-22;39.8;0.82;26.47;17.22;0.35;25.53;16.59;0.12;9.94;-22.59;74.41
1787986391436494,133838,0,255,93,0.03,13.98,23.51,-21.53;39.8;0.59;-22;39.8;0.82;26.47;17.22;0.35;25.53;16.59;0.12;9.94;-22.59;74.41
1787986391456047,133847,0,255,93,0.03,13.98,23.51,-21.53;39.8;0.59;-22;39.8;0.82;26.47;17.22;0.35;25.53;16.59;0.12;9.94;-22.59;74.41
1787986391475811,133856,0,255,93,0.03,13.98,23.51,-21.53;39.8;0.59;-22;39.8;0.82;26.47;17.22;0.35;25.53;16.59;0.12;9.94;-22.59;74.41
1787986391495385,133865,0,255,93,0.03,13.98,23.51,-21.53;39.8;0.59;-22;39.8;0.82;26.47;17.22;0.35;25.53;16.59;0.12;9.94;-22.59;74.41
1787986391514479,133874,0,255,93,0.03,13.98,23.51,-21.53;39.8;0.59;-22;39.8;0.82;26.47;17.22;0.35;25.53;16.59;0.12;9.94;-22.59;74.41
1787986391537473,133883,0,255,93,0.03,13.98,23.51,-21.53;39.8;0.59;-22;39.8;0.82;26.47;17.22;0.35;25.53;16.59;0.12;9.94;-22.59;74.41
1787986391555702,133892,0,255,93,0.03,13.98,23.51,-21.53;39.8;0.59;-22;39.8;0.82;26.47;17.22;0.35;25.53;16.59;0.12;9.94;-22.59;74.41
1787986391576287,133901,0,255,93,0.03,13.98,23.51,-21.53;39.8;0.59;-22;39.8;0.82;26.47;17.22;0.35;25.53;16.59;0.12;9.94;-22.59;74.41
1787986391596260,133910,0,255,93,0.03,13.98,23.51,-21.53;39.8;0.59;-22;39.8;0.82;26.47;17.22;0.35;25.53;16.59;0.12;9.94;-22.59;74.41
1787986391615439,133919,0,255,93,0.03,13.98,23.51,-21.53;39.8;0.59;-22;39.8;0.82;26.47;17.22;0.35;25.53;16.59;0.12;9.94;-22.59;74.41
1787986391634807,133928,0,255,93,0.03,13.98,23.51,-21.53;39.8;0.59;-22;39.8;0.82;26.47;17.22;0.35;25.53;16.59;0.12;9.94;-22.59;74.41
1787986391655421,133937,0,255,93,0.03,13.98,23.51,-21.53;39.8;0.59;-22;39.8;0.82;26.47;17.22;0.35;25.53;16.59;0.12;9.94;-22.59;74.41
1787986391676888,133953,0,255,93,0.03,13.98,23.51,-21.53;39.8;0.59;-22;39.8;0.82;26.47;17.22;0.35;25.53;16.59;0.12;9.94;-22.59;74.41
1787986391694693,133955,0,255,93,0.03,13.98,23.51,-21.53;39.8;0.59;-22;39.8;0.82;26.47;17.22;0.35;25.53;16.59;0.12;9.94;-22.59;74.41
1787986391715760,133964,0,255,93,0.03,13.98,23.51,-21.53;39.8;0.59;-22;39.8;0.82;26.47;17.22;0.35;25.53;16.59;0.12;9.94;-22.59;74.41
1787986391734869,133973,0,255,93,0.03,13.98,23.51,-21.53;39.8;0.59;-22;39.8;0.82;26.47;17.22;0.35;25.53;16.59;0.12;9.94;-22.59;74.41
1787986391756199,133982,0,255,93,0.03,13.98,23.51,-21.53;39.8;0.59;-22;39.8;0.82;26.47;17.22;0.35;25.53;16.59;0.12;9.94;-22.59;74.41
1787986391774529,133991,0,255,93,0.03,13.98,23.51,-21.53;39.8;0.59;-22;39.8;0.82;26.47;17.22;0.35;25.53;16.59;0.12;9.94;-22.59;74.41
1787986391794970,134000,0,255,93,0.03,13.98,23.51,-21.53;39.8;0.59;-22;39.8;0.82;26.47;17.22;0.35;25.53;16.59;0.12;9.94;-22.59;74.41
1787986391815261,134009,0,255,93,0.03,13.98,23.51,-21.53;39.8;0.59;-22;39.8;0.82;26.47;17.22;0.35;25.53;16.59;0.12;9.94;-22.59;74.41
1787986391836271,134019,0,255,93,0.03,13.98,23.51,-21.53;39.8;0.59;-22;39.8;0.82;26.47;17.22;0.35;25.53;16.59;0.12;9.94;-22.59;74.41
1787986391856418,134028,0,255,92,0.05,14.02,23.51,-21.53;39.8;0.59;-22;39.8;0.59;26.47;17.22;-0.12;26;16.59;0.12;35.94;-22.59;74.41
1787986391876332,134037,0,255,92,0.05,14.02,23.51,-21.53;39.8;0.59;-22;39.8;0.59;26.47;17.22;-0.12;26;16.59;0.12;35.94;-22.59;74.41
1787986391894437,134046,0,255,92,0.05,14.02,23.51,-21.53;39.8;0.59;-22;39.8;0.59;26.47;17.22;-0.12;26;16.59;0.12;35.94;-22.59;74.41
1787986391921098,134055,0,255,92,0.05,14.02,23.51,-21.53;39.8;0.59;-22;39.8;0.59;26.47;17.22;-0.12;26;16.59;0.12;35.94;-22.59;74.41
1787986391936338,134064,0,255,92,0.05,14.02,23.51,-21.53;39.8;0.59;-22;39.8;0.59;26.47;17.22;-0.12;26;16.59;0.12;35.94;-22.59;74.41
1787986391954664,134073,0,255,92,0.05,14.02,23.51,-21.53;39.8;0.59;-22;39.8;0.59;26.47;17.22;-0.12;26;16.59;0.12;35.94;-22.59;74.41
1787986391979907,134082,0,255,92,0.05,14.02,23.51,-21.53;39.8;0.59;-22;39.8;0.59;26.47;17.22;-0.12;26;16.59;0.12;35.94;-22.59;74.41
1787986391995537,134091,0,255,92,0.05,14.02,23.51,-21.53;39.8;0.59;-22;39.8;0.59;26.47;17.22;-0.12;26;16.59;0.12;35.94;-22.59;74.41
1787986392015773,134100,0,255,92,0.05,14.02,23.51,-21.53;39.8;0.59;-22;39.8;0.59;26.47;17.22;-0.12;26;16.59;0.12;35.94;-22.59;74.41
1787986392037579,134109,0,255,92,0.05,14.02,23.51,-21.53;39.8;0.59;-22;39.8;0.59;26.47;17.22;-0.12;26;16.59;0.12;35.94;-22.59;74.41
1787986392055379,134118,0,255,92,0.05,14.02,23.51,-21.53;39.8;0.59;-22;39.8;0.59;26.47;17.22;-0.12;26;16.59;0.12;35.94;-22.59;74.41
1787986392075359,134127,0,255,92,0.05,14.02,23.51,-21.53;39.8;0.59;-22;39.8;0.59;26.47;17.22;-0.12;26;16.59;0.12;35.94;-22.59;74.41
1787986392096881,134136,0,255,92,0.05,14.02,23.51,-21.53;39.8;0.59;-22;39.8;0.59;26.47;17.22;-0.12;26;16.59;0.12;35.94;-22.59;74.41
1787986392115027,134145,0,255,92,0.05,14.02,23.51,-21.53;39.8;0.59;-22;39.8;0.59;26.47;17.22;-0.12;26;16.59;0.12;35.94;-22.59;74.41
1787986392134459,134154,0,255,92,0.05,14.02,23.51,-21.53;39.8;0.59;-22;39.8;0.59;26.47;17.22;-0.12;26;16.59;0.12;35.94;-22.59;74.41
1787986392156000,134163,0,255,92,0.05,14.02,23.51,-21.53;39.8;0.59;-22;39.8;0.59;26.47;17.22;-0.12;26;16.59;0.12;35.94;-22.59;74.41
1787986392175062,134172,0,255,92,0.05,14.02,23.51,-21.53;39.8;0.59;-22;39.8;0.59;26.47;17.22;-0.12;26;16.59;0.12;35.94;-22.59;74.41
1787986392197284,134181,0,255,92,0.05,14.02,23.51,-21.53;39.8;0.59;-22;39.8;0.59;26.47;17.22;-0.12;26;16.59;0.12;35.94;-22.59;74.41
1787986392216502,134190,0,255,92,0.05,14.02,23.51,-21.53;39.8;0.59;-22;39.8;0.59;26.47;17.22;-0.12;26;16.59;0.12;35.94;-22.59;74.41
1787986392235635,134199,0,255,92,0.05,14.02,23.51,-21.53;39.8;0.59;-22;39.8;0.59;26.47;17.22;-0.12;26;16.59;0.12;35.94;-22.59;74.41
1787986392255814,134208,0,255,92,0.05,14.02,23.51,-21.53;39.8;0.59;-22;39.8;0.59;26.47;17.22;-0.12;26;16.59;0.12;35.94;-22.59;74.41
1787986392275966,134217,0,255,92,0.05,14.02,23.51,-21.53;39.8;0.59;-22;39.8;0.59;26.47;17.22;-0.12;26;16.59;0.12;35.94;-22.59;74.41
1787986392299342,134226,0,255,92,0.05,14.02,23.51,-21.53;39.8;0.59;-22;39.8;0.59;26.47;17.22;-0.12;26;16.59;0.12;35.94;-22.59;74.41
1787986392316996,134235,0,255,92,0.05,14.02,23.51,-21.53;39.8;0.59;-22;39.8;0.59;26.47;17.22;-0.12;26;16.59;0.12;35.94;-22.59;74.41
1787986392336274,134244,0,255,92,0.05,14.02,23.51,-21.53;39.8;0.59;-22;39.8;0.59;26.47;17.22;-0.12;26;16.59;0.12;35.94;-22.59;74.41
1787986392361828,134253,0,255,92,0.05,14.02,23.51,-21.53;39.8;0.59;-22;39.8;0.59;26.47;17.22;-0.12;26;16.59;0.12;35.94;-22.59;74.41
1787986392375076,134262,0,255,92,0.05,14.02,23.51,-21.53;39.8;0.59;-22;39.8;0.59;26.47;17.22;-0.12;26;16.59;0.12;35.94;-22.59;74.41
1787986392396310,134278,0,255,92,0.05,14.02,23.51,-21.53;39.8;0.59;-22;39.8;0.59;26.47;17.22;-0.12;26;16.59;0.12;35.94;-22.59;74.41
1787986392416391,134280,0,255,92,0.05,14.02,23.51,-21.53;39.8;0.59;-22;39.8;0.59;26.47;17.22;-0.12;26;16.59;0.12;35.94;-22.59;74.41
1787986392434612,134289,0,255,92,0.05,14.02,23.51,-21.53;39.8;0.59;-22;39.8;0.59;26.47;17.22;-0.12;26;16.59;0.12;35.94;-22.59;74.41
1787986392456955,134298,0,255,92,0.05,14.02,23.51,-21.53;39.8;0.59;-22;39.8;0.59;26.47;17.22;-0.12;26;16.59;0.12;35.94;-22.59;74.41
1787986392475053,134307,0,255,92,0.05,14.02,23.51,-21.53;39.8;0.59;-22;39.8;0.59;26.47;17.22;-0.12;26;16.59;0.12;35.94;-22.59;74.41
1787986392495471,134316,0,255,92,0.05,14.02,23.51,-21.53;39.8;0.59;-22;39.8;0.59;26.47;17.22;-0.12;26;16.59;0.12;35.94;-22.59;74.41
1787986392515963,134325,0,255,92,0.05,14.02,23.51,-21.53;39.8;0.59;-22;39.8;0.59;26.47;17.22;-0.12;26;16.59;0.12;35.94;-22.59;74.41
1787986392535696,134334,0,255,92,0.05,14.02,23.51,-21.53;39.8;0.59;-22;39.8;0.59;26.47;17.22;-0.12;26;16.59;0.12;35.94;-22.59;74.41
1787986392555853,134343,0,255,92,0.05,14.02,23.51,-21.53;39.8;0.59;-22;39.8;0.59;26.47;17.22;-0.12;26;16.59;0.12;35.94;-22.59;74.41
1787986392577804,134352,0,255,92,0.05,14.02,23.51,-21.53;39.8;0.59;-22;39.8;0.59;26.47;17.22;-0.12;26;16.59;0.12;35.94;-22.59;74.41
1787986392594575,134361,0,255,92,0.05,14.02,23.51,-21.53;39.8;0.59;-22;39.8;0.59;26.47;17.22;-0.12;26;16.59;0.12;35.94;-22.59;74.41
1787986392617753,134370,0,255,92,0.05,14.02,23.51,-21.53;39.8;0.59;-22;39.8;0.59;26.47;17.22;-0.12;26;16.59;0.12;35.94;-22.59;74.41
1787986392637583,134379,0,255,92,0.05,14.02,23.51,-21.53;39.8;0.59;-22;39.8;0.59;26.47;17.22;-0.12;26;16.59;0.12;35.94;-22.59;74.41
1787986392654944,134388,0,255,92,0.05,14.02,23.51,-21.53;39.8;0.59;-22;39.8;0.59;26.47;17.22;-0.12;26;16.59;0.12;35.94;-22.59;74.41
1787986392674886,134397,0,255,92,0.05,14.02,23.51,-21.53;39.8;0.59;-22;39.8;0.59;26.47;17.22;-0.12;26;16.59;0.12;35.94;-22.59;74.41
1787986392696701,134406,0,255,92,0.05,14.02,23.51,-21.53;39.8;0.59;-22;39.8;0.59;26.47;17.22;-0.12;26;16.59;0.12;35.94;-22.59;74.41
1787986392716892,134415,0,255,92,0.05,14.02,23.51,-21.53;39.8;0.59;-22;39.8;0.59;26.47;17.22;-0.12;26;16.59;0.12;35.94;-22.59;74.41
1787986392737190,134424,0,255,92,0.05,14.02,23.51,-21.53;39.8;0.59;-22;39.8;0.59;26.47;17.22;-0.12;26;16.59;0.12;35.94;-22.59;74.41
1787986392755893,134433,0,255,92,0.05,14.02,23.51,-21.53;39.8;0.59;-22;39.8;0.59;26.47;17.22;-0.12;26;16.59;0.12;35.94;-22.59;74.41
1787986392775713,134442,0,255,92,0.05,14.02,23.51,-21.53;39.8;0.59;-22;39.8;0.59;26.47;17.22;-0.12;26;16.59;0.12;35.94;-22.59;74.41
1787986392798491,134451,0,255,92,0.05,14.02,23.51,-21.53;39.8;0.59;-22;39.8;0.59;26.47;17.22;-0.12;26;16.59;0.12;35.94;-22.59;74.41
1787986392814634,134460,0,255,92,0.05,14.02,23.51,-21.53;39.8;0.59;-22;39.8;0.59;26.47;17.22;-0.12;26;16.59;0.12;35.94;-22.59;74.41
1787986392835651,134470,0,255,92,0.05,14.02,23.51,-21.53;39.8;0.59;-22;39.8;0.59;26.47;17.22;-0.12;26;16.59;0.12;35.94;-22.59;74.41
1787986392856425,134479,0,255,91,0.07,13.99,23.51,-21.06;39.8;0.59;-22;39.8;0.59;26.47;17.22;-0.12;26;16.59;0.12;42.06;-22.59;74.41
1787986392875413,134488,0,255,91,0.07,13.99,23.51,-21.06;39.8;0.59;-22;39.8;0.59;26.47;17.22;-0.12;26;16.59;0.12;42.06;-22.59;74.41
1787986392894969,134497,0,255,91,0.07,13.99,23.51,-21.06;39.8;0.59;-22;39.8;0.59;26.47;17.22;-0.12;26;16.59;0.12;42.06;-22.59;74.41
1787986392914790,134506,0,255,91,0.07,13.99,23.51,-21.06;39.8;0.59;-22;39.8;0.59;26.47;17.22;-0.12;26;16.59;0.12;42.06;-22.59;74.41
1787986392936805,134522,0,255,91,0.07,13.99,23.51,-21.06;39.8;0.59;-22;39.8;0.59;26.47;17.22;-0.12;26;16.59;0.12;42.06;-22.59;74.41
1787986392957717,134524,0,255,91,0.07,13.99,23.51,-21.06;39.8;0.59;-22;39.8;0.59;26.47;17.22;-0.12;26;16.59;0.12;42.06;-22.59;74.41
1787986392976239,134533,0,255,91,0.07,13.99,23.51,-21.06;39.8;0.59;-22;39.8;0.59;26.47;17.22;-0.12;26;16.59;0.12;42.06;-22.59;74.41
1787986392995320,134542,0,255,91,0.07,13.99,23.51,-21.06;39.8;0.59;-22;39.8;0.59;26.47;17.22;-0.12;26;16.59;0.12;42.06;-22.59;74.41
1787986393017237,134551,0,255,91,0.07,13.99,23.51,-21.06;39.8;0.59;-22;39.8;0.59;26.47;17.22;-0.12;26;16.59;0.12;42.06;-22.59;74.41
1787986393035158,134560,0,255,91,0.07,13.99,23.51,-21.06;39.8;0.59;-22;39.8;0.59;26.47;17.22;-0.12;26;16.59;0.12;42.06;-22.59;74.41
1787986393054177,134569,0,255,91,0.07,13.99,23.51,-21.06;39.8;0.59;-22;39.8;0.59;26.47;17.22;-0.12;26;16.59;0.12;42.06;-22.59;74.41
1787986393075833,134578,0,255,91,0.07,13.99,23.51,-21.06;39.8;0.59;-22;39.8;0.59;26.47;17.22;-0.12;26;16.59;0.12;42.06;-22.59;74.41
1787986393095154,134587,0,255,91,0.07,13.99,23.51,-21.06;39.8;0.59;-22;39.8;0.59;26.47;17.22;-0.12;26;16.59;0.12;42.06;-22.59;74.41
1787986393114529,134596,0,255,91,0.07,13.99,23.51,-21.06;39.8;0.59;-22;39.8;0.59;26.47;17.22;-0.12;26;16.59;0.12;42.06;-22.59;74.41
1787986393134879,134605,0,255,91,0.07,13.99,23.51,-21.06;39.8;0.59;-22;39.8;0.59;26.47;17.22;-0.12;26;16.59;0.12;42.06;-22.59;74.41
1787986393154602,134614,0,255,91,0.07,13.99,23.51,-21.06;39.8;0.59;-22;39.8;0.59;26.47;17.22;-0.12;26;16.59;0.12;42.06;-22.59;74.41
1787986393175804,134623,0,255,91,0.07,13.99,23.51,-21.06;39.8;0.59;-22;39.8;0.59;26.47;17.22;-0.12;26;16.59;0.12;42.06;-22.59;74.41
1787986393195053,134632,0,255,91,0.07,13.99,23.51,-21.06;39.8;0.59;-22;39.8;0.59;26.47;17.22;-0.12;26;16.59;0.12;42.06;-22.59;74.41
1787986393215415,134641,0,255,91,0.07,13.99,23.51,-21.06;39.8;0.59;-22;39.8;0.59;26.47;17.22;-0.12;26;16.59;0.12;42.06;-22.59;74.41
1787986393237350,134650,0,255,91,0.07,13.99,23.51,-21.06;39.8;0.59;-22;39.8;0.59;26.47;17.22;-0.12;26;16.59;0.12;42.06;-22.59;74.41
1787986393255613,134659,0,255,91,0.07,13.99,23.51,-21.06;39.8;0.59;-22;39.8;0.59;26.47;17.22;-0.12;26;16.59;0.12;42.06;-22.59;74.41
1787986393275704,134668,0,255,91,0.07,13.99,23.51,-21.06;39.8;0.59;-22;39.8;0.59;26.47;17.22;-0.12;26;16.59;0.12;42.06;-22.59;74.41
1787986393295301,134677,0,255,91,0.07,13.99,23.51,-21.06;39.8;0.59;-22;39.8;0.59;26.47;17.22;-0.12;26;16.59;0.12;42.06;-22.59;74.41
1787986393315304,134693,0,255,91,0.07,13.99,23.51,-21.06;39.8;0.59;-22;39.8;0.59;26.47;17.22;-0.12;26;16.59;0.12;42.06;-22.59;74.41
1787986393335241,134695,0,255,91,0.07,13.99,23.51,-21.06;39.8;0.59;-22;39.8;0.59;26.47;17.22;-0.12;26;16.59;0.12;42.06;-22.59;74.41
1787986393355418,134704,0,255,91,0.07,13.99,23.51,-21.06;39.8;0.59;-22;39.8;0.59;26.47;17.22;-0.12;26;16.59;0.12;42.06;-22.59;74.41
1787986393375716,134713,0,255,91,0.07,13.99,23.51,-21.06;39.8;0.59;-22;39.8;0.59;26.47;17.22;-0.12;26;16.59;0.12;42.06;-22.59;74.41
1787986393397418,134722,0,255,91,0.07,13.99,23.51,-21.06;39.8;0.59;-22;39.8;0.59;26.47;17.22;-0.12;26;16.59;0.12;42.06;-22.59;74.41
1787986393414935,134731,0,255,91,0.07,13.99,23.51,-21.06;39.8;0.59;-22;39.8;0.59;26.47;17.22;-0.12;26;16.59;0.12;42.06;-22.59;74.41
1787986393434073,134740,0,255,91,0.07,13.99,23.51,-21.06;39.8;0.59;-22;39.8;0.59;26.47;17.22;-0.12;26;16.59;0.12;42.06;-22.59;74.41
1787986393455665,134749,0,255,91,0.07,13.99,23.51,-21.06;39.8;0.59;-22;39.8;0.59;26.47;17.22;-0.12;26;16.59;0.12;42.06;-22.59;74.41
1787986393487346,134758,0,255,91,0.07,13.99,23.51,-21.06;39.8;0.59;-22;39.8;0.59;26.47;17.22;-0.12;26;16.59;0.12;42.06;-22.59;74.41
1787986393496208,134767,0,255,91,0.07,13.99,23.51,-21.06;39.8;0.59;-22;39.8;0.59;26.47;17.22;-0.12;26;16.59;0.12;42.06;-22.59;74.41
1787986393517026,134776,0,255,91,0.07,13.99,23.51,-21.06;39.8;0.59;-22;39.8;0.59;26.47;17.22;-0.12;26;16.59;0.12;42.06;-22.59;74.41
1787986393537481,134785,0,255,91,0.07,13.99,23.51,-21.06;39.8;0.59;-22;39.8;0.59;26.47;17.22;-0.12;26;16.59;0.12;42.06;-22.59;74.41
1787986393555607,134794,0,255,91,0.07,13.99,23.51,-21.06;39.8;0.59;-22;39.8;0.59;26.47;17.22;-0.12;26;16.59;0.12;42.06;-22.59;74.41
1787986393575483,134803,0,255,91,0.07,13.99,23.51,-21.06;39.8;0.59;-22;39.8;0.59;26.47;17.22;-0.12;26;16.59;0.12;42.06;-22.59;74.41
1787986393595884,134812,0,255,91,0.07,13.99,23.51,-21.06;39.8;0.59;-22;39.8;0.59;26.47;17.22;-0.12;26;16.59;0.12;42.06;-22.59;74.41
1787986393619381,134821,0,255,91,0.07,13.99,23.51,-21.06;39.8;0.59;-22;39.8;0.59;26.47;17.22;-0.12;26;16.59;0.12;42.06;-22.59;74.41
1787986393635522,134830,0,255,91,0.07,13.99,23.51,-21.06;39.8;0.59;-22;39.8;0.59;26.47;17.22;-0.12;26;16.59;0.12;42.06;-22.59;74.41
1787986393654840,134839,0,255,91,0.07,13.99,23.51,-21.06;39.8;0.59;-22;39.8;0.59;26.47;17.22;-0.12;26;16.59;0.12;42.06;-22.59;74.41
1787986393678002,134848,0,255,91,0.07,13.99,23.51,-21.06;39.8;0.59;-22;39.8;0.59;26.47;17.22;-0.12;26;16.59;0.12;42.06;-22.59;74.41
1787986393695106,134857,0,255,91,0.07,13.99,23.51,-21.06;39.8;0.59;-22;39.8;0.59;26.47;17.22;-0.12;26;16.59;0.12;42.06;-22.59;74.41
1787986393716242,134866,0,255,91,0.07,13.99,23.51,-21.06;39.8;0.59;-22;39.8;0.59;26.47;17.22;-0.12;26;16.59;0.12;42.06;-22.59;74.41
1787986393736276,134875,0,255,91,0.07,13.99,23.51,-21.06;39.8;0.59;-22;39.8;0.59;26.47;17.22;-0.12;26;16.59;0.12;42.06;-22.59;74.41
1787986393754864,134884,0,255,91,0.07,13.99,23.51,-21.06;39.8;0.59;-22;39.8;0.59;26.47;17.22;-0.12;26;16.59;0.12;42.06;-22.59;74.41
1787986393776126,134893,0,255,91,0.07,13.99,23.51,-21.06;39.8;0.59;-22;39.8;0.59;26.47;17.22;-0.12;26;16.59;0.12;42.06;-22.59;74.41
1787986393795151,134902,0,255,91,0.07,13.99,23.51,-21.06;39.8;0.59;-22;39.8;0.59;26.47;17.22;-0.12;26;16.59;0.12;42.06;-22.59;74.41
1787986393814814,134911,0,255,91,0.07,13.99,23.51,-21.06;39.8;0.59;-22;39.8;0.59;26.47;17.22;-0.12;26;16.59;0.12;42.06;-22.59;74.41
1787986393836481,134921,0,255,91,0.07,13.99,23.51,-21.06;39.8;0.59;-22;39.8;0.59;26.47;17.22;-0.12;26;16.59;0.12;42.06;-22.59;74.41
1787986393855211,134930,0,255,91,0.1,13.97,23.51,-21.06;39.8;0.59;-22;39.8;0.82;26.47;17.22;-0.12;26;16.59;-0.35;42.06;-22.59;74.41
1787986393876960,134946,0,255,91,0.1,13.97,23.51,-21.06;39.8;0.59;-22;39.8;0.82;26.47;17.22;-0.12;26;16.59;-0.35;42.06;-22.59;74.41
1787986393897620,134948,0,255,91,0.1,13.97,23.51,-21.06;39.8;0.59;-22;39.8;0.82;26.47;17.22;-0.12;26;16.59;-0.35;42.06;-22.59;74.41
1787986393915659,134957,0,255,91,0.1,13.97,23.51,-21.06;39.8;0.59;-22;39.8;0.82;26.47;17.22;-0.12;26;16.59;-0.35;42.06;-22.59;74.41
1787986393934562,134966,0,255,91,0.1,13.97,23.51,-21.06;39.8;0.59;-22;39.8;0.82;26.47;17.22;-0.12;26;16.59;-0.35;42.06;-22.59;74.41
1787986393955963,134975,0,255,91,0.1,13.97,23.51,-21.06;39.8;0.59;-22;39.8;0.82;26.47;17.22;-0.12;26;16.59;-0.35;42.06;-22.59;74.41
1787986393975418,134984,0,255,91,0.1,13.97,23.51,-21.06;39.8;0.59;-22;39.8;0.82;26.47;17.22;-0.12;26;16.59;-0.35;42.06;-22.59;74.41
1787986393995542,134993,0,255,91,0.1,13.97,23.51,-21.06;39.8;0.59;-22;39.8;0.82;26.47;17.22;-0.12;26;16.59;-0.35;42.06;-22.59;74.41
1787986394017134,135002,0,255,91,0.1,13.97,23.51,-21.06;39.8;0.59;-22;39.8;0.82;26.47;17.22;-0.12;26;16.59;-0.35;42.06;-22.59;74.41
1787986394035376,135011,0,255,91,0.1,13.97,23.51,-21.06;39.8;0.59;-22;39.8;0.82;26.47;17.22;-0.12;26;16.59;-0.35;42.06;-22.59;74.41
1787986394055961,135020,0,255,91,0.1,13.97,23.51,-21.06;39.8;0.59;-22;39.8;0.82;26.47;17.22;-0.12;26;16.59;-0.35;42.06;-22.59;74.41
1787986394076382,135029,0,255,91,0.1,13.97,23.51,-21.06;39.8;0.59;-22;39.8;0.82;26.47;17.22;-0.12;26;16.59;-0.35;42.06;-22.59;74.41
1787986394095723,135038,0,255,91,0.1,13.97,23.51,-21.06;39.8;0.59;-22;39.8;0.82;26.47;17.22;-0.12;26;16.59;-0.35;42.06;-22.59;74.41
1787986394116349,135047,0,255,91,0.1,13.97,23.51,-21.06;39.8;0.59;-22;39.8;0.82;26.47;17.22;-0.12;26;16.59;-0.35;42.06;-22.59;74.41
1787986394136441,135056,0,255,91,0.1,13.97,23.51,-21.06;39.8;0.59;-22;39.8;0.82;26.47;17.22;-0.12;26;16.59;-0.35;42.06;-22.59;74.41
1787986394154415,135065,0,255,91,0.1,13.97,23.51,-21.06;39.8;0.59;-22;39.8;0.82;26.47;17.22;-0.12;26;16.59;-0.35;42.06;-22.59;74.41
1787986394175061,135074,0,255,91,0.1,13.97,23.51,-21.06;39.8;0.59;-22;39.8;0.82;26.47;17.22;-0.12;26;16.59;-0.35;42.06;-22.59;74.41
1787986394195852,135083,0,255,91,0.1,13.97,23.51,-21.06;39.8;0.59;-22;39.8;0.82;26.47;17.22;-0.12;26;16.59;-0.35;42.06;-22.59;74.41
1787986394217627,135092,0,255,91,0.1,13.97,23.51,-21.06;39.8;0.59;-22;39.8;0.82;26.47;17.22;-0.12;26;16.59;-0.35;42.06;-22.59;74.41
1787986394235017,135101,0,255,91,0.1,13.97,23.51,-21.06;39.8;0.59;-22;39.8;0.82;26.47;17.22;-0.12;26;16.59;-0.35;42.06;-22.59;74.41
1787986394255188,135110,0,255,91,0.1,13.97,23.51,-21.06;39.8;0.59;-22;39.8;0.82;26.47;17.22;-0.12;26;16.59;-0.35;42.06;-22.59;74.41
1787986394275001,135119,0,255,91,0.1,13.97,23.51,-21.06;39.8;0.59;-22;39.8;0.82;26.47;17.22;-0.12;26;16.59;-0.35;42.06;-22.59;74.41
1787986394295453,135128,0,255,91,0.1,13.97,23.51,-21.06;39.8;0.59;-22;39.8;0.82;26.47;17.22;-0.12;26;16.59;-0.35;42.06;-22.59;74.41
1787986394315061,135137,0,255,91,0.1,13.97,23.51,-21.06;39.8;0.59;-22;39.8;0.82;26.47;17.22;-0.12;26;16.59;-0.35;42.06;-22.59;74.41
1787986394335792,135146,0,255,91,0.1,13.97,23.51,-21.06;39.8;0.59;-22;39.8;0.82;26.47;17.22;-0.12;26;16.59;-0.35;42.06;-22.59;74.41
1787986394355180,135155,0,255,91,0.1,13.97,23.51,-21.06;39.8;0.59;-22;39.8;0.82;26.47;17.22;-0.12;26;16.59;-0.35;42.06;-22.59;74.41
1787986394375649,135164,0,255,91,0.1,13.97,23.51,-21.06;39.8;0.59;-22;39.8;0.82;26.47;17.22;-0.12;26;16.59;-0.35;42.06;-22.59;74.41
1787986394399295,135173,0,255,91,0.1,13.97,23.51,-21.06;39.8;0.59;-22;39.8;0.82;26.47;17.22;-0.12;26;16.59;-0.35;42.06;-22.59;74.41
1787986394417034,135182,0,255,91,0.1,13.97,23.51,-21.06;39.8;0.59;-22;39.8;0.82;26.47;17.22;-0.12;26;16.59;-0.35;42.06;-22.59;74.41
1787986394437402,135191,0,255,91,0.1,13.97,23.51,-21.06;39.8;0.59;-22;39.8;0.82;26.47;17.22;-0.12;26;16.59;-0.35;42.06;-22.59;74.41
1787986394461479,135200,0,255,91,0.1,13.97,23.51,-21.06;39.8;0.59;-22;39.8;0.82;26.47;17.22;-0.12;26;16.59;-0.35;42.06;-22.59;74.41
1787986394476423,135209,0,255,91,0.1,13.97,23.51,-21.06;39.8;0.59;-22;39.8;0.82;26.47;17.22;-0.12;26;16.59;-0.35;42.06;-22.59;74.41
1787986394497427,135218,0,255,91,0.1,13.97,23.51,-21.06;39.8;0.59;-22;39.8;0.82;26.47;17.22;-0.12;26;16.59;-0.35;42.06;-22.59;74.41
1787986394517985,135227,0,255,91,0.1,13.97,23.51,-21.06;39.8;0.59;-22;39.8;0.82;26.47;17.22;-0.12;26;16.59;-0.35;42.06;-22.59;74.41
1787986394535819,135236,0,255,91,0.1,13.97,23.51,-21.06;39.8;0.59;-22;39.8;0.82;26.47;17.22;-0.12;26;16.59;-0.35;42.06;-22.59;74.41
1787986394556088,135245,0,255,91,0.1,13.97,23.51,-21.06;39.8;0.59;-22;39.8;0.82;26.47;17.22;-0.12;26;16.59;-0.35;42.06;-22.59;74.41
1787986394575928,135254,0,255,91,0.1,13.97,23.51,-21.06;39.8;0.59;-22;39.8;0.82;26.47;17.22;-0.12;26;16.59;-0.35;42.06;-22.59;74.41
1787986394596185,135263,0,255,91,0.1,13.97,23.51,-21.06;39.8;0.59;-22;39.8;0.82;26.47;17.22;-0.12;26;16.59;-0.35;42.06;-22.59;74.41
1787986394616783,135272,0,255,91,0.1,13.97,23.51,-21.06;39.8;0.59;-22;39.8;0.82;26.47;17.22;-0.12;26;16.59;-0.35;42.06;-22.59;74.41
1787986394635500,135281,0,255,91,0.1,13.97,23.51,-21.06;39.8;0.59;-22;39.8;0.82;26.47;17.22;-0.12;26;16.59;-0.35;42.06;-22.59;74.41
1787986394655166,135290,0,255,91,0.1,13.97,23.51,-21.06;39.8;0.59;-22;39.8;0.82;26.47;17.22;-0.12;26;16.59;-0.35;42.06;-22.59;74.41
1787986394676196,135299,0,255,91,0.1,13.97,23.51,-21.06;39.8;0.59;-22;39.8;0.82;26.47;17.22;-0.12;26;16.59;-0.35;42.06;-22.59;74.41
1787986394697565,135308,0,255,91,0.1,13.97,23.51,-21.06;39.8;0.59;-22;39.8;0.82;26.47;17.22;-0.12;26;16.59;-0.35;42.06;-22.59;74.41
1787986394717314,135317,0,255,91,0.1,13.97,23.51,-21.06;39.8;0.59;-22;39.8;0.82;26.47;17.22;-0.12;26;16.59;-0.35;42.06;-22.59;74.41
1787986394736336,135326,0,255,91,0.1,13.97,23.51,-21.06;39.8;0.59;-22;39.8;0.82;26.47;17.22;-0.12;26;16.59;-0.35;42.06;-22.59;74.41
1787986394757679,135335,0,255,91,0.1,13.97,23.51,-21.06;39.8;0.59;-22;39.8;0.82;26.47;17.22;-0.12;26;16.59;-0.35;42.06;-22.59;74.41
1787986394776109,135344,0,255,91,0.1,13.97,23.51,-21.06;39.8;0.59;-22;39.8;0.82;26.47;17.22;-0.12;26;16.59;-0.35;42.06;-22.59;74.41
1787986394796403,135353,0,255,91,0.1,13.97,23.51,-21.06;39.8;0.59;-22;39.8;0.82;26.47;17.22;-0.12;26;16.59;-0.35;42.06;-22.59;74.41
1787986394814837,135362,0,255,91,0.1,13.97,23.51,-21.06;39.8;0.59;-22;39.8;0.82;26.47;17.22;-0.12;26;16.59;-0.35;42.06;-22.59;74.41
1787986394837895,135372,0,255,91,0.1,13.97,23.51,-21.06;39.8;0.59;-22;39.8;0.82;26.47;17.22;-0.12;26;16.59;-0.35;42.06;-22.59;74.41
1787986394854905,135381,0,255,91,0.06,14.03,23.51,-21.06;39.8;0.82;-22;39.8;0.82;26.47;17.22;-0.12;25.53;16.59;0.12;42.06;-22.59;74.41
1787986394875212,135390,0,255,91,0.06,14.03,23.51,-21.06;39.8;0.82;-22;39.8;0.82;26.47;17.22;-0.12;25.53;16.59;0.12;42.06;-22.59;74.41
1787986394895469,135399,0,255,91,0.06,14.03,23.51,-21.06;39.8;0.82;-22;39.8;0.82;26.47;17.22;-0.12;25.53;16.59;0.12;42.06;-22.59;74.41
1787986394916306,135408,0,255,91,0.06,14.03,23.51,-21.06;39.8;0.82;-22;39.8;0.82;26.47;17.22;-0.12;25.53;16.59;0.12;42.06;-22.59;74.41
1787986394936426,135417,0,255,91,0.06,14.03,23.51,-21.06;39.8;0.82;-22;39.8;0.82;26.47;17.22;-0.12;25.53;16.59;0.12;42.06;-22.59;74.41
1787986394955599,135426,0,255,91,0.06,14.03,23.51,-21.06;39.8;0.82;-22;39.8;0.82;26.47;17.22;-0.12;25.53;16.59;0.12;42.06;-22.59;74.41
1787986394975920,135442,0,255,91,0.06,14.03,23.51,-21.06;39.8;0.82;-22;39.8;0.82;26.47;17.22;-0.12;25.53;16.59;0.12;42.06;-22.59;74.41
1787986394996488,135444,0,255,91,0.06,14.03,23.51,-21.06;39.8;0.82;-22;39.8;0.82;26.47;17.22;-0.12;25.53;16.59;0.12;42.06;-22.59;74.41
1787986395015536,135453,0,255,91,0.06,14.03,23.51,-21.06;39.8;0.82;-22;39.8;0.82;26.47;17.22;-0.12;25.53;16.59;0.12;42.06;-22.59;74.41
1787986395034822,135462,0,255,91,0.06,14.03,23.51,-21.06;39.8;0.82;-22;39.8;0.82;26.47;17.22;-0.12;25.53;16.59;0.12;42.06;-22.59;74.41
1787986395055502,135471,0,255,91,0.06,14.03,23.51,-21.06;39.8;0.82;-22;39.8;0.82;26.47;17.22;-0.12;25.53;16.59;0.12;42.06;-22.59;74.41
1787986395077435,135480,0,255,91,0.06,14.03,23.51,-21.06;39.8;0.82;-22;39.8;0.82;26.47;17.22;-0.12;25.53;16.59;0.12;42.06;-22.59;74.41
1787986395094902,135489,0,255,91,0.06,14.03,23.51,-21.06;39.8;0.82;-22;39.8;0.82;26.47;17.22;-0.12;25.53;16.59;0.12;42.06;-22.59;74.41
1787986395115113,135498,0,255,91,0.06,14.03,23.51,-21.06;39.8;0.82;-22;39.8;0.82;26.47;17.22;-0.12;25.53;16.59;0.12;42.06;-22.59;74.41
1787986395135083,135507,0,255,91,0.06,14.03,23.51,-21.06;39.8;0.82;-22;39.8;0.82;26.47;17.22;-0.12;25.53;16.59;0.12;42.06;-22.59;74.41
1787986395155358,135523,0,255,91,0.06,14.03,23.51,-21.06;39.8;0.82;-22;39.8;0.82;26.47;17.22;-0.12;25.53;16.59;0.12;42.06;-22.59;74.41
1787986395175549,135532,0,255,91,0.06,14.03,23.51,-21.06;39.8;0.82;-22;39.8;0.82;26.47;17.22;-0.12;25.53;16.59;0.12;42.06;-22.59;74.41
1787986395194705,135534,0,255,91,0.06,14.03,23.51,-21.06;39.8;0.82;-22;39.8;0.82;26.47;17.22;-0.12;25.53;16.59;0.12;42.06;-22.59;74.41
1787986395215893,135543,0,255,91,0.06,14.03,23.51,-21.06;39.8;0.82;-22;39.8;0.82;26.47;17.22;-0.12;25.53;16.59;0.12;42.06;-22.59;74.41
1787986395235816,135552,0,255,91,0.06,14.03,23.51,-21.06;39.8;0.82;-22;39.8;0.82;26.47;17.22;-0.12;25.53;16.59;0.12;42.06;-22.59;74.41
1787986395255006,135561,0,255,91,0.06,14.03,23.51,-21.06;39.8;0.82;-22;39.8;0.82;26.47;17.22;-0.12;25.53;16.59;0.12;42.06;-22.59;74.41
1787986395274907,135570,0,255,91,0.06,14.03,23.51,-21.06;39.8;0.82;-22;39.8;0.82;26.47;17.22;-0.12;25.53;16.59;0.12;42.06;-22.59;74.41
1787986395295028,135579,0,255,91,0.06,14.03,23.51,-21.06;39.8;0.82;-22;39.8;0.82;26.47;17.22;-0.12;25.53;16.59;0.12;42.06;-22.59;74.41
1787986395315565,135588,0,255,91,0.06,14.03,23.51,-21.06;39.8;0.82;-22;39.8;0.82;26.47;17.22;-0.12;25.53;16.59;0.12;42.06;-22.59;74.41
1787986395335243,135597,0,255,91,0.06,14.03,23.51,-21.06;39.8;0.82;-22;39.8;0.82;26.47;17.22;-0.12;25.53;16.59;0.12;42.06;-22.59;74.41
1787986395354722,135606,0,255,91,0.06,14.03,23.51,-21.06;39.8;0.82;-22;39.8;0.82;26.47;17.22;-0.12;25.53;16.59;0.12;42.06;-22.59;74.41
1787986395375725,135615,0,255,91,0.06,14.03,23.51,-21.06;39.8;0.82;-22;39.8;0.82;26.47;17.22;-0.12;25.53;16.59;0.12;42.06;-22.59;74.41
1787986395396032,135624,0,255,91,0.06,14.03,23.51,-21.06;39.8;0.82;-22;39.8;0.82;26.47;17.22;-0.12;25.53;16.59;0.12;42.06;-22.59;74.41
1787986395417179,135633,0,255,91,0.06,14.03,23.51,-21.06;39.8;0.82;-22;39.8;0.82;26.47;17.22;-0.12;25.53;16.59;0.12;42.06;-22.59;74.41
1787986395437226,135642,0,255,91,0.06,14.03,23.51,-21.06;39.8;0.82;-22;39.8;0.82;26.47;17.22;-0.12;25.53;16.59;0.12;42.06;-22.59;74.41
1787986395466804,135651,0,255,91,0.06,14.03,23.51,-21.06;39.8;0.82;-22;39.8;0.82;26.47;17.22;-0.12;25.53;16.59;0.12;42.06;-22.59;74.41
1787986395475310,135660,0,255,91,0.06,14.03,23.51,-21.06;39.8;0.82;-22;39.8;0.82;26.47;17.22;-0.12;25.53;16.59;0.12;42.06;-22.59;74.41
1787986395498860,135669,0,255,91,0.06,14.03,23.51,-21.06;39.8;0.82;-22;39.8;0.82;26.47;17.22;-0.12;25.53;16.59;0.12;42.06;-22.59;74.41
1787986395517115,135678,0,255,91,0.06,14.03,23.51,-21.06;39.8;0.82;-22;39.8;0.82;26.47;17.22;-0.12;25.53;16.59;0.12;42.06;-22.59;74.41
1787986395537006,135694,0,255,91,0.06,14.03,23.51,-21.06;39.8;0.82;-22;39.8;0.82;26.47;17.22;-0.12;25.53;16.59;0.12;42.06;-22.59;74.41
1787986395555763,135696,0,255,91,0.06,14.03,23.51,-21.06;39.8;0.82;-22;39.8;0.82;26.47;17.22;-0.12;25.53;16.59;0.12;42.06;-22.59;74.41
1787986395574235,135705,0,255,91,0.06,14.03,23.51,-21.06;39.8;0.82;-22;39.8;0.82;26.47;17.22;-0.12;25.53;16.59;0.12;42.06;-22.59;74.41
1787986395595658,135714,0,255,91,0.06,14.03,23.51,-21.06;39.8;0.82;-22;39.8;0.82;26.47;17.22;-0.12;25.53;16.59;0.12;42.06;-22.59;74.41
1787986395615170,135723,0,255,91,0.06,14.03,23.51,-21.06;39.8;0.82;-22;39.8;0.82;26.47;17.22;-0.12;25.53;16.59;0.12;42.06;-22.59;74.41
1787986395635427,135732,0,255,91,0.06,14.03,23.51,-21.06;39.8;0.82;-22;39.8;0.82;26.47;17.22;-0.12;25.53;16.59;0.12;42.06;-22.59;74.41
1787986395657890,135741,0,255,91,0.06,14.03,23.51,-21.06;39.8;0.82;-22;39.8;0.82;26.47;17.22;-0.12;25.53;16.59;0.12;42.06;-22.59;74.41
1787986395674547,135750,0,255,91,0.06,14.03,23.51,-21.06;39.8;0.82;-22;39.8;0.82;26.47;17.22;-0.12;25.53;16.59;0.12;42.06;-22.59;74.41
1787986395696339,135759,0,255,91,0.06,14.03,23.51,-21.06;39.8;0.82;-22;39.8;0.82;26.47;17.22;-0.12;25.53;16.59;0.12;42.06;-22.59;74.41
1787986395715611,135768,0,255,91,0.06,14.03,23.51,-21.06;39.8;0.82;-22;39.8;0.82;26.47;17.22;-0.12;25.53;16.59;0.12;42.06;-22.59;74.41
1787986395734755,135777,0,255,91,0.06,14.03,23.51,-21.06;39.8;0.82;-22;39.8;0.82;26.47;17.22;-0.12;25.53;16.59;0.12;42.06;-22.59;74.41
1787986395755285,135786,0,255,91,0.06,14.03,23.51,-21.06;39.8;0.82;-22;39.8;0.82;26.47;17.22;-0.12;25.53;16.59;0.12;42.06;-22.59;74.41
1787986395775346,135795,0,255,91,0.06,14.03,23.51,-21.06;39.8;0.82;-22;39.8;0.82;26.47;17.22;-0.12;25.53;16.59;0.12;42.06;-22.59;74.41
1787986395794669,135804,0,255,91,0.06,14.03,23.51,-21.06;39.8;0.82;-22;39.8;0.82;26.47;17.22;-0.12;25.53;16.59;0.12;42.06;-22.59;74.41
1787986395815348,135813,0,255,91,0.06,14.03,23.51,-21.06;39.8;0.82;-22;39.8;0.82;26.47;17.22;-0.12;25.53;16.59;0.12;42.06;-22.59;74.41
1787986395835446,135823,0,255,91,0.06,14.03,23.51,-21.06;39.8;0.82;-22;39.8;0.82;26.47;17.22;-0.12;25.53;16.59;0.12;42.06;-22.59;74.41
1787986395855855,135832,0,255,91,0.1,14.02,23.51,-21.06;39.8;0.59;-22;39.8;0.59;26.47;17.22;-0.12;25.53;16.59;0.12;42.06;-22.59;74.41
1787986395876771,135841,0,255,91,0.1,14.02,23.51,-21.06;39.8;0.59;-22;39.8;0.59;26.47;17.22;-0.12;25.53;16.59;0.12;42.06;-22.59;74.41
1787986395896761,135850,0,255,91,0.1,14.02,23.51,-21.06;39.8;0.59;-22;39.8;0.59;26.47;17.22;-0.12;25.53;16.59;0.12;42.06;-22.59;74.41
1787986395917137,135859,0,255,91,0.1,14.02,23.51,-21.06;39.8;0.59;-22;39.8;0.59;26.47;17.22;-0.12;25.53;16.59;0.12;42.06;-22.59;74.41
1787986395935754,135868,0,255,91,0.1,14.02,23.51,-21.06;39.8;0.59;-22;39.8;0.59;26.47;17.22;-0.12;25.53;16.59;0.12;42.06;-22.59;74.41
1787986395955035,135877,0,255,91,0.1,14.02,23.51,-21.06;39.8;0.59;-22;39.8;0.59;26.47;17.22;-0.12;25.53;16.59;0.12;42.06;-22.59;74.41
1787986395975305,135886,0,255,91,0.1,14.02,23.51,-21.06;39.8;0.59;-22;39.8;0.59;26.47;17.22;-0.12;25.53;16.59;0.12;42.06;-22.59;74.41
1787986395995617,135895,0,255,91,0.1,14.02,23.51,-21.06;39.8;0.59;-22;39.8;0.59;26.47;17.22;-0.12;25.53;16.59;0.12;42.06;-22.59;74.41
1787986396014612,135904,0,255,91,0.1,14.02,23.51,-21.06;39.8;0.59;-22;39.8;0.59;26.47;17.22;-0.12;25.53;16.59;0.12;42.06;-22.59;74.41
1787986396034671,135913,0,255,91,0.1,14.02,23.51,-21.06;39.8;0.59;-22;39.8;0.59;26.47;17.22;-0.12;25.53;16.59;0.12;42.06;-22.59;74.41
1787986396055671,135922,0,255,91,0.1,14.02,23.51,-21.06;39.8;0.59;-22;39.8;0.59;26.47;17.22;-0.12;25.53;16.59;0.12;42.06;-22.59;74.41
1787986396074752,135931,0,255,91,0.1,14.02,23.51,-21.06;39.8;0.59;-22;39.8;0.59;26.47;17.22;-0.12;25.53;16.59;0.12;42.06;-22.59;74.41
1787986396095200,135940,0,255,91,0.1,14.02,23.51,-21.06;39.8;0.59;-22;39.8;0.59;26.47;17.22;-0.12;25.53;16.59;0.12;42.06;-22.59;74.41
1787986396114059,135949,0,255,91,0.1,14.02,23.51,-21.06;39.8;0.59;-22;39.8;0.59;26.47;17.22;-0.12;25.53;16.59;0.12;42.06;-22.59;74.41
1787986396135590,135958,0,255,91,0.1,14.02,23.51,-21.06;39.8;0.59;-22;39.8;0.59;26.47;17.22;-0.12;25.53;16.59;0.12;42.06;-22.59;74.41
1787986396155190,135967,0,255,91,0.1,14.02,23.51,-21.06;39.8;0.59;-22;39.8;0.59;26.47;17.22;-0.12;25.53;16.59;0.12;42.06;-22.59;74.41
1787986396175544,135976,0,255,91,0.1,14.02,23.51,-21.06;39.8;0.59;-22;39.8;0.59;26.47;17.22;-0.12;25.53;16.59;0.12;42.06;-22.59;74.41
1787986396194472,135985,0,255,91,0.1,14.02,23.51,-21.06;39.8;0.59;-22;39.8;0.59;26.47;17.22;-0.12;25.53;16.59;0.12;42.06;-22.59;74.41
1787986396214713,135994,0,255,91,0.1,14.02,23.51,-21.06;39.8;0.59;-22;39.8;0.59;26.47;17.22;-0.12;25.53;16.59;0.12;42.06;-22.59;74.41
1787986396236084,136003,0,255,91,0.1,14.02,23.51,-21.06;39.8;0.59;-22;39.8;0.59;26.47;17.22;-0.12;25.53;16.59;0.12;42.06;-22.59;74.41
1787986396254516,136012,0,255,91,0.1,14.02,23.51,-21.06;39.8;0.59;-22;39.8;0.59;26.47;17.22;-0.12;25.53;16.59;0.12;42.06;-22.59;74.41
1787986396275439,136021,0,255,91,0.1,14.02,23.51,-21.06;39.8;0.59;-22;39.8;0.59;26.47;17.22;-0.12;25.53;16.59;0.12;42.06;-22.59;74.41
1787986396294745,136030,0,255,91,0.1,14.02,23.51,-21.06;39.8;0.59;-22;39.8;0.59;26.47;17.22;-0.12;25.53;16.59;0.12;42.06;-22.59;74.41
1787986396315772,136039,0,255,91,0.1,14.02,23.51,-21.06;39.8;0.59;-22;39.8;0.59;26.47;17.22;-0.12;25.53;16.59;0.12;42.06;-22.59;74.41
1787986396338140,136048,0,255,91,0.1,14.02,23.51,-21.06;39.8;0.59;-22;39.8;0.59;26.47;17.22;-0.12;25.53;16.59;0.12;42.06;-22.59;74.41
1787986396355394,136057,0,255,91,0.1,14.02,23.51,-21.06;39.8;0.59;-22;39.8;0.59;26.47;17.22;-0.12;25.53;16.59;0.12;42.06;-22.59;74.41
1787986396376688,136066,0,255,91,0.1,14.02,23.51,-21.06;39.8;0.59;-22;39.8;0.59;26.47;17.22;-0.12;25.53;16.59;0.12;42.06;-22.59;74.41
1787986396395452,136075,0,255,91,0.1,14.02,23.51,-21.06;39.8;0.59;-22;39.8;0.59;26.47;17.22;-0.12;25.53;16.59;0.12;42.06;-22.59;74.41
1787986396415749,136084,0,255,91,0.1,14.02,23.51,-21.06;39.8;0.59;-22;39.8;0.59;26.47;17.22;-0.12;25.53;16.59;0.12;42.06;-22.59;74.41
1787986396438887,136093,0,255,91,0.1,14.02,23.51,-21.06;39.8;0.59;-22;39.8;0.59;26.47;17.22;-0.12;25.53;16.59;0.12;42.06;-22.59;74.41
1787986396455490,136102,0,255,91,0.1,14.02,23.51,-21.06;39.8;0.59;-22;39.8;0.59;26.47;17.22;-0.12;25.53;16.59;0.12;42.06;-22.59;74.41
1787986396474665,136111,0,255,91,0.1,14.02,23.51,-21.06;39.8;0.59;-22;39.8;0.59;26.47;17.22;-0.12;25.53;16.59;0.12;42.06;-22.59;74.41
1787986396495242,136120,0,255,91,0.1,14.02,23.51,-21.06;39.8;0.59;-22;39.8;0.59;26.47;17.22;-0.12;25.53;16.59;0.12;42.06;-22.59;74.41
1787986396514578,136129,0,255,91,0.1,14.02,23.51,-21.06;39.8;0.59;-22;39.8;0.59;26.47;17.22;-0.12;25.53;16.59;0.12;42.06;-22.59;74.41
1787986396537048,136138,0,255,91,0.1,14.02,23.51,-21.06;39.8;0.59;-22;39.8;0.59;26.47;17.22;-0.12;25.53;16.59;0.12;42.06;-22.59;74.41
1787986396555596,136147,0,255,91,0.1,14.02,23.51,-21.06;39.8;0.59;-22;39.8;0.59;26.47;17.22;-0.12;25.53;16.59;0.12;42.06;-22.59;74.41
1787986396575525,136156,0,255,91,0.1,14.02,23.51,-21.06;39.8;0.59;-22;39.8;0.59;26.47;17.22;-0.12;25.53;16.59;0.12;42.06;-22.59;74.41
1787986396598667,136165,0,255,91,0.1,14.02,23.51,-21.06;39.8;0.59;-22;39.8;0.59;26.47;17.22;-0.12;25.53;16.59;0.12;42.06;-22.59;74.41
1787986396615168,136174,0,255,91,0.1,14.02,23.51,-21.06;39.8;0.59;-22;39.8;0.59;26.47;17.22;-0.12;25.53;16.59;0.12;42.06;-22.59;74.41
1787986396636497,136183,0,255,91,0.1,14.02,23.51,-21.06;39.8;0.59;-22;39.8;0.59;26.47;17.22;-0.12;25.53;16.59;0.12;42.06;-22.59;74.41
1787986396656652,136192,0,255,91,0.1,14.02,23.51,-21.06;39.8;0.59;-22;39.8;0.59;26.47;17.22;-0.12;25.53;16.59;0.12;42.06;-22.59;74.41
1787986396674241,136201,0,255,91,0.1,14.02,23.51,-21.06;39.8;0.59;-22;39.8;0.59;26.47;17.22;-0.12;25.53;16.59;0.12;42.06;-22.59;74.41
1787986396694659,136210,0,255,91,0.1,14.02,23.51,-21.06;39.8;0.59;-22;39.8;0.59;26.47;17.22;-0.12;25.53;16.59;0.12;42.06;-22.59;74.41
1787986396715217,136219,0,255,91,0.1,14.02,23.51,-21.06;39.8;0.59;-22;39.8;0.59;26.47;17.22;-0.12;25.53;16.59;0.12;42.06;-22.59;74.41
1787986396735177,136228,0,255,91,0.1,14.02,23.51,-21.06;39.8;0.59;-22;39.8;0.59;26.47;17.22;-0.12;25.53;16.59;0.12;42.06;-22.59;74.41
1787986396754919,136237,0,255,91,0.1,14.02,23.51,-21.06;39.8;0.59;-22;39.8;0.59;26.47;17.22;-0.12;25.53;16.59;0.12;42.06;-22.59;74.41
1787986396774613,136246,0,255,91,0.1,14.02,23.51,-21.06;39.8;0.59;-22;39.8;0.59;26.47;17.22;-0.12;25.53;16.59;0.12;42.06;-22.59;74.41
1787986396795242,136255,0,255,91,0.1,14.02,23.51,-21.06;39.8;0.59;-22;39.8;0.59;26.47;17.22;-0.12;25.53;16.59;0.12;42.06;-22.59;74.41
1787986396817860,136264,0,255,91,0.1,14.02,23.51,-21.06;39.8;0.59;-22;39.8;0.59;26.47;17.22;-0.12;25.53;16.59;0.12;42.06;-22.59;74.41
1787986396834705,136274,0,255,91,0.1,14.02,23.51,-21.06;39.8;0.59;-22;39.8;0.59;26.47;17.22;-0.12;25.53;16.59;0.12;42.06;-22.59;74.41
1787986396855730,136290,0,255,90,0.08,14.07,23.51,-21.53;39.8;0.59;-22;39.8;0.82;26.47;17.22;-0.12;26;16.59;0.12;42.06;-22.59;74.41
1787986396877268,136292,0,255,90,0.08,14.07,23.51,-21.53;39.8;0.59;-22;39.8;0.82;26.47;17.22;-0.12;26;16.59;0.12;42.06;-22.59;74.41
1787986396895933,136301,0,255,90,0.08,14.07,23.51,-21.53;39.8;0.59;-22;39.8;0.82;26.47;17.22;-0.12;26;16.59;0.12;42.06;-22.59;74.41
1787986396915377,136310,0,255,90,0.08,14.07,23.51,-21.53;39.8;0.59;-22;39.8;0.82;26.47;17.22;-0.12;26;16.59;0.12;42.06;-22.59;74.41
1787986396935223,136319,0,255,90,0.08,14.07,23.51,-21.53;39.8;0.59;-22;39.8;0.82;26.47;17.22;-0.12;26;16.59;0.12;42.06;-22.59;74.41
1787986396956064,136335,0,255,90,0.08,14.07,23.51,-21.53;39.8;0.59;-22;39.8;0.82;26.47;17.22;-0.12;26;16.59;0.12;42.06;-22.59;74.41
1787986396976223,136337,0,255,90,0.08,14.07,23.51,-21.53;39.8;0.59;-22;39.8;0.82;26.47;17.22;-0.12;26;16.59;0.12;42.06;-22.59;74.41
1787986396994877,136346,0,255,90,0.08,14.07,23.51,-21.53;39.8;0.59;-22;39.8;0.82;26.47;17.22;-0.12;26;16.59;0.12;42.06;-22.59;74.41
1787986397015174,136355,0,255,90,0.08,14.07,23.51,-21.53;39.8;0.59;-22;39.8;0.82;26.47;17.22;-0.12;26;16.59;0.12;42.06;-22.59;74.41
1787986397037021,136364,0,255,90,0.08,14.07,23.51,-21.53;39.8;0.59;-22;39.8;0.82;26.47;17.22;-0.12;26;16.59;0.12;42.06;-22.59;74.41
1787986397056179,136373,0,255,90,0.08,14.07,23.51,-21.53;39.8;0.59;-22;39.8;0.82;26.47;17.22;-0.12;26;16.59;0.12;42.06;-22.59;74.41
1787986397075436,136382,0,255,90,0.08,14.07,23.51,-21.53;39.8;0.59;-22;39.8;0.82;26.47;17.22;-0.12;26;16.59;0.12;42.06;-22.59;74.41
1787986397096050,136391,0,255,90,0.08,14.07,23.51,-21.53;39.8;0.59;-22;39.8;0.82;26.47;17.22;-0.12;26;16.59;0.12;42.06;-22.59;74.41
1787986397114999,136400,0,255,90,0.08,14.07,23.51,-21.53;39.8;0.59;-22;39.8;0.82;26.47;17.22;-0.12;26;16.59;0.12;42.06;-22.59;74.41
1787986397134509,136409,0,255,90,0.08,14.07,23.51,-21.53;39.8;0.59;-22;39.8;0.82;26.47;17.22;-0.12;26;16.59;0.12;42.06;-22.59;74.41
1787986397155734,136418,0,255,90,0.08,14.07,23.51,-21.53;39.8;0.59;-22;39.8;0.82;26.47;17.22;-0.12;26;16.59;0.12;42.06;-22.59;74.41
1787986397174257,136427,0,255,90,0.08,14.07,23.51,-21.53;39.8;0.59;-22;39.8;0.82;26.47;17.22;-0.12;26;16.59;0.12;42.06;-22.59;74.41
1787986397194231,136436,0,255,90,0.08,14.07,23.51,-21.53;39.8;0.59;-22;39.8;0.82;26.47;17.22;-0.12;26;16.59;0.12;42.06;-22.59;74.41
1787986397214875,136445,0,255,90,0.08,14.07,23.51,-21.53;39.8;0.59;-22;39.8;0.82;26.47;17.22;-0.12;26;16.59;0.12;42.06;-22.59;74.41
1787986397235475,136454,0,255,90,0.08,14.07,23.51,-21.53;39.8;0.59;-22;39.8;0.82;26.47;17.22;-0.12;26;16.59;0.12;42.06;-22.59;74.41
1787986397258555,136463,0,255,90,0.08,14.07,23.51,-21.53;39.8;0.59;-22;39.8;0.82;26.47;17.22;-0.12;26;16.59;0.12;42.06;-22.59;74.41
1787986397274653,136472,0,255,90,0.08,14.07,23.51,-21.53;39.8;0.59;-22;39.8;0.82;26.47;17.22;-0.12;26;16.59;0.12;42.06;-22.59;74.41
1787986397295283,136481,0,255,90,0.08,14.07,23.51,-21.53;39.8;0.59;-22;39.8;0.82;26.47;17.22;-0.12;26;16.59;0.12;42.06;-22.59;74.41
1787986397316552,136490,0,255,90,0.08,14.07,23.51,-21.53;39.8;0.59;-22;39.8;0.82;26.47;17.22;-0.12;26;16.59;0.12;42.06;-22.59;74.41
1787986397336086,136499,0,255,90,0.08,14.07,23.51,-21.53;39.8;0.59;-22;39.8;0.82;26.47;17.22;-0.12;26;16.59;0.12;42.06;-22.59;74.41
1787986397356174,136508,0,255,90,0.08,14.07,23.51,-21.53;39.8;0.59;-22;39.8;0.82;26.47;17.22;-0.12;26;16.59;0.12;42.06;-22.59;74.41
1787986397375860,136517,0,255,90,0.08,14.07,23.51,-21.53;39.8;0.59;-22;39.8;0.82;26.47;17.22;-0.12;26;16.59;0.12;42.06;-22.59;74.41
1787986397395042,136526,0,255,90,0.08,14.07,23.51,-21.53;39.8;0.59;-22;39.8;0.82;26.47;17.22;-0.12;26;16.59;0.12;42.06;-22.59;74.41
1787986397415807,136535,0,255,90,0.08,14.07,23.51,-21.53;39.8;0.59;-22;39.8;0.82;26.47;17.22;-0.12;26;16.59;0.12;42.06;-22.59;74.41
1787986397443946,136544,0,255,90,0.08,14.07,23.51,-21.53;39.8;0.59;-22;39.8;0.82;26.47;17.22;-0.12;26;16.59;0.12;42.06;-22.59;74.41
1787986397455447,136553,0,255,90,0.08,14.07,23.51,-21.53;39.8;0.59;-22;39.8;0.82;26.47;17.22;-0.12;26;16.59;0.12;42.06;-22.59;74.41
1787986397476447,136562,0,255,90,0.08,14.07,23.51,-21.53;39.8;0.59;-22;39.8;0.82;26.47;17.22;-0.12;26;16.59;0.12;42.06;-22.59;74.41
1787986397495656,136571,0,255,90,0.08,14.07,23.51,-21.53;39.8;0.59;-22;39.8;0.82;26.47;17.22;-0.12;26;16.59;0.12;42.06;-22.59;74.41
1787986397515050,136580,0,255,90,0.08,14.07,23.51,-21.53;39.8;0.59;-22;39.8;0.82;26.47;17.22;-0.12;26;16.59;0.12;42.06;-22.59;74.41
1787986397536413,136589,0,255,90,0.08,14.07,23.51,-21.53;39.8;0.59;-22;39.8;0.82;26.47;17.22;-0.12;26;16.59;0.12;42.06;-22.59;74.41
1787986397555757,136598,0,255,90,0.08,14.07,23.51,-21.53;39.8;0.59;-22;39.8;0.82;26.47;17.22;-0.12;26;16.59;0.12;42.06;-22.59;74.41
1787986397576904,136607,0,255,90,0.08,14.07,23.51,-21.53;39.8;0.59;-22;39.8;0.82;26.47;17.22;-0.12;26;16.59;0.12;42.06;-22.59;74.41
1787986397596099,136616,0,255,90,0.08,14.07,23.51,-21.53;39.8;0.59;-22;39.8;0.82;26.47;17.22;-0.12;26;16.59;0.12;42.06;-22.59;74.41
1787986397614479,136625,0,255,90,0.08,14.07,23.51,-21.53;39.8;0.59;-22;39.8;0.82;26.47;17.22;-0.12;26;16.59;0.12;42.06;-22.59;74.41
1787986397634819,136634,0,255,90,0.08,14.07,23.51,-21.53;39.8;0.59;-22;39.8;0.82;26.47;17.22;-0.12;26;16.59;0.12;42.06;-22.59;74.41
1787986397655103,136643,0,255,90,0.08,14.07,23.51,-21.53;39.8;0.59;-22;39.8;0.82;26.47;17.22;-0.12;26;16.59;0.12;42.06;-22.59;74.41
1787986397674506,136652,0,255,90,0.08,14.07,23.51,-21.53;39.8;0.59;-22;39.8;0.82;26.47;17.22;-0.12;26;16.59;0.12;42.06;-22.59;74.41
1787986397701877,136661,0,255,90,0.08,14.07,23.51,-21.53;39.8;0.59;-22;39.8;0.82;26.47;17.22;-0.12;26;16.59;0.12;42.06;-22.59;74.41
1787986397715485,136670,0,255,90,0.08,14.07,23.51,-21.53;39.8;0.59;-22;39.8;0.82;26.47;17.22;-0.12;26;16.59;0.12;42.06;-22.59;74.41
1787986397734767,136679,0,255,90,0.08,14.07,23.51,-21.53;39.8;0.59;-22;39.8;0.82;26.47;17.22;-0.12;26;16.59;0.12;42.06;-22.59;74.41
1787986397755058,136688,0,255,90,0.08,14.07,23.51,-21.53;39.8;0.59;-22;39.8;0.82;26.47;17.22;-0.12;26;16.59;0.12;42.06;-22.59;74.41
1787986397775721,136697,0,255,90,0.08,14.07,23.51,-21.53;39.8;0.59;-22;39.8;0.82;26.47;17.22;-0.12;26;16.59;0.12;42.06;-22.59;74.41
1787986397794116,136706,0,255,90,0.08,14.07,23.51,-21.53;39.8;0.59;-22;39.8;0.82;26.47;17.22;-0.12;26;16.59;0.12;42.06;-22.59;74.41
1787986397814733,136715,0,255,90,0.08,14.07,23.51,-21.53;39.8;0.59;-22;39.8;0.82;26.47;17.22;-0.12;26;16.59;0.12;42.06;-22.59;74.41
1787986397836446,136725,0,255,90,0.08,14.07,23.51,-21.53;39.8;0.59;-22;39.8;0.82;26.47;17.22;-0.12;26;16.59;0.12;42.06;-22.59;74.41
1787986397855901,136734,0,255,90,0.08,14.07,23.51,-21.53;39.8;0.59;-22;39.8;0.82;26.47;17.22;-0.12;26;16.59;0.12;42.06;-22.59;74.41
1787986397875874,136743,0,255,90,0,13.86,23.53,-21.53;39.8;0.59;-22;39.8;0.59;26.47;17.22;-0.12;26;16.59;0.12;42.06;-22.59;74.41
1787986397895872,136759,0,255,90,0,13.86,23.53,-21.53;39.8;0.59;-22;39.8;0.59;26.47;17.22;-0.12;26;16.59;0.12;42.06;-22.59;74.41
1787986397922834,136761,0,255,90,0,13.86,23.53,-21.53;39.8;0.59;-22;39.8;0.59;26.47;17.22;-0.12;26;16.59;0.12;42.06;-22.59;74.41
1787986397934494,136770,0,255,90,0,13.86,23.53,-21.53;39.8;0.59;-22;39.8;0.59;26.47;17.22;-0.12;26;16.59;0.12;42.06;-22.59;74.41
1787986397954876,136779,0,255,90,0,13.86,23.53,-21.53;39.8;0.59;-22;39.8;0.59;26.47;17.22;-0.12;26;16.59;0.12;42.06;-22.59;74.41
1787986397977620,136788,0,255,90,0,13.86,23.53,-21.53;39.8;0.59;-22;39.8;0.59;26.47;17.22;-0.12;26;16.59;0.12;42.06;-22.59;74.41
1787986397995762,136797,0,255,90,0,13.86,23.53,-21.53;39.8;0.59;-22;39.8;0.59;26.47;17.22;-0.12;26;16.59;0.12;42.06;-22.59;74.41
1787986398015460,136806,0,255,90,0,13.86,23.53,-21.53;39.8;0.59;-22;39.8;0.59;26.47;17.22;-0.12;26;16.59;0.12;42.06;-22.59;74.41
1787986398036526,136815,0,255,90,0,13.86,23.53,-21.53;39.8;0.59;-22;39.8;0.59;26.47;17.22;-0.12;26;16.59;0.12;42.06;-22.59;74.41
1787986398055510,136824,0,255,90,0,13.86,23.53,-21.53;39.8;0.59;-22;39.8;0.59;26.47;17.22;-0.12;26;16.59;0.12;42.06;-22.59;74.41
1787986398077195,136833,0,255,90,0,13.86,23.53,-21.53;39.8;0.59;-22;39.8;0.59;26.47;17.22;-0.12;26;16.59;0.12;42.06;-22.59;74.41
1787986398095258,136842,0,255,90,0,13.86,23.53,-21.53;39.8;0.59;-22;39.8;0.59;26.47;17.22;-0.12;26;16.59;0.12;42.06;-22.59;74.41
1787986398115311,136851,0,255,90,0,13.86,23.53,-21.53;39.8;0.59;-22;39.8;0.59;26.47;17.22;-0.12;26;16.59;0.12;42.06;-22.59;74.41
1787986398137084,136860,0,255,90,0,13.86,23.53,-21.53;39.8;0.59;-22;39.8;0.59;26.47;17.22;-0.12;26;16.59;0.12;42.06;-22.59;74.41
1787986398154577,136869,0,255,90,0,13.86,23.53,-21.53;39.8;0.59;-22;39.8;0.59;26.47;17.22;-0.12;26;16.59;0.12;42.06;-22.59;74.41
1787986398175004,136878,0,255,90,0,13.86,23.53,-21.53;39.8;0.59;-22;39.8;0.59;26.47;17.22;-0.12;26;16.59;0.12;42.06;-22.59;74.41
1787986398195668,136887,0,255,90,0,13.86,23.53,-21.53;39.8;0.59;-22;39.8;0.59;26.47;17.22;-0.12;26;16.59;0.12;42.06;-22.59;74.41
1787986398214458,136896,0,255,90,0,13.86,23.53,-21.53;39.8;0.59;-22;39.8;0.59;26.47;17.22;-0.12;26;16.59;0.12;42.06;-22.59;74.41
1787986398236255,136905,0,255,90,0,13.86,23.53,-21.53;39.8;0.59;-22;39.8;0.59;26.47;17.22;-0.12;26;16.59;0.12;42.06;-22.59;74.41
1787986398255578,136914,0,255,90,0,13.86,23.53,-21.53;39.8;0.59;-22;39.8;0.59;26.47;17.22;-0.12;26;16.59;0.12;42.06;-22.59;74.41
1787986398274335,136923,0,255,90,0,13.86,23.53,-21.53;39.8;0.59;-22;39.8;0.59;26.47;17.22;-0.12;26;16.59;0.12;42.06;-22.59;74.41
1787986398295452,136932,0,255,90,0,13.86,23.53,-21.53;39.8;0.59;-22;39.8;0.59;26.47;17.22;-0.12;26;16.59;0.12;42.06;-22.59;74.41
1787986398314714,136941,0,255,90,0,13.86,23.53,-21.53;39.8;0.59;-22;39.8;0.59;26.47;17.22;-0.12;26;16.59;0.12;42.06;-22.59;74.41
1787986398334121,136950,0,255,90,0,13.86,23.53,-21.53;39.8;0.59;-22;39.8;0.59;26.47;17.22;-0.12;26;16.59;0.12;42.06;-22.59;74.41
1787986398357176,136959,0,255,90,0,13.86,23.53,-21.53;39.8;0.59;-22;39.8;0.59;26.47;17.22;-0.12;26;16.59;0.12;42.06;-22.59;74.41
1787986398374712,136968,0,255,90,0,13.86,23.53,-21.53;39.8;0.59;-22;39.8;0.59;26.47;17.22;-0.12;26;16.59;0.12;42.06;-22.59;74.41
1787986398396036,136977,0,255,90,0,13.86,23.53,-21.53;39.8;0.59;-22;39.8;0.59;26.47;17.22;-0.12;26;16.59;0.12;42.06;-22.59;74.41
1787986398416262,136986,0,255,90,0,13.86,23.53,-21.53;39.8;0.59;-22;39.8;0.59;26.47;17.22;-0.12;26;16.59;0.12;42.06;-22.59;74.41
1787986398435291,136995,0,255,90,0,13.86,23.53,-21.53;39.8;0.59;-22;39.8;0.59;26.47;17.22;-0.12;26;16.59;0.12;42.06;-22.59;74.41
1787986398454873,137004,0,255,90,0,13.86,23.53,-21.53;39.8;0.59;-22;39.8;0.59;26.47;17.22;-0.12;26;16.59;0.12;42.06;-22.59;74.41
1787986398476477,137013,0,255,90,0,13.86,23.53,-21.53;39.8;0.59;-22;39.8;0.59;26.47;17.22;-0.12;26;16.59;0.12;42.06;-22.59;74.41
1787986398496427,137029,0,255,90,0,13.86,23.53,-21.53;39.8;0.59;-22;39.8;0.59;26.47;17.22;-0.12;26;16.59;0.12;42.06;-22.59;74.41
1787986398518545,137031,0,255,90,0,13.86,23.53,-21.53;39.8;0.59;-22;39.8;0.59;26.47;17.22;-0.12;26;16.59;0.12;42.06;-22.59;74.41
1787986398535434,137040,0,255,90,0,13.86,23.53,-21.53;39.8;0.59;-22;39.8;0.59;26.47;17.22;-0.12;26;16.59;0.12;42.06;-22.59;74.41
1787986398555695,137049,0,255,90,0,13.86,23.53,-21.53;39.8;0.59;-22;39.8;0.59;26.47;17.22;-0.12;26;16.59;0.12;42.06;-22.59;74.41
1787986398574933,137058,0,255,90,0,13.86,23.53,-21.53;39.8;0.59;-22;39.8;0.59;26.47;17.22;-0.12;26;16.59;0.12;42.06;-22.59;74.41
1787986398595910,137067,0,255,90,0,13.86,23.53,-21.53;39.8;0.59;-22;39.8;0.59;26.47;17.22;-0.12;26;16.59;0.12;42.06;-22.59;74.41
1787986398615712,137076,0,255,90,0,13.86,23.53,-21.53;39.8;0.59;-22;39.8;0.59;26.47;17.22;-0.12;26;16.59;0.12;42.06;-22.59;74.41
1787986398638859,137085,0,255,90,0,13.86,23.53,-21.53;39.8;0.59;-22;39.8;0.59;26.47;17.22;-0.12;26;16.59;0.12;42.06;-22.59;74.41
1787986398655196,137094,0,255,90,0,13.86,23.53,-21.53;39.8;0.59;-22;39.8;0.59;26.47;17.22;-0.12;26;16.59;0.12;42.06;-22.59;74.41
1787986398676119,137103,0,255,90,0,13.86,23.53,-21.53;39.8;0.59;-22;39.8;0.59;26.47;17.22;-0.12;26;16.59;0.12;42.06;-22.59;74.41
1787986398696247,137112,0,255,90,0,13.86,23.53,-21.53;39.8;0.59;-22;39.8;0.59;26.47;17.22;-0.12;26;16.59;0.12;42.06;-22.59;74.41
1787986398715258,137121,0,255,90,0,13.86,23.53,-21.53;39.8;0.59;-22;39.8;0.59;26.47;17.22;-0.12;26;16.59;0.12;42.06;-22.59;74.41
1787986398735906,137130,0,255,90,0,13.86,23.53,-21.53;39.8;0.59;-22;39.8;0.59;26.47;17.22;-0.12;26;16.59;0.12;42.06;-22.59;74.41
1787986398756242,137139,0,255,90,0,13.86,23.53,-21.53;39.8;0.59;-22;39.8;0.59;26.47;17.22;-0.12;26;16.59;0.12;42.06;-22.59;74.41
1787986398775718,137155,0,255,90,0,13.86,23.53,-21.53;39.8;0.59;-22;39.8;0.59;26.47;17.22;-0.12;26;16.59;0.12;42.06;-22.59;74.41
1787986398797082,137157,0,255,90,0,13.86,23.53,-21.53;39.8;0.59;-22;39.8;0.59;26.47;17.22;-0.12;26;16.59;0.12;42.06;-22.59;74.41
1787986398815048,137166,0,255,90,0,13.86,23.53,-21.53;39.8;0.59;-22;39.8;0.59;26.47;17.22;-0.12;26;16.59;0.12;42.06;-22.59;74.41
1787986398834380,137176,0,255,90,0,13.86,23.53,-21.53;39.8;0.59;-22;39.8;0.59;26.47;17.22;-0.12;26;16.59;0.12;42.06;-22.59;74.41
1787986398857014,137185,0,255,90,0,13.86,23.53,-21.53;39.8;0.59;-22;39.8;0.59;26.47;17.22;-0.12;26;16.59;0.12;42.06;-22.59;74.41
1787986398875414,137194,0,255,89,-0.23,5.73,23.25,-6.94;39.18;0.59;-7.88;38.55;0.82;12.35;33.53;-0.12;12.35;33.53;0.35;42.06;-32.78;95.82
1787986398896434,137203,0,255,89,-0.23,5.73,23.25,-6.94;39.18;0.59;-7.88;38.55;0.82;12.35;33.53;-0.12;12.35;33.53;0.35;42.06;-32.78;95.82
1787986398917335,137219,0,255,89,-0.23,5.73,23.25,-6.94;39.18;0.59;-7.88;38.55;0.82;12.35;33.53;-0.12;12.35;33.53;0.35;42.06;-32.78;95.82
1787986398935242,137221,0,255,89,-0.23,5.73,23.25,-6.94;39.18;0.59;-7.88;38.55;0.82;12.35;33.53;-0.12;12.35;33.53;0.35;42.06;-32.78;95.82
1787986398954747,137230,0,255,89,-0.23,5.73,23.25,-6.94;39.18;0.59;-7.88;38.55;0.82;12.35;33.53;-0.12;12.35;33.53;0.35;42.06;-32.78;95.82
1787986398975001,137239,0,255,89,-0.23,5.73,23.25,-6.94;39.18;0.59;-7.88;38.55;0.82;12.35;33.53;-0.12;12.35;33.53;0.35;42.06;-32.78;95.82
1787986398994470,137248,0,255,89,-0.23,5.73,23.25,-6.94;39.18;0.59;-7.88;38.55;0.82;12.35;33.53;-0.12;12.35;33.53;0.35;42.06;-32.78;95.82
1787986399016687,137257,0,255,89,-0.23,5.73,23.25,-6.94;39.18;0.59;-7.88;38.55;0.82;12.35;33.53;-0.12;12.35;33.53;0.35;42.06;-32.78;95.82
1787986399035718,137266,0,255,89,-0.23,5.73,23.25,-6.94;39.18;0.59;-7.88;38.55;0.82;12.35;33.53;-0.12;12.35;33.53;0.35;42.06;-32.78;95.82
1787986399055986,137275,0,255,89,-0.23,5.73,23.25,-6.94;39.18;0.59;-7.88;38.55;0.82;12.35;33.53;-0.12;12.35;33.53;0.35;42.06;-32.78;95.82
1787986399077226,137284,0,255,89,-0.23,5.73,23.25,-6.94;39.18;0.59;-7.88;38.55;0.82;12.35;33.53;-0.12;12.35;33.53;0.35;42.06;-32.78;95.82
1787986399094774,137293,0,255,89,-0.23,5.73,23.25,-6.94;39.18;0.59;-7.88;38.55;0.82;12.35;33.53;-0.12;12.35;33.53;0.35;42.06;-32.78;95.82
1787986399115626,137302,0,255,89,-0.23,5.73,23.25,-6.94;39.18;0.59;-7.88;38.55;0.82;12.35;33.53;-0.12;12.35;33.53;0.35;42.06;-32.78;95.82
1787986399135703,137311,0,255,89,-0.23,5.73,23.25,-6.94;39.18;0.59;-7.88;38.55;0.82;12.35;33.53;-0.12;12.35;33.53;0.35;42.06;-32.78;95.82
1787986399154643,137320,0,255,89,-0.23,5.73,23.25,-6.94;39.18;0.59;-7.88;38.55;0.82;12.35;33.53;-0.12;12.35;33.53;0.35;42.06;-32.78;95.82
1787986399174327,137329,0,255,89,-0.23,5.73,23.25,-6.94;39.18;0.59;-7.88;38.55;0.82;12.35;33.53;-0.12;12.35;33.53;0.35;42.06;-32.78;95.82
1787986399194636,137338,0,255,89,-0.23,5.73,23.25,-6.94;39.18;0.59;-7.88;38.55;0.82;12.35;33.53;-0.12;12.35;33.53;0.35;42.06;-32.78;95.82
1787986399215416,137347,0,255,89,-0.23,5.73,23.25,-6.94;39.18;0.59;-7.88;38.55;0.82;12.35;33.53;-0.12;12.35;33.53;0.35;42.06;-32.78;95.82
1787986399235984,137356,0,255,89,-0.23,5.73,23.25,-6.94;39.18;0.59;-7.88;38.55;0.82;12.35;33.53;-0.12;12.35;33.53;0.35;42.06;-32.78;95.82
1787986399254958,137365,0,255,89,-0.23,5.73,23.25,-6.94;39.18;0.59;-7.88;38.55;0.82;12.35;33.53;-0.12;12.35;33.53;0.35;42.06;-32.78;95.82
1787986399274857,137374,0,255,89,-0.23,5.73,23.25,-6.94;39.18;0.59;-7.88;38.55;0.82;12.35;33.53;-0.12;12.35;33.53;0.35;42.06;-32.78;95.82
1787986399296988,137383,0,255,89,-0.23,5.73,23.25,-6.94;39.18;0.59;-7.88;38.55;0.82;12.35;33.53;-0.12;12.35;33.53;0.35;42.06;-32.78;95.82
1787986399315934,137392,0,255,89,-0.23,5.73,23.25,-6.94;39.18;0.59;-7.88;38.55;0.82;12.35;33.53;-0.12;12.35;33.53;0.35;42.06;-32.78;95.82
1787986399335454,137401,0,255,89,-0.23,5.73,23.25,-6.94;39.18;0.59;-7.88;38.55;0.82;12.35;33.53;-0.12;12.35;33.53;0.35;42.06;-32.78;95.82
1787986399358049,137410,0,255,89,-0.23,5.73,23.25,-6.94;39.18;0.59;-7.88;38.55;0.82;12.35;33.53;-0.12;12.35;33.53;0.35;42.06;-32.78;95.82
1787986399375629,137419,0,255,89,-0.23,5.73,23.25,-6.94;39.18;0.59;-7.88;38.55;0.82;12.35;33.53;-0.12;12.35;33.53;0.35;42.06;-32.78;95.82
1787986399395186,137428,0,255,89,-0.23,5.73,23.25,-6.94;39.18;0.59;-7.88;38.55;0.82;12.35;33.53;-0.12;12.35;33.53;0.35;42.06;-32.78;95.82
1787986399415370,137437,0,255,89,-0.23,5.73,23.25,-6.94;39.18;0.59;-7.88;38.55;0.82;12.35;33.53;-0.12;12.35;33.53;0.35;42.06;-32.78;95.82
1787986399435634,137446,0,255,89,-0.23,5.73,23.25,-6.94;39.18;0.59;-7.88;38.55;0.82;12.35;33.53;-0.12;12.35;33.53;0.35;42.06;-32.78;95.82
1787986399460775,137455,0,255,89,-0.23,5.73,23.25,-6.94;39.18;0.59;-7.88;38.55;0.82;12.35;33.53;-0.12;12.35;33.53;0.35;42.06;-32.78;95.82
1787986399476161,137464,0,255,89,-0.23,5.73,23.25,-6.94;39.18;0.59;-7.88;38.55;0.82;12.35;33.53;-0.12;12.35;33.53;0.35;42.06;-32.78;95.82
1787986399496722,137480,0,255,89,-0.23,5.73,23.25,-6.94;39.18;0.59;-7.88;38.55;0.82;12.35;33.53;-0.12;12.35;33.53;0.35;42.06;-32.78;95.82
1787986399517556,137482,0,255,89,-0.23,5.73,23.25,-6.94;39.18;0.59;-7.88;38.55;0.82;12.35;33.53;-0.12;12.35;33.53;0.35;42.06;-32.78;95.82
1787986399535421,137491,0,255,89,-0.23,5.73,23.25,-6.94;39.18;0.59;-7.88;38.55;0.82;12.35;33.53;-0.12;12.35;33.53;0.35;42.06;-32.78;95.82
1787986399556762,137500,0,255,89,-0.23,5.73,23.25,-6.94;39.18;0.59;-7.88;38.55;0.82;12.35;33.53;-0.12;12.35;33.53;0.35;42.06;-32.78;95.82
1787986399575598,137509,0,255,89,-0.23,5.73,23.25,-6.94;39.18;0.59;-7.88;38.55;0.82;12.35;33.53;-0.12;12.35;33.53;0.35;42.06;-32.78;95.82
1787986399596253,137518,0,255,89,-0.23,5.73,23.25,-6.94;39.18;0.59;-7.88;38.55;0.82;12.35;33.53;-0.12;12.35;33.53;0.35;42.06;-32.78;95.82
1787986399615483,137527,0,255,89,-0.23,5.73,23.25,-6.94;39.18;0.59;-7.88;38.55;0.82;12.35;33.53;-0.12;12.35;33.53;0.35;42.06;-32.78;95.82
1787986399634639,137536,0,255,89,-0.23,5.73,23.25,-6.94;39.18;0.59;-7.88;38.55;0.82;12.35;33.53;-0.12;12.35;33.53;0.35;42.06;-32.78;95.82
1787986399655824,137552,0,255,89,-0.23,5.73,23.25,-6.94;39.18;0.59;-7.88;38.55;0.82;12.35;33.53;-0.12;12.35;33.53;0.35;42.06;-32.78;95.82
1787986399677288,137554,0,255,89,-0.23,5.73,23.25,-6.94;39.18;0.59;-7.88;38.55;0.82;12.35;33.53;-0.12;12.35;33.53;0.35;42.06;-32.78;95.82
1787986399695732,137563,0,255,89,-0.23,5.73,23.25,-6.94;39.18;0.59;-7.88;38.55;0.82;12.35;33.53;-0.12;12.35;33.53;0.35;42.06;-32.78;95.82
1787986399716315,137572,0,255,89,-0.23,5.73,23.25,-6.94;39.18;0.59;-7.88;38.55;0.82;12.35;33.53;-0.12;12.35;33.53;0.35;42.06;-32.78;95.82
1787986399736356,137581,0,255,89,-0.23,5.73,23.25,-6.94;39.18;0.59;-7.88;38.55;0.82;12.35;33.53;-0.12;12.35;33.53;0.35;42.06;-32.78;95.82
1787986399754583,137590,0,255,89,-0.23,5.73,23.25,-6.94;39.18;0.59;-7.88;38.55;0.82;12.35;33.53;-0.12;12.35;33.53;0.35;42.06;-32.78;95.82
1787986399774813,137599,0,255,89,-0.23,5.73,23.25,-6.94;39.18;0.59;-7.88;38.55;0.82;12.35;33.53;-0.12;12.35;33.53;0.35;42.06;-32.78;95.82
1787986399795114,137608,0,255,89,-0.23,5.73,23.25,-6.94;39.18;0.59;-7.88;38.55;0.82;12.35;33.53;-0.12;12.35;33.53;0.35;42.06;-32.78;95.82
1787986399816243,137617,0,255,89,-0.23,5.73,23.25,-6.94;39.18;0.59;-7.88;38.55;0.82;12.35;33.53;-0.12;12.35;33.53;0.35;42.06;-32.78;95.82
1787986399836313,137634,0,255,89,-0.23,5.73,23.25,-6.94;39.18;0.59;-7.88;38.55;0.82;12.35;33.53;-0.12;12.35;33.53;0.35;42.06;-32.78;95.82
1787986399855650,137636,0,255,89,-0.23,5.73,23.25,-6.94;39.18;0.59;-7.88;38.55;0.82;12.35;33.53;-0.12;12.35;33.53;0.35;42.06;-32.78;95.82
1787986399875229,137645,0,255,89,-0.06,5.82,23.34,-7.41;39.8;0.59;-7.88;39.18;0.59;12.35;34.16;0.35;12.35;33.53;0.35;42.06;-32.78;95.82
1787986399895910,137654,0,255,89,-0.06,5.82,23.34,-7.41;39.8;0.59;-7.88;39.18;0.59;12.35;34.16;0.35;12.35;33.53;0.35;42.06;-32.78;95.82
1787986399915651,137663,0,255,89,-0.06,5.82,23.34,-7.41;39.8;0.59;-7.88;39.18;0.59;12.35;34.16;0.35;12.35;33.53;0.35;42.06;-32.78;95.82
1787986399935254,137672,0,255,89,-0.06,5.82,23.34,-7.41;39.8;0.59;-7.88;39.18;0.59;12.35;34.16;0.35;12.35;33.53;0.35;42.06;-32.78;95.82
1787986399958138,137681,0,255,89,-0.06,5.82,23.34,-7.41;39.8;0.59;-7.88;39.18;0.59;12.35;34.16;0.35;12.35;33.53;0.35;42.06;-32.78;95.82
1787986399975526,137690,0,255,89,-0.06,5.82,23.34,-7.41;39.8;0.59;-7.88;39.18;0.59;12.35;34.16;0.35;12.35;33.53;0.35;42.06;-32.78;95.82
1787986399995313,137699,0,255,89,-0.06,5.82,23.34,-7.41;39.8;0.59;-7.88;39.18;0.59;12.35;34.16;0.35;12.35;33.53;0.35;42.06;-32.78;95.82
1787986400017961,137708,0,255,89,-0.06,5.82,23.34,-7.41;39.8;0.59;-7.88;39.18;0.59;12.35;34.16;0.35;12.35;33.53;0.35;42.06;-32.78;95.82
1787986400034348,137717,0,255,89,-0.06,5.82,23.34,-7.41;39.8;0.59;-7.88;39.18;0.59;12.35;34.16;0.35;12.35;33.53;0.35;42.06;-32.78;95.82
1787986400054689,137726,0,255,89,-0.06,5.82,23.34,-7.41;39.8;0.59;-7.88;39.18;0.59;12.35;34.16;0.35;12.35;33.53;0.35;42.06;-32.78;95.82
1787986400076258,137735,0,255,89,-0.06,5.82,23.34,-7.41;39.8;0.59;-7.88;39.18;0.59;12.35;34.16;0.35;12.35;33.53;0.35;42.06;-32.78;95.82
1787986400094284,137744,0,255,89,-0.06,5.82,23.34,-7.41;39.8;0.59;-7.88;39.18;0.59;12.35;34.16;0.35;12.35;33.53;0.35;42.06;-32.78;95.82
1787986400115528,137753,0,255,89,-0.06,5.82,23.34,-7.41;39.8;0.59;-7.88;39.18;0.59;12.35;34.16;0.35;12.35;33.53;0.35;42.06;-32.78;95.82
1787986400135331,137762,0,255,89,-0.06,5.82,23.34,-7.41;39.8;0.59;-7.88;39.18;0.59;12.35;34.16;0.35;12.35;33.53;0.35;42.06;-32.78;95.82
1787986400154681,137771,0,255,89,-0.06,5.82,23.34,-7.41;39.8;0.59;-7.88;39.18;0.59;12.35;34.16;0.35;12.35;33.53;0.35;42.06;-32.78;95.82
1787986400175525,137780,0,255,89,-0.06,5.82,23.34,-7.41;39.8;0.59;-7.88;39.18;0.59;12.35;34.16;0.35;12.35;33.53;0.35;42.06;-32.78;95.82
1787986400194780,137789,0,255,89,-0.06,5.82,23.34,-7.41;39.8;0.59;-7.88;39.18;0.59;12.35;34.16;0.35;12.35;33.53;0.35;42.06;-32.78;95.82
1787986400214422,137798,0,255,89,-0.06,5.82,23.34,-7.41;39.8;0.59;-7.88;39.18;0.59;12.35;34.16;0.35;12.35;33.53;0.35;42.06;-32.78;95.82
1787986400241946,137807,0,255,89,-0.06,5.82,23.34,-7.41;39.8;0.59;-7.88;39.18;0.59;12.35;34.16;0.35;12.35;33.53;0.35;42.06;-32.78;95.82
1787986400255219,137816,0,255,89,-0.06,5.82,23.34,-7.41;39.8;0.59;-7.88;39.18;0.59;12.35;34.16;0.35;12.35;33.53;0.35;42.06;-32.78;95.82
1787986400274665,137825,0,255,89,-0.06,5.82,23.34,-7.41;39.8;0.59;-7.88;39.18;0.59;12.35;34.16;0.35;12.35;33.53;0.35;42.06;-32.78;95.82
1787986400294869,137834,0,255,89,-0.06,5.82,23.34,-7.41;39.8;0.59;-7.88;39.18;0.59;12.35;34.16;0.35;12.35;33.53;0.35;42.06;-32.78;95.82
1787986400315248,137843,0,255,89,-0.06,5.82,23.34,-7.41;39.8;0.59;-7.88;39.18;0.59;12.35;34.16;0.35;12.35;33.53;0.35;42.06;-32.78;95.82
1787986400335979,137852,0,255,89,-0.06,5.82,23.34,-7.41;39.8;0.59;-7.88;39.18;0.59;12.35;34.16;0.35;12.35;33.53;0.35;42.06;-32.78;95.82
1787986400354956,137861,0,255,89,-0.06,5.82,23.34,-7.41;39.8;0.59;-7.88;39.18;0.59;12.35;34.16;0.35;12.35;33.53;0.35;42.06;-32.78;95.82
1787986400374778,137870,0,255,89,-0.06,5.82,23.34,-7.41;39.8;0.59;-7.88;39.18;0.59;12.35;34.16;0.35;12.35;33.53;0.35;42.06;-32.78;95.82
1787986400397468,137879,0,255,89,-0.06,5.82,23.34,-7.41;39.8;0.59;-7.88;39.18;0.59;12.35;34.16;0.35;12.35;33.53;0.35;42.06;-32.78;95.82
1787986400416342,137888,0,255,89,-0.06,5.82,23.34,-7.41;39.8;0.59;-7.88;39.18;0.59;12.35;34.16;0.35;12.35;33.53;0.35;42.06;-32.78;95.82
1787986400435533,137897,0,255,89,-0.06,5.82,23.34,-7.41;39.8;0.59;-7.88;39.18;0.59;12.35;34.16;0.35;12.35;33.53;0.35;42.06;-32.78;95.82
1787986400455346,137906,0,255,89,-0.06,5.82,23.34,-7.41;39.8;0.59;-7.88;39.18;0.59;12.35;34.16;0.35;12.35;33.53;0.35;42.06;-32.78;95.82
1787986400475432,137915,0,255,89,-0.06,5.82,23.34,-7.41;39.8;0.59;-7.88;39.18;0.59;12.35;34.16;0.35;12.35;33.53;0.35;42.06;-32.78;95.82
1787986400495032,137924,0,255,89,-0.06,5.82,23.34,-7.41;39.8;0.59;-7.88;39.18;0.59;12.35;34.16;0.35;12.35;33.53;0.35;42.06;-32.78;95.82
1787986400515321,137933,0,255,89,-0.06,5.82,23.34,-7.41;39.8;0.59;-7.88;39.18;0.59;12.35;34.16;0.35;12.35;33.53;0.35;42.06;-32.78;95.82
1787986400535208,137942,0,255,89,-0.06,5.82,23.34,-7.41;39.8;0.59;-7.88;39.18;0.59;12.35;34.16;0.35;12.35;33.53;0.35;42.06;-32.78;95.82
1787986400555427,137951,0,255,89,-0.06,5.82,23.34,-7.41;39.8;0.59;-7.88;39.18;0.59;12.35;34.16;0.35;12.35;33.53;0.35;42.06;-32.78;95.82
1787986400574757,137960,0,255,89,-0.06,5.82,23.34,-7.41;39.8;0.59;-7.88;39.18;0.59;12.35;34.16;0.35;12.35;33.53;0.35;42.06;-32.78;95.82
1787986400594724,137969,0,255,89,-0.06,5.82,23.34,-7.41;39.8;0.59;-7.88;39.18;0.59;12.35;34.16;0.35;12.35;33.53;0.35;42.06;-32.78;95.82
1787986400615042,137978,0,255,89,-0.06,5.82,23.34,-7.41;39.8;0.59;-7.88;39.18;0.59;12.35;34.16;0.35;12.35;33.53;0.35;42.06;-32.78;95.82
1787986400637012,137987,0,255,89,-0.06,5.82,23.34,-7.41;39.8;0.59;-7.88;39.18;0.59;12.35;34.16;0.35;12.35;33.53;0.35;42.06;-32.78;95.82
1787986400654604,137996,0,255,89,-0.06,5.82,23.34,-7.41;39.8;0.59;-7.88;39.18;0.59;12.35;34.16;0.35;12.35;33.53;0.35;42.06;-32.78;95.82
1787986400676350,138005,0,255,89,-0.06,5.82,23.34,-7.41;39.8;0.59;-7.88;39.18;0.59;12.35;34.16;0.35;12.35;33.53;0.35;42.06;-32.78;95.82
1787986400695239,138014,0,255,89,-0.06,5.82,23.34,-7.41;39.8;0.59;-7.88;39.18;0.59;12.35;34.16;0.35;12.35;33.53;0.35;42.06;-32.78;95.82
1787986400714578,138023,0,255,89,-0.06,5.82,23.34,-7.41;39.8;0.59;-7.88;39.18;0.59;12.35;34.16;0.35;12.35;33.53;0.35;42.06;-32.78;95.82
1787986400737229,138032,0,255,89,-0.06,5.82,23.34,-7.41;39.8;0.59;-7.88;39.18;0.59;12.35;34.16;0.35;12.35;33.53;0.35;42.06;-32.78;95.82
1787986400755335,138041,0,255,89,-0.06,5.82,23.34,-7.41;39.8;0.59;-7.88;39.18;0.59;12.35;34.16;0.35;12.35;33.53;0.35;42.06;-32.78;95.82
1787986400776252,138057,0,255,89,-0.06,5.82,23.34,-7.41;39.8;0.59;-7.88;39.18;0.59;12.35;34.16;0.35;12.35;33.53;0.35;42.06;-32.78;95.82
1787986400823313,138059,0,255,89,-0.06,5.82,23.34,-7.41;39.8;0.59;-7.88;39.18;0.59;12.35;34.16;0.35;12.35;33.53;0.35;42.06;-32.78;95.82
1787986400824037,138061,0,255,89,-0.06,5.82,23.34,-7.41;39.8;0.59;-7.88;39.18;0.59;12.35;34.16;0.35;12.35;33.53;0.35;42.06;-32.78;95.82
1787986400837649,138078,0,255,89,-0.06,5.82,23.34,-7.41;39.8;0.59;-7.88;39.18;0.59;12.35;34.16;0.35;12.35;33.53;0.35;42.06;-32.78;95.82
1787986400855668,138087,0,255,89,-0.06,5.82,23.34,-7.41;39.8;0.59;-7.88;39.18;0.59;12.35;34.16;0.35;12.35;33.53;0.35;42.06;-32.78;95.82
1787986400876031,138103,0,255,91,-0.01,6.07,23.28,-7.41;39.8;0.59;-8.35;39.18;0.59;12.35;34.16;0.35;12.35;33.53;0.35;42.06;-19.53;77.47
1787986400896614,138105,0,255,91,-0.01,6.07,23.28,-7.41;39.8;0.59;-8.35;39.18;0.59;12.35;34.16;0.35;12.35;33.53;0.35;42.06;-19.53;77.47
1787986400914636,138114,0,255,91,-0.01,6.07,23.28,-7.41;39.8;0.59;-8.35;39.18;0.59;12.35;34.16;0.35;12.35;33.53;0.35;42.06;-19.53;77.47
1787986400934906,138123,0,255,91,-0.01,6.07,23.28,-7.41;39.8;0.59;-8.35;39.18;0.59;12.35;34.16;0.35;12.35;33.53;0.35;42.06;-19.53;77.47
1787986400956272,138132,0,255,91,-0.01,6.07,23.28,-7.41;39.8;0.59;-8.35;39.18;0.59;12.35;34.16;0.35;12.35;33.53;0.35;42.06;-19.53;77.47
1787986400975372,138141,0,255,91,-0.01,6.07,23.28,-7.41;39.8;0.59;-8.35;39.18;0.59;12.35;34.16;0.35;12.35;33.53;0.35;42.06;-19.53;77.47
1787986400996468,138150,0,255,91,-0.01,6.07,23.28,-7.41;39.8;0.59;-8.35;39.18;0.59;12.35;34.16;0.35;12.35;33.53;0.35;42.06;-19.53;77.47
1787986401015085,138159,0,255,91,-0.01,6.07,23.28,-7.41;39.8;0.59;-8.35;39.18;0.59;12.35;34.16;0.35;12.35;33.53;0.35;42.06;-19.53;77.47
1787986401034747,138168,0,255,91,-0.01,6.07,23.28,-7.41;39.8;0.59;-8.35;39.18;0.59;12.35;34.16;0.35;12.35;33.53;0.35;42.06;-19.53;77.47
1787986401057736,138177,0,255,91,-0.01,6.07,23.28,-7.41;39.8;0.59;-8.35;39.18;0.59;12.35;34.16;0.35;12.35;33.53;0.35;42.06;-19.53;77.47
1787986401074661,138186,0,255,91,-0.01,6.07,23.28,-7.41;39.8;0.59;-8.35;39.18;0.59;12.35;34.16;0.35;12.35;33.53;0.35;42.06;-19.53;77.47
1787986401094072,138195,0,255,91,-0.01,6.07,23.28,-7.41;39.8;0.59;-8.35;39.18;0.59;12.35;34.16;0.35;12.35;33.53;0.35;42.06;-19.53;77.47
1787986401115961,138204,0,255,91,-0.01,6.07,23.28,-7.41;39.8;0.59;-8.35;39.18;0.59;12.35;34.16;0.35;12.35;33.53;0.35;42.06;-19.53;77.47
1787986401135858,138213,0,255,91,-0.01,6.07,23.28,-7.41;39.8;0.59;-8.35;39.18;0.59;12.35;34.16;0.35;12.35;33.53;0.35;42.06;-19.53;77.47
1787986401155923,138222,0,255,91,-0.01,6.07,23.28,-7.41;39.8;0.59;-8.35;39.18;0.59;12.35;34.16;0.35;12.35;33.53;0.35;42.06;-19.53;77.47
1787986401175341,138231,0,255,91,-0.01,6.07,23.28,-7.41;39.8;0.59;-8.35;39.18;0.59;12.35;34.16;0.35;12.35;33.53;0.35;42.06;-19.53;77.47
1787986401195394,138240,0,255,91,-0.01,6.07,23.28,-7.41;39.8;0.59;-8.35;39.18;0.59;12.35;34.16;0.35;12.35;33.53;0.35;42.06;-19.53;77.47
1787986401215883,138249,0,255,91,-0.01,6.07,23.28,-7.41;39.8;0.59;-8.35;39.18;0.59;12.35;34.16;0.35;12.35;33.53;0.35;42.06;-19.53;77.47
1787986401235400,138258,0,255,91,-0.01,6.07,23.28,-7.41;39.8;0.59;-8.35;39.18;0.59;12.35;34.16;0.35;12.35;33.53;0.35;42.06;-19.53;77.47
1787986401256194,138267,0,255,91,-0.01,6.07,23.28,-7.41;39.8;0.59;-8.35;39.18;0.59;12.35;34.16;0.35;12.35;33.53;0.35;42.06;-19.53;77.47
1787986401280057,138276,0,255,91,-0.01,6.07,23.28,-7.41;39.8;0.59;-8.35;39.18;0.59;12.35;34.16;0.35;12.35;33.53;0.35;42.06;-19.53;77.47
1787986401295672,138285,0,255,91,-0.01,6.07,23.28,-7.41;39.8;0.59;-8.35;39.18;0.59;12.35;34.16;0.35;12.35;33.53;0.35;42.06;-19.53;77.47
1787986401315145,138294,0,255,91,-0.01,6.07,23.28,-7.41;39.8;0.59;-8.35;39.18;0.59;12.35;34.16;0.35;12.35;33.53;0.35;42.06;-19.53;77.47
1787986401338205,138303,0,255,91,-0.01,6.07,23.28,-7.41;39.8;0.59;-8.35;39.18;0.59;12.35;34.16;0.35;12.35;33.53;0.35;42.06;-19.53;77.47
1787986401355064,138312,0,255,91,-0.01,6.07,23.28,-7.41;39.8;0.59;-8.35;39.18;0.59;12.35;34.16;0.35;12.35;33.53;0.35;42.06;-19.53;77.47
1787986401375931,138321,0,255,91,-0.01,6.07,23.28,-7.41;39.8;0.59;-8.35;39.18;0.59;12.35;34.16;0.35;12.35;33.53;0.35;42.06;-19.53;77.47
1787986401397184,138330,0,255,91,-0.01,6.07,23.28,-7.41;39.8;0.59;-8.35;39.18;0.59;12.35;34.16;0.35;12.35;33.53;0.35;42.06;-19.53;77.47
1787986401415188,138339,0,255,91,-0.01,6.07,23.28,-7.41;39.8;0.59;-8.35;39.18;0.59;12.35;34.16;0.35;12.35;33.53;0.35;42.06;-19.53;77.47
1787986401436598,138348,0,255,91,-0.01,6.07,23.28,-7.41;39.8;0.59;-8.35;39.18;0.59;12.35;34.16;0.35;12.35;33.53;0.35;42.06;-19.53;77.47
1787986401456920,138357,0,255,91,-0.01,6.07,23.28,-7.41;39.8;0.59;-8.35;39.18;0.59;12.35;34.16;0.35;12.35;33.53;0.35;42.06;-19.53;77.47
1787986401474815,138366,0,255,91,-0.01,6.07,23.28,-7.41;39.8;0.59;-8.35;39.18;0.59;12.35;34.16;0.35;12.35;33.53;0.35;42.06;-19.53;77.47
1787986401496579,138375,0,255,91,-0.01,6.07,23.28,-7.41;39.8;0.59;-8.35;39.18;0.59;12.35;34.16;0.35;12.35;33.53;0.35;42.06;-19.53;77.47
1787986401516081,138384,0,255,91,-0.01,6.07,23.28,-7.41;39.8;0.59;-8.35;39.18;0.59;12.35;34.16;0.35;12.35;33.53;0.35;42.06;-19.53;77.47
1787986401536426,138400,0,255,91,-0.01,6.07,23.28,-7.41;39.8;0.59;-8.35;39.18;0.59;12.35;34.16;0.35;12.35;33.53;0.35;42.06;-19.53;77.47
1787986401557778,138402,0,255,91,-0.01,6.07,23.28,-7.41;39.8;0.59;-8.35;39.18;0.59;12.35;34.16;0.35;12.35;33.53;0.35;42.06;-19.53;77.47
1787986401574882,138411,0,255,91,-0.01,6.07,23.28,-7.41;39.8;0.59;-8.35;39.18;0.59;12.35;34.16;0.35;12.35;33.53;0.35;42.06;-19.53;77.47
1787986401595084,138420,0,255,91,-0.01,6.07,23.28,-7.41;39.8;0.59;-8.35;39.18;0.59;12.35;34.16;0.35;12.35;33.53;0.35;42.06;-19.53;77.47
1787986401722780,138429,0,255,91,-0.01,6.07,23.28,-7.41;39.8;0.59;-8.35;39.18;0.59;12.35;34.16;0.35;12.35;33.53;0.35;42.06;-19.53;77.47
1787986401724363,138431,0,255,91,-0.01,6.07,23.28,-7.41;39.8;0.59;-8.35;39.18;0.59;12.35;34.16;0.35;12.35;33.53;0.35;42.06;-19.53;77.47
1787986401725884,138433,0,255,91,-0.01,6.07,23.28,-7.41;39.8;0.59;-8.35;39.18;0.59;12.35;34.16;0.35;12.35;33.53;0.35;42.06;-19.53;77.47
1787986401727357,138435,0,255,91,-0.01,6.07,23.28,-7.41;39.8;0.59;-8.35;39.18;0.59;12.35;34.16;0.35;12.35;33.53;0.35;42.06;-19.53;77.47
1787986401729019,138437,0,255,91,-0.01,6.07,23.28,-7.41;39.8;0.59;-8.35;39.18;0.59;12.35;34.16;0.35;12.35;33.53;0.35;42.06;-19.53;77.47
1787986401730372,138439,0,255,91,-0.01,6.07,23.28,-7.41;39.8;0.59;-8.35;39.18;0.59;12.35;34.16;0.35;12.35;33.53;0.35;42.06;-19.53;77.47
1787986401735510,138483,0,255,91,-0.01,6.07,23.28,-7.41;39.8;0.59;-8.35;39.18;0.59;12.35;34.16;0.35;12.35;33.53;0.35;42.06;-19.53;77.47
1787986401755811,138492,0,255,91,-0.01,6.07,23.28,-7.41;39.8;0.59;-8.35;39.18;0.59;12.35;34.16;0.35;12.35;33.53;0.35;42.06;-19.53;77.47
1787986401777263,138501,0,255,91,-0.01,6.07,23.28,-7.41;39.8;0.59;-8.35;39.18;0.59;12.35;34.16;0.35;12.35;33.53;0.35;42.06;-19.53;77.47
1787986401795412,138510,0,255,91,-0.01,6.07,23.28,-7.41;39.8;0.59;-8.35;39.18;0.59;12.35;34.16;0.35;12.35;33.53;0.35;42.06;-19.53;77.47
1787986401814874,138519,0,255,91,-0.01,6.07,23.28,-7.41;39.8;0.59;-8.35;39.18;0.59;12.35;34.16;0.35;12.35;33.53;0.35;42.06;-19.53;77.47
1787986401834205,138529,0,255,91,-0.01,6.07,23.28,-7.41;39.8;0.59;-8.35;39.18;0.59;12.35;34.16;0.35;12.35;33.53;0.35;42.06;-19.53;77.47
1787986401855950,138538,0,255,91,-0.02,5.93,23.33,-7.41;39.8;0.59;-7.88;39.18;0.59;11.88;34.16;0.35;12.35;33.53;0.35;42.06;-6.78;50.71
1787986401875083,138547,0,255,91,-0.02,5.93,23.33,-7.41;39.8;0.59;-7.88;39.18;0.59;11.88;34.16;0.35;12.35;33.53;0.35;42.06;-6.78;50.71
1787986401896422,138556,0,255,91,-0.02,5.93,23.33,-7.41;39.8;0.59;-7.88;39.18;0.59;11.88;34.16;0.35;12.35;33.53;0.35;42.06;-6.78;50.71
1787986401914746,138565,0,255,91,-0.02,5.93,23.33,-7.41;39.8;0.59;-7.88;39.18;0.59;11.88;34.16;0.35;12.35;33.53;0.35;42.06;-6.78;50.71
1787986401935470,138574,0,255,91,-0.02,5.93,23.33,-7.41;39.8;0.59;-7.88;39.18;0.59;11.88;34.16;0.35;12.35;33.53;0.35;42.06;-6.78;50.71
1787986401954524,138583,0,255,91,-0.02,5.93,23.33,-7.41;39.8;0.59;-7.88;39.18;0.59;11.88;34.16;0.35;12.35;33.53;0.35;42.06;-6.78;50.71
1787986402079300,138592,0,255,91,-0.02,5.93,23.33,-7.41;39.8;0.59;-7.88;39.18;0.59;11.88;34.16;0.35;12.35;33.53;0.35;42.06;-6.78;50.71
1787986402080980,138594,0,255,91,-0.02,5.93,23.33,-7.41;39.8;0.59;-7.88;39.18;0.59;11.88;34.16;0.35;12.35;33.53;0.35;42.06;-6.78;50.71
1787986402082103,138596,0,255,91,-0.02,5.93,23.33,-7.41;39.8;0.59;-7.88;39.18;0.59;11.88;34.16;0.35;12.35;33.53;0.35;42.06;-6.78;50.71
1787986402083224,138598,0,255,91,-0.02,5.93,23.33,-7.41;39.8;0.59;-7.88;39.18;0.59;11.88;34.16;0.35;12.35;33.53;0.35;42.06;-6.78;50.71
1787986402084053,138600,0,255,91,-0.02,5.93,23.33,-7.41;39.8;0.59;-7.88;39.18;0.59;11.88;34.16;0.35;12.35;33.53;0.35;42.06;-6.78;50.71
1787986402084851,138602,0,255,91,-0.02,5.93,23.33,-7.41;39.8;0.59;-7.88;39.18;0.59;11.88;34.16;0.35;12.35;33.53;0.35;42.06;-6.78;50.71
1787986402095311,138639,0,255,91,-0.02,5.93,23.33,-7.41;39.8;0.59;-7.88;39.18;0.59;11.88;34.16;0.35;12.35;33.53;0.35;42.06;-6.78;50.71
1787986402115193,138648,0,255,91,-0.02,5.93,23.33,-7.41;39.8;0.59;-7.88;39.18;0.59;11.88;34.16;0.35;12.35;33.53;0.35;42.06;-6.78;50.71
1787986402136300,138664,0,255,91,-0.02,5.93,23.33,-7.41;39.8;0.59;-7.88;39.18;0.59;11.88;34.16;0.35;12.35;33.53;0.35;42.06;-6.78;50.71
1787986402156297,138666,0,255,91,-0.02,5.93,23.33,-7.41;39.8;0.59;-7.88;39.18;0.59;11.88;34.16;0.35;12.35;33.53;0.35;42.06;-6.78;50.71
1787986402176468,138682,0,255,91,-0.02,5.93,23.33,-7.41;39.8;0.59;-7.88;39.18;0.59;11.88;34.16;0.35;12.35;33.53;0.35;42.06;-6.78;50.71
1787986402328944,138691,0,255,91,-0.02,5.93,23.33,-7.41;39.8;0.59;-7.88;39.18;0.59;11.88;34.16;0.35;12.35;33.53;0.35;42.06;-6.78;50.71
1787986402329653,138693,0,255,91,-0.02,5.93,23.33,-7.41;39.8;0.59;-7.88;39.18;0.59;11.88;34.16;0.35;12.35;33.53;0.35;42.06;-6.78;50.71
1787986402330240,138695,0,255,91,-0.02,5.93,23.33,-7.41;39.8;0.59;-7.88;39.18;0.59;11.88;34.16;0.35;12.35;33.53;0.35;42.06;-6.78;50.71
1787986402330937,138697,0,255,91,-0.02,5.93,23.33,-7.41;39.8;0.59;-7.88;39.18;0.59;11.88;34.16;0.35;12.35;33.53;0.35;42.06;-6.78;50.71
1787986402331563,138699,0,255,91,-0.02,5.93,23.33,-7.41;39.8;0.59;-7.88;39.18;0.59;11.88;34.16;0.35;12.35;33.53;0.35;42.06;-6.78;50.71
1787986402332499,138701,0,255,91,-0.02,5.93,23.33,-7.41;39.8;0.59;-7.88;39.18;0.59;11.88;34.16;0.35;12.35;33.53;0.35;42.06;-6.78;50.71
1787986402333103,138703,0,255,91,-0.02,5.93,23.33,-7.41;39.8;0.59;-7.88;39.18;0.59;11.88;34.16;0.35;12.35;33.53;0.35;42.06;-6.78;50.71
1787986402340086,138747,0,255,91,-0.02,5.93,23.33,-7.41;39.8;0.59;-7.88;39.18;0.59;11.88;34.16;0.35;12.35;33.53;0.35;42.06;-6.78;50.71
1787986402354349,138756,0,255,91,-0.02,5.93,23.33,-7.41;39.8;0.59;-7.88;39.18;0.59;11.88;34.16;0.35;12.35;33.53;0.35;42.06;-6.78;50.71
1787986402378568,138772,0,255,91,-0.02,5.93,23.33,-7.41;39.8;0.59;-7.88;39.18;0.59;11.88;34.16;0.35;12.35;33.53;0.35;42.06;-6.78;50.71
1787986402395468,138781,0,255,91,-0.02,5.93,23.33,-7.41;39.8;0.59;-7.88;39.18;0.59;11.88;34.16;0.35;12.35;33.53;0.35;42.06;-6.78;50.71
1787986402414821,138790,0,255,91,-0.02,5.93,23.33,-7.41;39.8;0.59;-7.88;39.18;0.59;11.88;34.16;0.35;12.35;33.53;0.35;42.06;-6.78;50.71
1787986402437272,138792,0,255,91,-0.02,5.93,23.33,-7.41;39.8;0.59;-7.88;39.18;0.59;11.88;34.16;0.35;12.35;33.53;0.35;42.06;-6.78;50.71
1787986402540452,138801,0,255,91,-0.02,5.93,23.33,-7.41;39.8;0.59;-7.88;39.18;0.59;11.88;34.16;0.35;12.35;33.53;0.35;42.06;-6.78;50.71
1787986402542557,138803,0,255,91,-0.02,5.93,23.33,-7.41;39.8;0.59;-7.88;39.18;0.59;11.88;34.16;0.35;12.35;33.53;0.35;42.06;-6.78;50.71
1787986402544043,138805,0,255,91,-0.02,5.93,23.33,-7.41;39.8;0.59;-7.88;39.18;0.59;11.88;34.16;0.35;12.35;33.53;0.35;42.06;-6.78;50.71
1787986402545543,138807,0,255,91,-0.02,5.93,23.33,-7.41;39.8;0.59;-7.88;39.18;0.59;11.88;34.16;0.35;12.35;33.53;0.35;42.06;-6.78;50.71
1787986402546909,138809,0,255,91,-0.02,5.93,23.33,-7.41;39.8;0.59;-7.88;39.18;0.59;11.88;34.16;0.35;12.35;33.53;0.35;42.06;-6.78;50.71
1787986402556977,138846,0,255,91,-0.02,5.93,23.33,-7.41;39.8;0.59;-7.88;39.18;0.59;11.88;34.16;0.35;12.35;33.53;0.35;42.06;-6.78;50.71
1787986402604323,138862,0,255,91,-0.02,5.93,23.33,-7.41;39.8;0.59;-7.88;39.18;0.59;11.88;34.16;0.35;12.35;33.53;0.35;42.06;-6.78;50.71
1787986402605107,138864,0,255,91,-0.02,5.93,23.33,-7.41;39.8;0.59;-7.88;39.18;0.59;11.88;34.16;0.35;12.35;33.53;0.35;42.06;-6.78;50.71
1787986402614658,138873,0,255,91,-0.02,5.93,23.33,-7.41;39.8;0.59;-7.88;39.18;0.59;11.88;34.16;0.35;12.35;33.53;0.35;42.06;-6.78;50.71
1787986402636656,138889,0,255,91,-0.02,5.93,23.33,-7.41;39.8;0.59;-7.88;39.18;0.59;11.88;34.16;0.35;12.35;33.53;0.35;42.06;-6.78;50.71
1787986402656229,138898,0,255,91,-0.02,5.93,23.33,-7.41;39.8;0.59;-7.88;39.18;0.59;11.88;34.16;0.35;12.35;33.53;0.35;42.06;-6.78;50.71
1787986402675335,138900,0,255,91,-0.02,5.93,23.33,-7.41;39.8;0.59;-7.88;39.18;0.59;11.88;34.16;0.35;12.35;33.53;0.35;42.06;-6.78;50.71
1787986402693859,138909,0,255,91,-0.02,5.93,23.33,-7.41;39.8;0.59;-7.88;39.18;0.59;11.88;34.16;0.35;12.35;33.53;0.35;42.06;-6.78;50.71
1787986402716888,138918,0,255,91,-0.02,5.93,23.33,-7.41;39.8;0.59;-7.88;39.18;0.59;11.88;34.16;0.35;12.35;33.53;0.35;42.06;-6.78;50.71
1787986402766447,138927,0,255,91,-0.02,5.93,23.33,-7.41;39.8;0.59;-7.88;39.18;0.59;11.88;34.16;0.35;12.35;33.53;0.35;42.06;-6.78;50.71
1787986402768414,138929,0,255,91,-0.02,5.93,23.33,-7.41;39.8;0.59;-7.88;39.18;0.59;11.88;34.16;0.35;12.35;33.53;0.35;42.06;-6.78;50.71
1787986402774624,138945,0,255,91,-0.02,5.93,23.33,-7.41;39.8;0.59;-7.88;39.18;0.59;11.88;34.16;0.35;12.35;33.53;0.35;42.06;-6.78;50.71
1787986402870281,138954,0,255,91,-0.02,5.93,23.33,-7.41;39.8;0.59;-7.88;39.18;0.59;11.88;34.16;0.35;12.35;33.53;0.35;42.06;-6.78;50.71
1787986402872029,138956,0,255,91,-0.02,5.93,23.33,-7.41;39.8;0.59;-7.88;39.18;0.59;11.88;34.16;0.35;12.35;33.53;0.35;42.06;-6.78;50.71
1787986402873392,138959,0,255,91,-0.02,5.93,23.33,-7.41;39.8;0.59;-7.88;39.18;0.59;11.88;34.16;0.35;12.35;33.53;0.35;42.06;-6.78;50.71
1787986402874972,138961,0,255,88,-0.06,5.79,23.37,-7.41;39.8;0.59;-8.35;39.18;0.59;12.35;34.16;0.35;12.35;33.53;0.35;42.06;-5.25;30.06
1787986402883252,138991,0,255,88,-0.06,5.79,23.37,-7.41;39.8;0.59;-8.35;39.18;0.59;12.35;34.16;0.35;12.35;33.53;0.35;42.06;-5.25;30.06
1787986402895819,139000,0,255,88,-0.06,5.79,23.37,-7.41;39.8;0.59;-8.35;39.18;0.59;12.35;34.16;0.35;12.35;33.53;0.35;42.06;-5.25;30.06
1787986402915443,139009,0,255,88,-0.06,5.79,23.37,-7.41;39.8;0.59;-8.35;39.18;0.59;12.35;34.16;0.35;12.35;33.53;0.35;42.06;-5.25;30.06
1787986402935825,139018,0,255,88,-0.06,5.79,23.37,-7.41;39.8;0.59;-8.35;39.18;0.59;12.35;34.16;0.35;12.35;33.53;0.35;42.06;-5.25;30.06
1787986402955294,139027,0,255,88,-0.06,5.79,23.37,-7.41;39.8;0.59;-8.35;39.18;0.59;12.35;34.16;0.35;12.35;33.53;0.35;42.06;-5.25;30.06
1787986402975385,139036,0,255,88,-0.06,5.79,23.37,-7.41;39.8;0.59;-8.35;39.18;0.59;12.35;34.16;0.35;12.35;33.53;0.35;42.06;-5.25;30.06
1787986403101949,139045,0,255,88,-0.06,5.79,23.37,-7.41;39.8;0.59;-8.35;39.18;0.59;12.35;34.16;0.35;12.35;33.53;0.35;42.06;-5.25;30.06
1787986403103585,139047,0,255,88,-0.06,5.79,23.37,-7.41;39.8;0.59;-8.35;39.18;0.59;12.35;34.16;0.35;12.35;33.53;0.35;42.06;-5.25;30.06
1787986403105023,139049,0,255,88,-0.06,5.79,23.37,-7.41;39.8;0.59;-8.35;39.18;0.59;12.35;34.16;0.35;12.35;33.53;0.35;42.06;-5.25;30.06
1787986403106174,139051,0,255,88,-0.06,5.79,23.37,-7.41;39.8;0.59;-8.35;39.18;0.59;12.35;34.16;0.35;12.35;33.53;0.35;42.06;-5.25;30.06
1787986403107501,139053,0,255,88,-0.06,5.79,23.37,-7.41;39.8;0.59;-8.35;39.18;0.59;12.35;34.16;0.35;12.35;33.53;0.35;42.06;-5.25;30.06
1787986403108653,139055,0,255,88,-0.06,5.79,23.37,-7.41;39.8;0.59;-8.35;39.18;0.59;12.35;34.16;0.35;12.35;33.53;0.35;42.06;-5.25;30.06
1787986403117444,139099,0,255,88,-0.06,5.79,23.37,-7.41;39.8;0.59;-8.35;39.18;0.59;12.35;34.16;0.35;12.35;33.53;0.35;42.06;-5.25;30.06
1787986403135520,139108,0,255,88,-0.06,5.79,23.37,-7.41;39.8;0.59;-8.35;39.18;0.59;12.35;34.16;0.35;12.35;33.53;0.35;42.06;-5.25;30.06
1787986403155017,139117,0,255,88,-0.06,5.79,23.37,-7.41;39.8;0.59;-8.35;39.18;0.59;12.35;34.16;0.35;12.35;33.53;0.35;42.06;-5.25;30.06
1787986403176050,139126,0,255,88,-0.06,5.79,23.37,-7.41;39.8;0.59;-8.35;39.18;0.59;12.35;34.16;0.35;12.35;33.53;0.35;42.06;-5.25;30.06
1787986403196784,139135,0,255,88,-0.06,5.79,23.37,-7.41;39.8;0.59;-8.35;39.18;0.59;12.35;34.16;0.35;12.35;33.53;0.35;42.06;-5.25;30.06
1787986403214364,139144,0,255,88,-0.06,5.79,23.37,-7.41;39.8;0.59;-8.35;39.18;0.59;12.35;34.16;0.35;12.35;33.53;0.35;42.06;-5.25;30.06
1787986403342015,139153,0,255,88,-0.06,5.79,23.37,-7.41;39.8;0.59;-8.35;39.18;0.59;12.35;34.16;0.35;12.35;33.53;0.35;42.06;-5.25;30.06
1787986403343029,139155,0,255,88,-0.06,5.79,23.37,-7.41;39.8;0.59;-8.35;39.18;0.59;12.35;34.16;0.35;12.35;33.53;0.35;42.06;-5.25;30.06
1787986403343853,139157,0,255,88,-0.06,5.79,23.37,-7.41;39.8;0.59;-8.35;39.18;0.59;12.35;34.16;0.35;12.35;33.53;0.35;42.06;-5.25;30.06
1787986403344778,139159,0,255,88,-0.06,5.79,23.37,-7.41;39.8;0.59;-8.35;39.18;0.59;12.35;34.16;0.35;12.35;33.53;0.35;42.06;-5.25;30.06
1787986403345775,139161,0,255,88,-0.06,5.79,23.37,-7.41;39.8;0.59;-8.35;39.18;0.59;12.35;34.16;0.35;12.35;33.53;0.35;42.06;-5.25;30.06
1787986403346567,139163,0,255,88,-0.06,5.79,23.37,-7.41;39.8;0.59;-8.35;39.18;0.59;12.35;34.16;0.35;12.35;33.53;0.35;42.06;-5.25;30.06
1787986403354201,139207,0,255,88,-0.06,5.79,23.37,-7.41;39.8;0.59;-8.35;39.18;0.59;12.35;34.16;0.35;12.35;33.53;0.35;42.06;-5.25;30.06
1787986403375753,139216,0,255,88,-0.06,5.79,23.37,-7.41;39.8;0.59;-8.35;39.18;0.59;12.35;34.16;0.35;12.35;33.53;0.35;42.06;-5.25;30.06
1787986403397993,139225,0,255,88,-0.06,5.79,23.37,-7.41;39.8;0.59;-8.35;39.18;0.59;12.35;34.16;0.35;12.35;33.53;0.35;42.06;-5.25;30.06
1787986403418427,139234,0,255,88,-0.06,5.79,23.37,-7.41;39.8;0.59;-8.35;39.18;0.59;12.35;34.16;0.35;12.35;33.53;0.35;42.06;-5.25;30.06
1787986403435465,139243,0,255,88,-0.06,5.79,23.37,-7.41;39.8;0.59;-8.35;39.18;0.59;12.35;34.16;0.35;12.35;33.53;0.35;42.06;-5.25;30.06
1787986403573032,139252,0,255,88,-0.06,5.79,23.37,-7.41;39.8;0.59;-8.35;39.18;0.59;12.35;34.16;0.35;12.35;33.53;0.35;42.06;-5.25;30.06
1787986403575468,139254,0,255,88,-0.06,5.79,23.37,-7.41;39.8;0.59;-8.35;39.18;0.59;12.35;34.16;0.35;12.35;33.53;0.35;42.06;-5.25;30.06
1787986403577035,139256,0,255,88,-0.06,5.79,23.37,-7.41;39.8;0.59;-8.35;39.18;0.59;12.35;34.16;0.35;12.35;33.53;0.35;42.06;-5.25;30.06
1787986403578412,139258,0,255,88,-0.06,5.79,23.37,-7.41;39.8;0.59;-8.35;39.18;0.59;12.35;34.16;0.35;12.35;33.53;0.35;42.06;-5.25;30.06
1787986403579738,139260,0,255,88,-0.06,5.79,23.37,-7.41;39.8;0.59;-8.35;39.18;0.59;12.35;34.16;0.35;12.35;33.53;0.35;42.06;-5.25;30.06
1787986403580551,139262,0,255,88,-0.06,5.79,23.37,-7.41;39.8;0.59;-8.35;39.18;0.59;12.35;34.16;0.35;12.35;33.53;0.35;42.06;-5.25;30.06
1787986403581044,139264,0,255,88,-0.06,5.79,23.37,-7.41;39.8;0.59;-8.35;39.18;0.59;12.35;34.16;0.35;12.35;33.53;0.35;42.06;-5.25;30.06
1787986403595586,139315,0,255,88,-0.06,5.79,23.37,-7.41;39.8;0.59;-8.35;39.18;0.59;12.35;34.16;0.35;12.35;33.53;0.35;42.06;-5.25;30.06
1787986403615869,139324,0,255,88,-0.06,5.79,23.37,-7.41;39.8;0.59;-8.35;39.18;0.59;12.35;34.16;0.35;12.35;33.53;0.35;42.06;-5.25;30.06
1787986403635959,139333,0,255,88,-0.06,5.79,23.37,-7.41;39.8;0.59;-8.35;39.18;0.59;12.35;34.16;0.35;12.35;33.53;0.35;42.06;-5.25;30.06
1787986403653677,139342,0,255,88,-0.06,5.79,23.37,-7.41;39.8;0.59;-8.35;39.18;0.59;12.35;34.16;0.35;12.35;33.53;0.35;42.06;-5.25;30.06
1787986403675133,139351,0,255,88,-0.06,5.79,23.37,-7.41;39.8;0.59;-8.35;39.18;0.59;12.35;34.16;0.35;12.35;33.53;0.35;42.06;-5.25;30.06
1787986403696551,139353,0,255,88,-0.06,5.79,23.37,-7.41;39.8;0.59;-8.35;39.18;0.59;12.35;34.16;0.35;12.35;33.53;0.35;42.06;-5.25;30.06
1787986403714090,139369,0,255,88,-0.06,5.79,23.37,-7.41;39.8;0.59;-8.35;39.18;0.59;12.35;34.16;0.35;12.35;33.53;0.35;42.06;-5.25;30.06
1787986403743066,139378,0,255,88,-0.06,5.79,23.37,-7.41;39.8;0.59;-8.35;39.18;0.59;12.35;34.16;0.35;12.35;33.53;0.35;42.06;-5.25;30.06
1787986403756904,139387,0,255,88,-0.06,5.79,23.37,-7.41;39.8;0.59;-8.35;39.18;0.59;12.35;34.16;0.35;12.35;33.53;0.35;42.06;-5.25;30.06
1787986403775670,139396,0,255,88,-0.06,5.79,23.37,-7.41;39.8;0.59;-8.35;39.18;0.59;12.35;34.16;0.35;12.35;33.53;0.35;42.06;-5.25;30.06
1787986403793857,139405,0,255,88,-0.06,5.79,23.37,-7.41;39.8;0.59;-8.35;39.18;0.59;12.35;34.16;0.35;12.35;33.53;0.35;42.06;-5.25;30.06
1787986403922593,139407,0,255,88,-0.06,5.79,23.37,-7.41;39.8;0.59;-8.35;39.18;0.59;12.35;34.16;0.35;12.35;33.53;0.35;42.06;-5.25;30.06
1787986403924031,139410,0,255,88,-0.06,5.79,23.37,-7.41;39.8;0.59;-8.35;39.18;0.59;12.35;34.16;0.35;12.35;33.53;0.35;42.06;-5.25;30.06
1787986403925530,139412,0,255,87,0.08,5.9,23.35,-7.41;39.18;0.59;-8.35;39.18;0.59;12.35;34.16;0.35;12.35;33.53;0.35;42.06;-5.25;30.06
1787986403926799,139414,0,255,87,0.08,5.9,23.35,-7.41;39.18;0.59;-8.35;39.18;0.59;12.35;34.16;0.35;12.35;33.53;0.35;42.06;-5.25;30.06
1787986403932450,139416,0,255,87,0.08,5.9,23.35,-7.41;39.18;0.59;-8.35;39.18;0.59;12.35;34.16;0.35;12.35;33.53;0.35;42.06;-5.25;30.06
1787986403933698,139418,0,255,87,0.08,5.9,23.35,-7.41;39.18;0.59;-8.35;39.18;0.59;12.35;34.16;0.35;12.35;33.53;0.35;42.06;-5.25;30.06
1787986403940350,139469,0,255,87,0.08,5.9,23.35,-7.41;39.18;0.59;-8.35;39.18;0.59;12.35;34.16;0.35;12.35;33.53;0.35;42.06;-5.25;30.06
1787986403954152,139478,0,255,87,0.08,5.9,23.35,-7.41;39.18;0.59;-8.35;39.18;0.59;12.35;34.16;0.35;12.35;33.53;0.35;42.06;-5.25;30.06
1787986403976082,139487,0,255,87,0.08,5.9,23.35,-7.41;39.18;0.59;-8.35;39.18;0.59;12.35;34.16;0.35;12.35;33.53;0.35;42.06;-5.25;30.06
1787986403995150,139496,0,255,87,0.08,5.9,23.35,-7.41;39.18;0.59;-8.35;39.18;0.59;12.35;34.16;0.35;12.35;33.53;0.35;42.06;-5.25;30.06
1787986404016889,139505,0,255,87,0.08,5.9,23.35,-7.41;39.18;0.59;-8.35;39.18;0.59;12.35;34.16;0.35;12.35;33.53;0.35;42.06;-5.25;30.06
1787986404036402,139514,0,255,87,0.08,5.9,23.35,-7.41;39.18;0.59;-8.35;39.18;0.59;12.35;34.16;0.35;12.35;33.53;0.35;42.06;-5.25;30.06
1787986404060098,139516,0,255,87,0.08,5.9,23.35,-7.41;39.18;0.59;-8.35;39.18;0.59;12.35;34.16;0.35;12.35;33.53;0.35;42.06;-5.25;30.06
1787986404075411,139532,0,255,87,0.08,5.9,23.35,-7.41;39.18;0.59;-8.35;39.18;0.59;12.35;34.16;0.35;12.35;33.53;0.35;42.06;-5.25;30.06
1787986404094772,139541,0,255,87,0.08,5.9,23.35,-7.41;39.18;0.59;-8.35;39.18;0.59;12.35;34.16;0.35;12.35;33.53;0.35;42.06;-5.25;30.06
1787986404115359,139550,0,255,87,0.08,5.9,23.35,-7.41;39.18;0.59;-8.35;39.18;0.59;12.35;34.16;0.35;12.35;33.53;0.35;42.06;-5.25;30.06
1787986404138480,139559,0,255,87,0.08,5.9,23.35,-7.41;39.18;0.59;-8.35;39.18;0.59;12.35;34.16;0.35;12.35;33.53;0.35;42.06;-5.25;30.06
1787986404154632,139568,0,255,87,0.08,5.9,23.35,-7.41;39.18;0.59;-8.35;39.18;0.59;12.35;34.16;0.35;12.35;33.53;0.35;42.06;-5.25;30.06
1787986404175149,139577,0,255,87,0.08,5.9,23.35,-7.41;39.18;0.59;-8.35;39.18;0.59;12.35;34.16;0.35;12.35;33.53;0.35;42.06;-5.25;30.06
1787986404196897,139586,0,255,87,0.08,5.9,23.35,-7.41;39.18;0.59;-8.35;39.18;0.59;12.35;34.16;0.35;12.35;33.53;0.35;42.06;-5.25;30.06
1787986404215256,139595,0,255,87,0.08,5.9,23.35,-7.41;39.18;0.59;-8.35;39.18;0.59;12.35;34.16;0.35;12.35;33.53;0.35;42.06;-5.25;30.06
1787986404235135,139604,0,255,87,0.08,5.9,23.35,-7.41;39.18;0.59;-8.35;39.18;0.59;12.35;34.16;0.35;12.35;33.53;0.35;42.06;-5.25;30.06
1787986404260401,139606,0,255,87,0.08,5.9,23.35,-7.41;39.18;0.59;-8.35;39.18;0.59;12.35;34.16;0.35;12.35;33.53;0.35;42.06;-5.25;30.06
1787986404275353,139622,0,255,87,0.08,5.9,23.35,-7.41;39.18;0.59;-8.35;39.18;0.59;12.35;34.16;0.35;12.35;33.53;0.35;42.06;-5.25;30.06
1787986404294580,139631,0,255,87,0.08,5.9,23.35,-7.41;39.18;0.59;-8.35;39.18;0.59;12.35;34.16;0.35;12.35;33.53;0.35;42.06;-5.25;30.06
1787986404313797,139640,0,255,87,0.08,5.9,23.35,-7.41;39.18;0.59;-8.35;39.18;0.59;12.35;34.16;0.35;12.35;33.53;0.35;42.06;-5.25;30.06
1787986404335513,139649,0,255,87,0.08,5.9,23.35,-7.41;39.18;0.59;-8.35;39.18;0.59;12.35;34.16;0.35;12.35;33.53;0.35;42.06;-5.25;30.06
1787986404354556,139658,0,255,87,0.08,5.9,23.35,-7.41;39.18;0.59;-8.35;39.18;0.59;12.35;34.16;0.35;12.35;33.53;0.35;42.06;-5.25;30.06
1787986404375289,139667,0,255,87,0.08,5.9,23.35,-7.41;39.18;0.59;-8.35;39.18;0.59;12.35;34.16;0.35;12.35;33.53;0.35;42.06;-5.25;30.06
1787986404395812,139676,0,255,87,0.08,5.9,23.35,-7.41;39.18;0.59;-8.35;39.18;0.59;12.35;34.16;0.35;12.35;33.53;0.35;42.06;-5.25;30.06
1787986404418596,139678,0,255,87,0.08,5.9,23.35,-7.41;39.18;0.59;-8.35;39.18;0.59;12.35;34.16;0.35;12.35;33.53;0.35;42.06;-5.25;30.06
1787986404437264,139694,0,255,87,0.08,5.9,23.35,-7.41;39.18;0.59;-8.35;39.18;0.59;12.35;34.16;0.35;12.35;33.53;0.35;42.06;-5.25;30.06
1787986404454493,139703,0,255,87,0.08,5.9,23.35,-7.41;39.18;0.59;-8.35;39.18;0.59;12.35;34.16;0.35;12.35;33.53;0.35;42.06;-5.25;30.06
1787986404474635,139712,0,255,87,0.08,5.9,23.35,-7.41;39.18;0.59;-8.35;39.18;0.59;12.35;34.16;0.35;12.35;33.53;0.35;42.06;-5.25;30.06
1787986404495176,139721,0,255,87,0.08,5.9,23.35,-7.41;39.18;0.59;-8.35;39.18;0.59;12.35;34.16;0.35;12.35;33.53;0.35;42.06;-5.25;30.06
1787986404515751,139730,0,255,87,0.08,5.9,23.35,-7.41;39.18;0.59;-8.35;39.18;0.59;12.35;34.16;0.35;12.35;33.53;0.35;42.06;-5.25;30.06
1787986404535148,139739,0,255,87,0.08,5.9,23.35,-7.41;39.18;0.59;-8.35;39.18;0.59;12.35;34.16;0.35;12.35;33.53;0.35;42.06;-5.25;30.06
1787986404554749,139748,0,255,87,0.08,5.9,23.35,-7.41;39.18;0.59;-8.35;39.18;0.59;12.35;34.16;0.35;12.35;33.53;0.35;42.06;-5.25;30.06
1787986404575775,139757,0,255,87,0.08,5.9,23.35,-7.41;39.18;0.59;-8.35;39.18;0.59;12.35;34.16;0.35;12.35;33.53;0.35;42.06;-5.25;30.06
1787986404594618,139766,0,255,87,0.08,5.9,23.35,-7.41;39.18;0.59;-8.35;39.18;0.59;12.35;34.16;0.35;12.35;33.53;0.35;42.06;-5.25;30.06
1787986404614213,139775,0,255,87,0.08,5.9,23.35,-7.41;39.18;0.59;-8.35;39.18;0.59;12.35;34.16;0.35;12.35;33.53;0.35;42.06;-5.25;30.06
1787986404635864,139784,0,255,87,0.08,5.9,23.35,-7.41;39.18;0.59;-8.35;39.18;0.59;12.35;34.16;0.35;12.35;33.53;0.35;42.06;-5.25;30.06
1787986404654581,139793,0,255,87,0.08,5.9,23.35,-7.41;39.18;0.59;-8.35;39.18;0.59;12.35;34.16;0.35;12.35;33.53;0.35;42.06;-5.25;30.06
1787986404674816,139802,0,255,87,0.08,5.9,23.35,-7.41;39.18;0.59;-8.35;39.18;0.59;12.35;34.16;0.35;12.35;33.53;0.35;42.06;-5.25;30.06
1787986404694957,139811,0,255,87,0.08,5.9,23.35,-7.41;39.18;0.59;-8.35;39.18;0.59;12.35;34.16;0.35;12.35;33.53;0.35;42.06;-5.25;30.06
1787986404718720,139820,0,255,87,0.08,5.9,23.35,-7.41;39.18;0.59;-8.35;39.18;0.59;12.35;34.16;0.35;12.35;33.53;0.35;42.06;-5.25;30.06
1787986404735616,139829,0,255,87,0.08,5.9,23.35,-7.41;39.18;0.59;-8.35;39.18;0.59;12.35;34.16;0.35;12.35;33.53;0.35;42.06;-5.25;30.06
1787986404756362,139838,0,255,87,0.08,5.9,23.35,-7.41;39.18;0.59;-8.35;39.18;0.59;12.35;34.16;0.35;12.35;33.53;0.35;42.06;-5.25;30.06
1787986404775242,139847,0,255,87,0.08,5.9,23.35,-7.41;39.18;0.59;-8.35;39.18;0.59;12.35;34.16;0.35;12.35;33.53;0.35;42.06;-5.25;30.06
1787986404796398,139856,0,255,87,0.08,5.9,23.35,-7.41;39.18;0.59;-8.35;39.18;0.59;12.35;34.16;0.35;12.35;33.53;0.35;42.06;-5.25;30.06
1787986404814659,139865,0,255,87,0.08,5.9,23.35,-7.41;39.18;0.59;-8.35;39.18;0.59;12.35;34.16;0.35;12.35;33.53;0.35;42.06;-5.25;30.06
1787986404836107,139875,0,255,87,0.08,5.9,23.35,-7.41;39.18;0.59;-8.35;39.18;0.59;12.35;34.16;0.35;12.35;33.53;0.35;42.06;-5.25;30.06
1787986404857557,139884,0,255,87,0.08,5.9,23.35,-7.41;39.18;0.59;-8.35;39.18;0.59;12.35;34.16;0.35;12.35;33.53;0.35;42.06;-5.25;30.06
1787986404874799,139893,0,255,88,0.04,5.89,23.41,-7.41;39.18;0.59;-7.88;39.18;0.59;12.35;34.16;0.35;12.35;33.53;0.35;42.06;-5.25;30.06
1787986404894949,139902,0,255,88,0.04,5.89,23.41,-7.41;39.18;0.59;-7.88;39.18;0.59;12.35;34.16;0.35;12.35;33.53;0.35;42.06;-5.25;30.06
1787986404917924,139911,0,255,88,0.04,5.89,23.41,-7.41;39.18;0.59;-7.88;39.18;0.59;12.35;34.16;0.35;12.35;33.53;0.35;42.06;-5.25;30.06
1787986404934717,139920,0,255,88,0.04,5.89,23.41,-7.41;39.18;0.59;-7.88;39.18;0.59;12.35;34.16;0.35;12.35;33.53;0.35;42.06;-5.25;30.06
1787986404953521,139929,0,255,88,0.04,5.89,23.41,-7.41;39.18;0.59;-7.88;39.18;0.59;12.35;34.16;0.35;12.35;33.53;0.35;42.06;-5.25;30.06
1787986404974601,139938,0,255,88,0.04,5.89,23.41,-7.41;39.18;0.59;-7.88;39.18;0.59;12.35;34.16;0.35;12.35;33.53;0.35;42.06;-5.25;30.06
1787986404995386,139947,0,255,88,0.04,5.89,23.41,-7.41;39.18;0.59;-7.88;39.18;0.59;12.35;34.16;0.35;12.35;33.53;0.35;42.06;-5.25;30.06
1787986405024550,139956,0,255,88,0.04,5.89,23.41,-7.41;39.18;0.59;-7.88;39.18;0.59;12.35;34.16;0.35;12.35;33.53;0.35;42.06;-5.25;30.06
1787986405034900,139965,0,255,88,0.04,5.89,23.41,-7.41;39.18;0.59;-7.88;39.18;0.59;12.35;34.16;0.35;12.35;33.53;0.35;42.06;-5.25;30.06
1787986405054840,139974,0,255,88,0.04,5.89,23.41,-7.41;39.18;0.59;-7.88;39.18;0.59;12.35;34.16;0.35;12.35;33.53;0.35;42.06;-5.25;30.06
1787986405075849,139983,0,255,88,0.04,5.89,23.41,-7.41;39.18;0.59;-7.88;39.18;0.59;12.35;34.16;0.35;12.35;33.53;0.35;42.06;-5.25;30.06
1787986405095140,139992,0,255,88,0.04,5.89,23.41,-7.41;39.18;0.59;-7.88;39.18;0.59;12.35;34.16;0.35;12.35;33.53;0.35;42.06;-5.25;30.06
1787986405116152,139994,0,255,88,0.04,5.89,23.41,-7.41;39.18;0.59;-7.88;39.18;0.59;12.35;34.16;0.35;12.35;33.53;0.35;42.06;-5.25;30.06
1787986405142822,140003,0,255,88,0.04,5.89,23.41,-7.41;39.18;0.59;-7.88;39.18;0.59;12.35;34.16;0.35;12.35;33.53;0.35;42.06;-5.25;30.06
1787986405154579,140019,0,255,88,0.04,5.89,23.41,-7.41;39.18;0.59;-7.88;39.18;0.59;12.35;34.16;0.35;12.35;33.53;0.35;42.06;-5.25;30.06
1787986405174939,140028,0,255,88,0.04,5.89,23.41,-7.41;39.18;0.59;-7.88;39.18;0.59;12.35;34.16;0.35;12.35;33.53;0.35;42.06;-5.25;30.06
1787986405194531,140037,0,255,88,0.04,5.89,23.41,-7.41;39.18;0.59;-7.88;39.18;0.59;12.35;34.16;0.35;12.35;33.53;0.35;42.06;-5.25;30.06
1787986405215232,140046,0,255,88,0.04,5.89,23.41,-7.41;39.18;0.59;-7.88;39.18;0.59;12.35;34.16;0.35;12.35;33.53;0.35;42.06;-5.25;30.06
1787986405235103,140055,0,255,88,0.04,5.89,23.41,-7.41;39.18;0.59;-7.88;39.18;0.59;12.35;34.16;0.35;12.35;33.53;0.35;42.06;-5.25;30.06
1787986405257139,140064,0,255,88,0.04,5.89,23.41,-7.41;39.18;0.59;-7.88;39.18;0.59;12.35;34.16;0.35;12.35;33.53;0.35;42.06;-5.25;30.06
1787986405275377,140073,0,255,88,0.04,5.89,23.41,-7.41;39.18;0.59;-7.88;39.18;0.59;12.35;34.16;0.35;12.35;33.53;0.35;42.06;-5.25;30.06
1787986405295092,140082,0,255,88,0.04,5.89,23.41,-7.41;39.18;0.59;-7.88;39.18;0.59;12.35;34.16;0.35;12.35;33.53;0.35;42.06;-5.25;30.06
1787986405315366,140091,0,255,88,0.04,5.89,23.41,-7.41;39.18;0.59;-7.88;39.18;0.59;12.35;34.16;0.35;12.35;33.53;0.35;42.06;-5.25;30.06
1787986405334620,140100,0,255,88,0.04,5.89,23.41,-7.41;39.18;0.59;-7.88;39.18;0.59;12.35;34.16;0.35;12.35;33.53;0.35;42.06;-5.25;30.06
1787986405355291,140109,0,255,88,0.04,5.89,23.41,-7.41;39.18;0.59;-7.88;39.18;0.59;12.35;34.16;0.35;12.35;33.53;0.35;42.06;-5.25;30.06
1787986405375660,140118,0,255,88,0.04,5.89,23.41,-7.41;39.18;0.59;-7.88;39.18;0.59;12.35;34.16;0.35;12.35;33.53;0.35;42.06;-5.25;30.06
1787986405395268,140127,0,255,88,0.04,5.89,23.41,-7.41;39.18;0.59;-7.88;39.18;0.59;12.35;34.16;0.35;12.35;33.53;0.35;42.06;-5.25;30.06
1787986405415033,140136,0,255,88,0.04,5.89,23.41,-7.41;39.18;0.59;-7.88;39.18;0.59;12.35;34.16;0.35;12.35;33.53;0.35;42.06;-5.25;30.06
1787986405434827,140145,0,255,88,0.04,5.89,23.41,-7.41;39.18;0.59;-7.88;39.18;0.59;12.35;34.16;0.35;12.35;33.53;0.35;42.06;-5.25;30.06
1787986405455853,140154,0,255,88,0.04,5.89,23.41,-7.41;39.18;0.59;-7.88;39.18;0.59;12.35;34.16;0.35;12.35;33.53;0.35;42.06;-5.25;30.06
1787986405475886,140163,0,255,88,0.04,5.89,23.41,-7.41;39.18;0.59;-7.88;39.18;0.59;12.35;34.16;0.35;12.35;33.53;0.35;42.06;-5.25;30.06
1787986405494941,140172,0,255,88,0.04,5.89,23.41,-7.41;39.18;0.59;-7.88;39.18;0.59;12.35;34.16;0.35;12.35;33.53;0.35;42.06;-5.25;30.06
1787986405519597,140174,0,255,88,0.04,5.89,23.41,-7.41;39.18;0.59;-7.88;39.18;0.59;12.35;34.16;0.35;12.35;33.53;0.35;42.06;-5.25;30.06
1787986405534591,140190,0,255,88,0.04,5.89,23.41,-7.41;39.18;0.59;-7.88;39.18;0.59;12.35;34.16;0.35;12.35;33.53;0.35;42.06;-5.25;30.06
1787986405554139,140199,0,255,88,0.04,5.89,23.41,-7.41;39.18;0.59;-7.88;39.18;0.59;12.35;34.16;0.35;12.35;33.53;0.35;42.06;-5.25;30.06
1787986405576762,140208,0,255,88,0.04,5.89,23.41,-7.41;39.18;0.59;-7.88;39.18;0.59;12.35;34.16;0.35;12.35;33.53;0.35;42.06;-5.25;30.06
1787986405596425,140217,0,255,88,0.04,5.89,23.41,-7.41;39.18;0.59;-7.88;39.18;0.59;12.35;34.16;0.35;12.35;33.53;0.35;42.06;-5.25;30.06
1787986405614436,140226,0,255,88,0.04,5.89,23.41,-7.41;39.18;0.59;-7.88;39.18;0.59;12.35;34.16;0.35;12.35;33.53;0.35;42.06;-5.25;30.06
1787986405635856,140235,0,255,88,0.04,5.89,23.41,-7.41;39.18;0.59;-7.88;39.18;0.59;12.35;34.16;0.35;12.35;33.53;0.35;42.06;-5.25;30.06
1787986405655289,140244,0,255,88,0.04,5.89,23.41,-7.41;39.18;0.59;-7.88;39.18;0.59;12.35;34.16;0.35;12.35;33.53;0.35;42.06;-5.25;30.06
1787986405674657,140253,0,255,88,0.04,5.89,23.41,-7.41;39.18;0.59;-7.88;39.18;0.59;12.35;34.16;0.35;12.35;33.53;0.35;42.06;-5.25;30.06
1787986405694760,140262,0,255,88,0.04,5.89,23.41,-7.41;39.18;0.59;-7.88;39.18;0.59;12.35;34.16;0.35;12.35;33.53;0.35;42.06;-5.25;30.06
1787986405715328,140271,0,255,88,0.04,5.89,23.41,-7.41;39.18;0.59;-7.88;39.18;0.59;12.35;34.16;0.35;12.35;33.53;0.35;42.06;-5.25;30.06
1787986405736217,140280,0,255,88,0.04,5.89,23.41,-7.41;39.18;0.59;-7.88;39.18;0.59;12.35;34.16;0.35;12.35;33.53;0.35;42.06;-5.25;30.06
1787986405757273,140289,0,255,88,0.04,5.89,23.41,-7.41;39.18;0.59;-7.88;39.18;0.59;12.35;34.16;0.35;12.35;33.53;0.35;42.06;-5.25;30.06
1787986405774035,140298,0,255,88,0.04,5.89,23.41,-7.41;39.18;0.59;-7.88;39.18;0.59;12.35;34.16;0.35;12.35;33.53;0.35;42.06;-5.25;30.06
1787986405795536,140307,0,255,88,0.04,5.89,23.41,-7.41;39.18;0.59;-7.88;39.18;0.59;12.35;34.16;0.35;12.35;33.53;0.35;42.06;-5.25;30.06
1787986405815572,140316,0,255,88,0.04,5.89,23.41,-7.41;39.18;0.59;-7.88;39.18;0.59;12.35;34.16;0.35;12.35;33.53;0.35;42.06;-5.25;30.06
1787986405834840,140326,0,255,88,0.04,5.89,23.41,-7.41;39.18;0.59;-7.88;39.18;0.59;12.35;34.16;0.35;12.35;33.53;0.35;42.06;-5.25;30.06
1787986405855958,140335,0,255,88,0.04,5.89,23.41,-7.41;39.18;0.59;-7.88;39.18;0.59;12.35;34.16;0.35;12.35;33.53;0.35;42.06;-5.25;30.06
1787986405876001,140344,0,255,87,4.95,9.01,22.47,-6.47;39.8;1.06;-15.88;39.18;0.59;11.88;34.16;1.53;9.06;34.78;-0.35;42.06;-5.25;30.06
1787986405894629,140353,0,255,87,4.95,9.01,22.47,-6.47;39.8;1.06;-15.88;39.18;0.59;11.88;34.16;1.53;9.06;34.78;-0.35;42.06;-5.25;30.06
1787986405915134,140362,0,255,87,4.95,9.01,22.47,-6.47;39.8;1.06;-15.88;39.18;0.59;11.88;34.16;1.53;9.06;34.78;-0.35;42.06;-5.25;30.06
1787986405934418,140371,0,255,87,4.95,9.01,22.47,-6.47;39.8;1.06;-15.88;39.18;0.59;11.88;34.16;1.53;9.06;34.78;-0.35;42.06;-5.25;30.06
1787986405955813,140380,0,255,87,4.95,9.01,22.47,-6.47;39.8;1.06;-15.88;39.18;0.59;11.88;34.16;1.53;9.06;34.78;-0.35;42.06;-5.25;30.06
1787986405975379,140389,0,255,87,4.95,9.01,22.47,-6.47;39.8;1.06;-15.88;39.18;0.59;11.88;34.16;1.53;9.06;34.78;-0.35;42.06;-5.25;30.06
1787986405994425,140398,0,255,87,4.95,9.01,22.47,-6.47;39.8;1.06;-15.88;39.18;0.59;11.88;34.16;1.53;9.06;34.78;-0.35;42.06;-5.25;30.06
1787986406015698,140407,0,255,87,4.95,9.01,22.47,-6.47;39.8;1.06;-15.88;39.18;0.59;11.88;34.16;1.53;9.06;34.78;-0.35;42.06;-5.25;30.06
1787986406034991,140416,0,255,87,4.95,9.01,22.47,-6.47;39.8;1.06;-15.88;39.18;0.59;11.88;34.16;1.53;9.06;34.78;-0.35;42.06;-5.25;30.06
1787986406057221,140425,0,255,87,4.95,9.01,22.47,-6.47;39.8;1.06;-15.88;39.18;0.59;11.88;34.16;1.53;9.06;34.78;-0.35;42.06;-5.25;30.06
1787986406074836,140434,0,255,87,4.95,9.01,22.47,-6.47;39.8;1.06;-15.88;39.18;0.59;11.88;34.16;1.53;9.06;34.78;-0.35;42.06;-5.25;30.06
1787986406094903,140443,0,255,87,4.95,9.01,22.47,-6.47;39.8;1.06;-15.88;39.18;0.59;11.88;34.16;1.53;9.06;34.78;-0.35;42.06;-5.25;30.06
1787986406114682,140452,0,255,87,4.95,9.01,22.47,-6.47;39.8;1.06;-15.88;39.18;0.59;11.88;34.16;1.53;9.06;34.78;-0.35;42.06;-5.25;30.06
1787986406134895,140461,0,255,87,4.95,9.01,22.47,-6.47;39.8;1.06;-15.88;39.18;0.59;11.88;34.16;1.53;9.06;34.78;-0.35;42.06;-5.25;30.06
1787986406154828,140470,0,255,87,4.95,9.01,22.47,-6.47;39.8;1.06;-15.88;39.18;0.59;11.88;34.16;1.53;9.06;34.78;-0.35;42.06;-5.25;30.06
1787986406176409,140479,0,255,87,4.95,9.01,22.47,-6.47;39.8;1.06;-15.88;39.18;0.59;11.88;34.16;1.53;9.06;34.78;-0.35;42.06;-5.25;30.06
1787986406194154,140488,0,255,87,4.95,9.01,22.47,-6.47;39.8;1.06;-15.88;39.18;0.59;11.88;34.16;1.53;9.06;34.78;-0.35;42.06;-5.25;30.06
1787986406214716,140497,0,255,87,4.95,9.01,22.47,-6.47;39.8;1.06;-15.88;39.18;0.59;11.88;34.16;1.53;9.06;34.78;-0.35;42.06;-5.25;30.06
1787986406235839,140506,0,255,87,4.95,9.01,22.47,-6.47;39.8;1.06;-15.88;39.18;0.59;11.88;34.16;1.53;9.06;34.78;-0.35;42.06;-5.25;30.06
1787986406254836,140515,0,255,87,4.95,9.01,22.47,-6.47;39.8;1.06;-15.88;39.18;0.59;11.88;34.16;1.53;9.06;34.78;-0.35;42.06;-5.25;30.06
1787986406277009,140524,0,255,87,4.95,9.01,22.47,-6.47;39.8;1.06;-15.88;39.18;0.59;11.88;34.16;1.53;9.06;34.78;-0.35;42.06;-5.25;30.06
1787986406294821,140533,0,255,87,4.95,9.01,22.47,-6.47;39.8;1.06;-15.88;39.18;0.59;11.88;34.16;1.53;9.06;34.78;-0.35;42.06;-5.25;30.06
1787986406315224,140542,0,255,87,4.95,9.01,22.47,-6.47;39.8;1.06;-15.88;39.18;0.59;11.88;34.16;1.53;9.06;34.78;-0.35;42.06;-5.25;30.06
1787986406335235,140551,0,255,87,4.95,9.01,22.47,-6.47;39.8;1.06;-15.88;39.18;0.59;11.88;34.16;1.53;9.06;34.78;-0.35;42.06;-5.25;30.06
1787986406354555,140560,0,255,87,4.95,9.01,22.47,-6.47;39.8;1.06;-15.88;39.18;0.59;11.88;34.16;1.53;9.06;34.78;-0.35;42.06;-5.25;30.06
1787986406374484,140569,0,255,87,4.95,9.01,22.47,-6.47;39.8;1.06;-15.88;39.18;0.59;11.88;34.16;1.53;9.06;34.78;-0.35;42.06;-5.25;30.06
1787986406395405,140578,0,255,87,4.95,9.01,22.47,-6.47;39.8;1.06;-15.88;39.18;0.59;11.88;34.16;1.53;9.06;34.78;-0.35;42.06;-5.25;30.06
1787986406415066,140587,0,255,87,4.95,9.01,22.47,-6.47;39.8;1.06;-15.88;39.18;0.59;11.88;34.16;1.53;9.06;34.78;-0.35;42.06;-5.25;30.06
1787986406434854,140596,0,255,87,4.95,9.01,22.47,-6.47;39.8;1.06;-15.88;39.18;0.59;11.88;34.16;1.53;9.06;34.78;-0.35;42.06;-5.25;30.06
1787986406455207,140605,0,255,87,4.95,9.01,22.47,-6.47;39.8;1.06;-15.88;39.18;0.59;11.88;34.16;1.53;9.06;34.78;-0.35;42.06;-5.25;30.06
1787986406475684,140614,0,255,87,4.95,9.01,22.47,-6.47;39.8;1.06;-15.88;39.18;0.59;11.88;34.16;1.53;9.06;34.78;-0.35;42.06;-5.25;30.06
1787986406494131,140623,0,255,87,4.95,9.01,22.47,-6.47;39.8;1.06;-15.88;39.18;0.59;11.88;34.16;1.53;9.06;34.78;-0.35;42.06;-5.25;30.06
1787986406519521,140632,0,255,87,4.95,9.01,22.47,-6.47;39.8;1.06;-15.88;39.18;0.59;11.88;34.16;1.53;9.06;34.78;-0.35;42.06;-5.25;30.06
1787986406535437,140641,0,255,87,4.95,9.01,22.47,-6.47;39.8;1.06;-15.88;39.18;0.59;11.88;34.16;1.53;9.06;34.78;-0.35;42.06;-5.25;30.06
1787986406555621,140650,0,255,87,4.95,9.01,22.47,-6.47;39.8;1.06;-15.88;39.18;0.59;11.88;34.16;1.53;9.06;34.78;-0.35;42.06;-5.25;30.06
1787986406577383,140659,0,255,87,4.95,9.01,22.47,-6.47;39.8;1.06;-15.88;39.18;0.59;11.88;34.16;1.53;9.06;34.78;-0.35;42.06;-5.25;30.06
1787986406594058,140668,0,255,87,4.95,9.01,22.47,-6.47;39.8;1.06;-15.88;39.18;0.59;11.88;34.16;1.53;9.06;34.78;-0.35;42.06;-5.25;30.06
1787986406616776,140677,0,255,87,4.95,9.01,22.47,-6.47;39.8;1.06;-15.88;39.18;0.59;11.88;34.16;1.53;9.06;34.78;-0.35;42.06;-5.25;30.06
1787986406635966,140686,0,255,87,4.95,9.01,22.47,-6.47;39.8;1.06;-15.88;39.18;0.59;11.88;34.16;1.53;9.06;34.78;-0.35;42.06;-5.25;30.06
1787986406654906,140695,0,255,87,4.95,9.01,22.47,-6.47;39.8;1.06;-15.88;39.18;0.59;11.88;34.16;1.53;9.06;34.78;-0.35;42.06;-5.25;30.06
1787986406677553,140704,0,255,87,4.95,9.01,22.47,-6.47;39.8;1.06;-15.88;39.18;0.59;11.88;34.16;1.53;9.06;34.78;-0.35;42.06;-5.25;30.06
1787986406694869,140713,0,255,87,4.95,9.01,22.47,-6.47;39.8;1.06;-15.88;39.18;0.59;11.88;34.16;1.53;9.06;34.78;-0.35;42.06;-5.25;30.06
1787986406715246,140715,0,255,87,4.95,9.01,22.47,-6.47;39.8;1.06;-15.88;39.18;0.59;11.88;34.16;1.53;9.06;34.78;-0.35;42.06;-5.25;30.06
1787986406734264,140731,0,255,87,4.95,9.01,22.47,-6.47;39.8;1.06;-15.88;39.18;0.59;11.88;34.16;1.53;9.06;34.78;-0.35;42.06;-5.25;30.06
1787986406754355,140740,0,255,87,4.95,9.01,22.47,-6.47;39.8;1.06;-15.88;39.18;0.59;11.88;34.16;1.53;9.06;34.78;-0.35;42.06;-5.25;30.06
1787986406774633,140749,0,255,87,4.95,9.01,22.47,-6.47;39.8;1.06;-15.88;39.18;0.59;11.88;34.16;1.53;9.06;34.78;-0.35;42.06;-5.25;30.06
1787986406795471,140758,0,255,87,4.95,9.01,22.47,-6.47;39.8;1.06;-15.88;39.18;0.59;11.88;34.16;1.53;9.06;34.78;-0.35;42.06;-5.25;30.06
1787986406814762,140767,0,255,87,4.95,9.01,22.47,-6.47;39.8;1.06;-15.88;39.18;0.59;11.88;34.16;1.53;9.06;34.78;-0.35;42.06;-5.25;30.06
1787986406836201,140777,0,255,87,4.95,9.01,22.47,-6.47;39.8;1.06;-15.88;39.18;0.59;11.88;34.16;1.53;9.06;34.78;-0.35;42.06;-5.25;30.06
1787986406856012,140786,0,255,87,4.95,9.01,22.47,-6.47;39.8;1.06;-15.88;39.18;0.59;11.88;34.16;1.53;9.06;34.78;-0.35;42.06;-5.25;30.06
1787986406874139,140795,0,255,87,1.61,4.29,23.51,-18.24;58.63;-0.59;-7.41;36.67;1.76;-1.29;54.86;0.35;9.53;27.88;1.76;42.57;-3.73;29.29
1787986406898929,140804,0,255,87,1.61,4.29,23.51,-18.24;58.63;-0.59;-7.41;36.67;1.76;-1.29;54.86;0.35;9.53;27.88;1.76;42.57;-3.73;29.29
1787986406914689,140813,0,255,87,1.61,4.29,23.51,-18.24;58.63;-0.59;-7.41;36.67;1.76;-1.29;54.86;0.35;9.53;27.88;1.76;42.57;-3.73;29.29
1787986406934901,140822,0,255,87,1.61,4.29,23.51,-18.24;58.63;-0.59;-7.41;36.67;1.76;-1.29;54.86;0.35;9.53;27.88;1.76;42.57;-3.73;29.29
1787986406957766,140831,0,255,87,1.61,4.29,23.51,-18.24;58.63;-0.59;-7.41;36.67;1.76;-1.29;54.86;0.35;9.53;27.88;1.76;42.57;-3.73;29.29
1787986406975065,140840,0,255,87,1.61,4.29,23.51,-18.24;58.63;-0.59;-7.41;36.67;1.76;-1.29;54.86;0.35;9.53;27.88;1.76;42.57;-3.73;29.29
1787986406996438,140849,0,255,87,1.61,4.29,23.51,-18.24;58.63;-0.59;-7.41;36.67;1.76;-1.29;54.86;0.35;9.53;27.88;1.76;42.57;-3.73;29.29
1787986407015778,140858,0,255,87,1.61,4.29,23.51,-18.24;58.63;-0.59;-7.41;36.67;1.76;-1.29;54.86;0.35;9.53;27.88;1.76;42.57;-3.73;29.29
1787986407034929,140867,0,255,87,1.61,4.29,23.51,-18.24;58.63;-0.59;-7.41;36.67;1.76;-1.29;54.86;0.35;9.53;27.88;1.76;42.57;-3.73;29.29
1787986407057722,140876,0,255,87,1.61,4.29,23.51,-18.24;58.63;-0.59;-7.41;36.67;1.76;-1.29;54.86;0.35;9.53;27.88;1.76;42.57;-3.73;29.29
1787986407074565,140885,0,255,87,1.61,4.29,23.51,-18.24;58.63;-0.59;-7.41;36.67;1.76;-1.29;54.86;0.35;9.53;27.88;1.76;42.57;-3.73;29.29
1787986407094935,140894,0,255,87,1.61,4.29,23.51,-18.24;58.63;-0.59;-7.41;36.67;1.76;-1.29;54.86;0.35;9.53;27.88;1.76;42.57;-3.73;29.29
1787986407116745,140903,0,255,87,1.61,4.29,23.51,-18.24;58.63;-0.59;-7.41;36.67;1.76;-1.29;54.86;0.35;9.53;27.88;1.76;42.57;-3.73;29.29
1787986407135661,140912,0,255,87,1.61,4.29,23.51,-18.24;58.63;-0.59;-7.41;36.67;1.76;-1.29;54.86;0.35;9.53;27.88;1.76;42.57;-3.73;29.29
1787986407155075,140921,0,255,87,1.61,4.29,23.51,-18.24;58.63;-0.59;-7.41;36.67;1.76;-1.29;54.86;0.35;9.53;27.88;1.76;42.57;-3.73;29.29
1787986407177984,140930,0,255,87,1.61,4.29,23.51,-18.24;58.63;-0.59;-7.41;36.67;1.76;-1.29;54.86;0.35;9.53;27.88;1.76;42.57;-3.73;29.29
1787986407194124,140939,0,255,87,1.61,4.29,23.51,-18.24;58.63;-0.59;-7.41;36.67;1.76;-1.29;54.86;0.35;9.53;27.88;1.76;42.57;-3.73;29.29
1787986407214440,140948,0,255,87,1.61,4.29,23.51,-18.24;58.63;-0.59;-7.41;36.67;1.76;-1.29;54.86;0.35;9.53;27.88;1.76;42.57;-3.73;29.29
1787986407234220,140957,0,255,87,1.61,4.29,23.51,-18.24;58.63;-0.59;-7.41;36.67;1.76;-1.29;54.86;0.35;9.53;27.88;1.76;42.57;-3.73;29.29
1787986407255548,140966,0,255,87,1.61,4.29,23.51,-18.24;58.63;-0.59;-7.41;36.67;1.76;-1.29;54.86;0.35;9.53;27.88;1.76;42.57;-3.73;29.29
1787986407276023,140975,0,255,87,1.61,4.29,23.51,-18.24;58.63;-0.59;-7.41;36.67;1.76;-1.29;54.86;0.35;9.53;27.88;1.76;42.57;-3.73;29.29
1787986407295488,140984,0,255,87,1.61,4.29,23.51,-18.24;58.63;-0.59;-7.41;36.67;1.76;-1.29;54.86;0.35;9.53;27.88;1.76;42.57;-3.73;29.29
1787986407314839,140993,0,255,87,1.61,4.29,23.51,-18.24;58.63;-0.59;-7.41;36.67;1.76;-1.29;54.86;0.35;9.53;27.88;1.76;42.57;-3.73;29.29
1787986407336075,141002,0,255,87,1.61,4.29,23.51,-18.24;58.63;-0.59;-7.41;36.67;1.76;-1.29;54.86;0.35;9.53;27.88;1.76;42.57;-3.73;29.29
1787986407355745,141011,0,255,87,1.61,4.29,23.51,-18.24;58.63;-0.59;-7.41;36.67;1.76;-1.29;54.86;0.35;9.53;27.88;1.76;42.57;-3.73;29.29
1787986407374951,141020,0,255,87,1.61,4.29,23.51,-18.24;58.63;-0.59;-7.41;36.67;1.76;-1.29;54.86;0.35;9.53;27.88;1.76;42.57;-3.73;29.29
1787986407397801,141029,0,255,87,1.61,4.29,23.51,-18.24;58.63;-0.59;-7.41;36.67;1.76;-1.29;54.86;0.35;9.53;27.88;1.76;42.57;-3.73;29.29
1787986407414210,141038,0,255,87,1.61,4.29,23.51,-18.24;58.63;-0.59;-7.41;36.67;1.76;-1.29;54.86;0.35;9.53;27.88;1.76;42.57;-3.73;29.29
1787986407435222,141047,0,255,87,1.61,4.29,23.51,-18.24;58.63;-0.59;-7.41;36.67;1.76;-1.29;54.86;0.35;9.53;27.88;1.76;42.57;-3.73;29.29
1787986407455178,141056,0,255,87,1.61,4.29,23.51,-18.24;58.63;-0.59;-7.41;36.67;1.76;-1.29;54.86;0.35;9.53;27.88;1.76;42.57;-3.73;29.29
1787986407474977,141065,0,255,87,1.61,4.29,23.51,-18.24;58.63;-0.59;-7.41;36.67;1.76;-1.29;54.86;0.35;9.53;27.88;1.76;42.57;-3.73;29.29
1787986407495652,141067,0,255,87,1.61,4.29,23.51,-18.24;58.63;-0.59;-7.41;36.67;1.76;-1.29;54.86;0.35;9.53;27.88;1.76;42.57;-3.73;29.29
1787986407514600,141083,0,255,87,1.61,4.29,23.51,-18.24;58.63;-0.59;-7.41;36.67;1.76;-1.29;54.86;0.35;9.53;27.88;1.76;42.57;-3.73;29.29
1787986407535424,141092,0,255,87,1.61,4.29,23.51,-18.24;58.63;-0.59;-7.41;36.67;1.76;-1.29;54.86;0.35;9.53;27.88;1.76;42.57;-3.73;29.29
1787986407556264,141101,0,255,87,1.61,4.29,23.51,-18.24;58.63;-0.59;-7.41;36.67;1.76;-1.29;54.86;0.35;9.53;27.88;1.76;42.57;-3.73;29.29
1787986407576257,141110,0,255,87,1.61,4.29,23.51,-18.24;58.63;-0.59;-7.41;36.67;1.76;-1.29;54.86;0.35;9.53;27.88;1.76;42.57;-3.73;29.29
1787986407595447,141119,0,255,87,1.61,4.29,23.51,-18.24;58.63;-0.59;-7.41;36.67;1.76;-1.29;54.86;0.35;9.53;27.88;1.76;42.57;-3.73;29.29
1787986407616351,141128,0,255,87,1.61,4.29,23.51,-18.24;58.63;-0.59;-7.41;36.67;1.76;-1.29;54.86;0.35;9.53;27.88;1.76;42.57;-3.73;29.29
1787986407635864,141137,0,255,87,1.61,4.29,23.51,-18.24;58.63;-0.59;-7.41;36.67;1.76;-1.29;54.86;0.35;9.53;27.88;1.76;42.57;-3.73;29.29
1787986407656299,141146,0,255,87,1.61,4.29,23.51,-18.24;58.63;-0.59;-7.41;36.67;1.76;-1.29;54.86;0.35;9.53;27.88;1.76;42.57;-3.73;29.29
1787986407673945,141155,0,255,87,1.61,4.29,23.51,-18.24;58.63;-0.59;-7.41;36.67;1.76;-1.29;54.86;0.35;9.53;27.88;1.76;42.57;-3.73;29.29
1787986407694498,141164,0,255,87,1.61,4.29,23.51,-18.24;58.63;-0.59;-7.41;36.67;1.76;-1.29;54.86;0.35;9.53;27.88;1.76;42.57;-3.73;29.29
1787986407715888,141173,0,255,87,1.61,4.29,23.51,-18.24;58.63;-0.59;-7.41;36.67;1.76;-1.29;54.86;0.35;9.53;27.88;1.76;42.57;-3.73;29.29
1787986407734596,141182,0,255,87,1.61,4.29,23.51,-18.24;58.63;-0.59;-7.41;36.67;1.76;-1.29;54.86;0.35;9.53;27.88;1.76;42.57;-3.73;29.29
1787986407754949,141191,0,255,87,1.61,4.29,23.51,-18.24;58.63;-0.59;-7.41;36.67;1.76;-1.29;54.86;0.35;9.53;27.88;1.76;42.57;-3.73;29.29
1787986407778371,141200,0,255,87,1.61,4.29,23.51,-18.24;58.63;-0.59;-7.41;36.67;1.76;-1.29;54.86;0.35;9.53;27.88;1.76;42.57;-3.73;29.29
1787986407793997,141209,0,255,87,1.61,4.29,23.51,-18.24;58.63;-0.59;-7.41;36.67;1.76;-1.29;54.86;0.35;9.53;27.88;1.76;42.57;-3.73;29.29
1787986407814879,141218,0,255,87,1.61,4.29,23.51,-18.24;58.63;-0.59;-7.41;36.67;1.76;-1.29;54.86;0.35;9.53;27.88;1.76;42.57;-3.73;29.29
1787986407835523,141228,0,255,87,1.61,4.29,23.51,-18.24;58.63;-0.59;-7.41;36.67;1.76;-1.29;54.86;0.35;9.53;27.88;1.76;42.57;-3.73;29.29
1787986407855504,141237,0,255,87,1.61,4.29,23.51,-18.24;58.63;-0.59;-7.41;36.67;1.76;-1.29;54.86;0.35;9.53;27.88;1.76;42.57;-3.73;29.29
1787986407875589,141246,0,255,87,-0.53,6.29,19.22,-7.41;37.92;0.82;-6.47;39.18;1.29;12.35;34.78;-0.59;12.35;34.78;0.12;42.57;-4.24;30.82
1787986407894921,141255,0,255,87,-0.53,6.29,19.22,-7.41;37.92;0.82;-6.47;39.18;1.29;12.35;34.78;-0.59;12.35;34.78;0.12;42.57;-4.24;30.82
1787986407914843,141264,0,255,87,-0.53,6.29,19.22,-7.41;37.92;0.82;-6.47;39.18;1.29;12.35;34.78;-0.59;12.35;34.78;0.12;42.57;-4.24;30.82
1787986407935716,141273,0,255,87,-0.53,6.29,19.22,-7.41;37.92;0.82;-6.47;39.18;1.29;12.35;34.78;-0.59;12.35;34.78;0.12;42.57;-4.24;30.82
1787986407956004,141282,0,255,87,-0.53,6.29,19.22,-7.41;37.92;0.82;-6.47;39.18;1.29;12.35;34.78;-0.59;12.35;34.78;0.12;42.57;-4.24;30.82
1787986407974890,141291,0,255,87,-0.53,6.29,19.22,-7.41;37.92;0.82;-6.47;39.18;1.29;12.35;34.78;-0.59;12.35;34.78;0.12;42.57;-4.24;30.82
1787986407995369,141300,0,255,87,-0.53,6.29,19.22,-7.41;37.92;0.82;-6.47;39.18;1.29;12.35;34.78;-0.59;12.35;34.78;0.12;42.57;-4.24;30.82
1787986408015755,141309,0,255,87,-0.53,6.29,19.22,-7.41;37.92;0.82;-6.47;39.18;1.29;12.35;34.78;-0.59;12.35;34.78;0.12;42.57;-4.24;30.82
1787986408035327,141318,0,255,87,-0.53,6.29,19.22,-7.41;37.92;0.82;-6.47;39.18;1.29;12.35;34.78;-0.59;12.35;34.78;0.12;42.57;-4.24;30.82
1787986408054742,141327,0,255,87,-0.53,6.29,19.22,-7.41;37.92;0.82;-6.47;39.18;1.29;12.35;34.78;-0.59;12.35;34.78;0.12;42.57;-4.24;30.82
1787986408074472,141336,0,255,87,-0.53,6.29,19.22,-7.41;37.92;0.82;-6.47;39.18;1.29;12.35;34.78;-0.59;12.35;34.78;0.12;42.57;-4.24;30.82
1787986408095020,141345,0,255,87,-0.53,6.29,19.22,-7.41;37.92;0.82;-6.47;39.18;1.29;12.35;34.78;-0.59;12.35;34.78;0.12;42.57;-4.24;30.82
1787986408115671,141354,0,255,87,-0.53,6.29,19.22,-7.41;37.92;0.82;-6.47;39.18;1.29;12.35;34.78;-0.59;12.35;34.78;0.12;42.57;-4.24;30.82
1787986408134800,141363,0,255,87,-0.53,6.29,19.22,-7.41;37.92;0.82;-6.47;39.18;1.29;12.35;34.78;-0.59;12.35;34.78;0.12;42.57;-4.24;30.82
1787986408154593,141372,0,255,87,-0.53,6.29,19.22,-7.41;37.92;0.82;-6.47;39.18;1.29;12.35;34.78;-0.59;12.35;34.78;0.12;42.57;-4.24;30.82
1787986408179140,141381,0,255,87,-0.53,6.29,19.22,-7.41;37.92;0.82;-6.47;39.18;1.29;12.35;34.78;-0.59;12.35;34.78;0.12;42.57;-4.24;30.82
1787986408195070,141390,0,255,87,-0.53,6.29,19.22,-7.41;37.92;0.82;-6.47;39.18;1.29;12.35;34.78;-0.59;12.35;34.78;0.12;42.57;-4.24;30.82
1787986408216008,141399,0,255,87,-0.53,6.29,19.22,-7.41;37.92;0.82;-6.47;39.18;1.29;12.35;34.78;-0.59;12.35;34.78;0.12;42.57;-4.24;30.82
1787986408235426,141408,0,255,87,-0.53,6.29,19.22,-7.41;37.92;0.82;-6.47;39.18;1.29;12.35;34.78;-0.59;12.35;34.78;0.12;42.57;-4.24;30.82
1787986408255568,141417,0,255,87,-0.53,6.29,19.22,-7.41;37.92;0.82;-6.47;39.18;1.29;12.35;34.78;-0.59;12.35;34.78;0.12;42.57;-4.24;30.82
1787986408276629,141426,0,255,87,-0.53,6.29,19.22,-7.41;37.92;0.82;-6.47;39.18;1.29;12.35;34.78;-0.59;12.35;34.78;0.12;42.57;-4.24;30.82
1787986408294264,141435,0,255,87,-0.53,6.29,19.22,-7.41;37.92;0.82;-6.47;39.18;1.29;12.35;34.78;-0.59;12.35;34.78;0.12;42.57;-4.24;30.82
1787986408317689,141444,0,255,87,-0.53,6.29,19.22,-7.41;37.92;0.82;-6.47;39.18;1.29;12.35;34.78;-0.59;12.35;34.78;0.12;42.57;-4.24;30.82
1787986408336223,141453,0,255,87,-0.53,6.29,19.22,-7.41;37.92;0.82;-6.47;39.18;1.29;12.35;34.78;-0.59;12.35;34.78;0.12;42.57;-4.24;30.82
1787986408355829,141462,0,255,87,-0.53,6.29,19.22,-7.41;37.92;0.82;-6.47;39.18;1.29;12.35;34.78;-0.59;12.35;34.78;0.12;42.57;-4.24;30.82
1787986408374506,141471,0,255,87,-0.53,6.29,19.22,-7.41;37.92;0.82;-6.47;39.18;1.29;12.35;34.78;-0.59;12.35;34.78;0.12;42.57;-4.24;30.82
1787986408396762,141480,0,255,87,-0.53,6.29,19.22,-7.41;37.92;0.82;-6.47;39.18;1.29;12.35;34.78;-0.59;12.35;34.78;0.12;42.57;-4.24;30.82
1787986408415688,141489,0,255,87,-0.53,6.29,19.22,-7.41;37.92;0.82;-6.47;39.18;1.29;12.35;34.78;-0.59;12.35;34.78;0.12;42.57;-4.24;30.82
1787986408436039,141498,0,255,87,-0.53,6.29,19.22,-7.41;37.92;0.82;-6.47;39.18;1.29;12.35;34.78;-0.59;12.35;34.78;0.12;42.57;-4.24;30.82
1787986408454818,141507,0,255,87,-0.53,6.29,19.22,-7.41;37.92;0.82;-6.47;39.18;1.29;12.35;34.78;-0.59;12.35;34.78;0.12;42.57;-4.24;30.82
1787986408475501,141516,0,255,87,-0.53,6.29,19.22,-7.41;37.92;0.82;-6.47;39.18;1.29;12.35;34.78;-0.59;12.35;34.78;0.12;42.57;-4.24;30.82
1787986408496092,141525,0,255,87,-0.53,6.29,19.22,-7.41;37.92;0.82;-6.47;39.18;1.29;12.35;34.78;-0.59;12.35;34.78;0.12;42.57;-4.24;30.82
1787986408516087,141534,0,255,87,-0.53,6.29,19.22,-7.41;37.92;0.82;-6.47;39.18;1.29;12.35;34.78;-0.59;12.35;34.78;0.12;42.57;-4.24;30.82
1787986408535202,141543,0,255,87,-0.53,6.29,19.22,-7.41;37.92;0.82;-6.47;39.18;1.29;12.35;34.78;-0.59;12.35;34.78;0.12;42.57;-4.24;30.82
1787986408555914,141552,0,255,87,-0.53,6.29,19.22,-7.41;37.92;0.82;-6.47;39.18;1.29;12.35;34.78;-0.59;12.35;34.78;0.12;42.57;-4.24;30.82
1787986408575173,141561,0,255,87,-0.53,6.29,19.22,-7.41;37.92;0.82;-6.47;39.18;1.29;12.35;34.78;-0.59;12.35;34.78;0.12;42.57;-4.24;30.82
1787986408594485,141570,0,255,87,-0.53,6.29,19.22,-7.41;37.92;0.82;-6.47;39.18;1.29;12.35;34.78;-0.59;12.35;34.78;0.12;42.57;-4.24;30.82
1787986408617654,141579,0,255,87,-0.53,6.29,19.22,-7.41;37.92;0.82;-6.47;39.18;1.29;12.35;34.78;-0.59;12.35;34.78;0.12;42.57;-4.24;30.82
1787986408634645,141588,0,255,87,-0.53,6.29,19.22,-7.41;37.92;0.82;-6.47;39.18;1.29;12.35;34.78;-0.59;12.35;34.78;0.12;42.57;-4.24;30.82
1787986408655276,141597,0,255,87,-0.53,6.29,19.22,-7.41;37.92;0.82;-6.47;39.18;1.29;12.35;34.78;-0.59;12.35;34.78;0.12;42.57;-4.24;30.82
1787986408675214,141606,0,255,87,-0.53,6.29,19.22,-7.41;37.92;0.82;-6.47;39.18;1.29;12.35;34.78;-0.59;12.35;34.78;0.12;42.57;-4.24;30.82
1787986408694505,141615,0,255,87,-0.53,6.29,19.22,-7.41;37.92;0.82;-6.47;39.18;1.29;12.35;34.78;-0.59;12.35;34.78;0.12;42.57;-4.24;30.82
1787986408714717,141624,0,255,87,-0.53,6.29,19.22,-7.41;37.92;0.82;-6.47;39.18;1.29;12.35;34.78;-0.59;12.35;34.78;0.12;42.57;-4.24;30.82
1787986408835224,141626,0,255,87,-0.53,6.29,19.22,-7.41;37.92;0.82;-6.47;39.18;1.29;12.35;34.78;-0.59;12.35;34.78;0.12;42.57;-4.24;30.82
1787986408835883,141628,0,255,87,-0.53,6.29,19.22,-7.41;37.92;0.82;-6.47;39.18;1.29;12.35;34.78;-0.59;12.35;34.78;0.12;42.57;-4.24;30.82
1787986408836420,141630,0,255,87,-0.53,6.29,19.22,-7.41;37.92;0.82;-6.47;39.18;1.29;12.35;34.78;-0.59;12.35;34.78;0.12;42.57;-4.24;30.82
1787986408836880,141632,0,255,87,-0.53,6.29,19.22,-7.41;37.92;0.82;-6.47;39.18;1.29;12.35;34.78;-0.59;12.35;34.78;0.12;42.57;-4.24;30.82
1787986408837454,141634,0,255,87,-0.53,6.29,19.22,-7.41;37.92;0.82;-6.47;39.18;1.29;12.35;34.78;-0.59;12.35;34.78;0.12;42.57;-4.24;30.82
1787986408837929,141637,0,255,87,-0.53,6.29,19.22,-7.41;37.92;0.82;-6.47;39.18;1.29;12.35;34.78;-0.59;12.35;34.78;0.12;42.57;-4.24;30.82
1787986408854408,141688,0,255,88,-1.31,5.13,21.78,-6.94;37.92;0.59;-6.94;38.55;0.59;12.35;34.78;-0.12;11.41;34.16;0.35;42.06;-4.24;30.06
1787986408876828,141697,0,255,88,-1.31,5.13,21.78,-6.94;37.92;0.59;-6.94;38.55;0.59;12.35;34.78;-0.12;11.41;34.16;0.35;42.06;-4.24;30.06
1787986408894173,141706,0,255,88,-1.31,5.13,21.78,-6.94;37.92;0.59;-6.94;38.55;0.59;12.35;34.78;-0.12;11.41;34.16;0.35;42.06;-4.24;30.06
1787986408914448,141715,0,255,88,-1.31,5.13,21.78,-6.94;37.92;0.59;-6.94;38.55;0.59;12.35;34.78;-0.12;11.41;34.16;0.35;42.06;-4.24;30.06
1787986409041553,141717,0,255,88,-1.31,5.13,21.78,-6.94;37.92;0.59;-6.94;38.55;0.59;12.35;34.78;-0.12;11.41;34.16;0.35;42.06;-4.24;30.06
1787986409043126,141719,0,255,88,-1.31,5.13,21.78,-6.94;37.92;0.59;-6.94;38.55;0.59;12.35;34.78;-0.12;11.41;34.16;0.35;42.06;-4.24;30.06
1787986409044557,141721,0,255,88,-1.31,5.13,21.78,-6.94;37.92;0.59;-6.94;38.55;0.59;12.35;34.78;-0.12;11.41;34.16;0.35;42.06;-4.24;30.06
1787986409045941,141723,0,255,88,-1.31,5.13,21.78,-6.94;37.92;0.59;-6.94;38.55;0.59;12.35;34.78;-0.12;11.41;34.16;0.35;42.06;-4.24;30.06
1787986409047147,141725,0,255,88,-1.31,5.13,21.78,-6.94;37.92;0.59;-6.94;38.55;0.59;12.35;34.78;-0.12;11.41;34.16;0.35;42.06;-4.24;30.06
1787986409048434,141727,0,255,88,-1.31,5.13,21.78,-6.94;37.92;0.59;-6.94;38.55;0.59;12.35;34.78;-0.12;11.41;34.16;0.35;42.06;-4.24;30.06
1787986409055348,141771,0,255,88,-1.31,5.13,21.78,-6.94;37.92;0.59;-6.94;38.55;0.59;12.35;34.78;-0.12;11.41;34.16;0.35;42.06;-4.24;30.06
1787986409111843,141780,0,255,88,-1.31,5.13,21.78,-6.94;37.92;0.59;-6.94;38.55;0.59;12.35;34.78;-0.12;11.41;34.16;0.35;42.06;-4.24;30.06
1787986409113360,141782,0,255,88,-1.31,5.13,21.78,-6.94;37.92;0.59;-6.94;38.55;0.59;12.35;34.78;-0.12;11.41;34.16;0.35;42.06;-4.24;30.06
1787986409118110,141798,0,255,88,-1.31,5.13,21.78,-6.94;37.92;0.59;-6.94;38.55;0.59;12.35;34.78;-0.12;11.41;34.16;0.35;42.06;-4.24;30.06
1787986409196131,141807,0,255,88,-1.31,5.13,21.78,-6.94;37.92;0.59;-6.94;38.55;0.59;12.35;34.78;-0.12;11.41;34.16;0.35;42.06;-4.24;30.06
1787986409196837,141809,0,255,88,-1.31,5.13,21.78,-6.94;37.92;0.59;-6.94;38.55;0.59;12.35;34.78;-0.12;11.41;34.16;0.35;42.06;-4.24;30.06
1787986409197239,141811,0,255,88,-1.31,5.13,21.78,-6.94;37.92;0.59;-6.94;38.55;0.59;12.35;34.78;-0.12;11.41;34.16;0.35;42.06;-4.24;30.06
1787986409197704,141813,0,255,88,-1.31,5.13,21.78,-6.94;37.92;0.59;-6.94;38.55;0.59;12.35;34.78;-0.12;11.41;34.16;0.35;42.06;-4.24;30.06
1787986409215356,141843,0,255,88,-1.31,5.13,21.78,-6.94;37.92;0.59;-6.94;38.55;0.59;12.35;34.78;-0.12;11.41;34.16;0.35;42.06;-4.24;30.06
1787986409318502,141852,0,255,88,-1.31,5.13,21.78,-6.94;37.92;0.59;-6.94;38.55;0.59;12.35;34.78;-0.12;11.41;34.16;0.35;42.06;-4.24;30.06
1787986409319062,141854,0,255,88,-1.31,5.13,21.78,-6.94;37.92;0.59;-6.94;38.55;0.59;12.35;34.78;-0.12;11.41;34.16;0.35;42.06;-4.24;30.06
1787986409319609,141856,0,255,88,-1.31,5.13,21.78,-6.94;37.92;0.59;-6.94;38.55;0.59;12.35;34.78;-0.12;11.41;34.16;0.35;42.06;-4.24;30.06
1787986409320070,141858,0,255,88,-1.31,5.13,21.78,-6.94;37.92;0.59;-6.94;38.55;0.59;12.35;34.78;-0.12;11.41;34.16;0.35;42.06;-4.24;30.06
1787986409320564,141860,0,255,88,-1.31,5.13,21.78,-6.94;37.92;0.59;-6.94;38.55;0.59;12.35;34.78;-0.12;11.41;34.16;0.35;42.06;-4.24;30.06
1787986409356678,141897,0,255,88,-1.31,5.13,21.78,-6.94;37.92;0.59;-6.94;38.55;0.59;12.35;34.78;-0.12;11.41;34.16;0.35;42.06;-4.24;30.06
1787986409359483,141899,0,255,88,-1.31,5.13,21.78,-6.94;37.92;0.59;-6.94;38.55;0.59;12.35;34.78;-0.12;11.41;34.16;0.35;42.06;-4.24;30.06
1787986409375304,141915,0,255,88,-1.31,5.13,21.78,-6.94;37.92;0.59;-6.94;38.55;0.59;12.35;34.78;-0.12;11.41;34.16;0.35;42.06;-4.24;30.06
1787986409519336,141924,0,255,88,-1.31,5.13,21.78,-6.94;37.92;0.59;-6.94;38.55;0.59;12.35;34.78;-0.12;11.41;34.16;0.35;42.06;-4.24;30.06
1787986409521044,141926,0,255,88,-1.31,5.13,21.78,-6.94;37.92;0.59;-6.94;38.55;0.59;12.35;34.78;-0.12;11.41;34.16;0.35;42.06;-4.24;30.06
1787986409524247,141928,0,255,88,-1.31,5.13,21.78,-6.94;37.92;0.59;-6.94;38.55;0.59;12.35;34.78;-0.12;11.41;34.16;0.35;42.06;-4.24;30.06
1787986409525538,141930,0,255,88,-1.31,5.13,21.78,-6.94;37.92;0.59;-6.94;38.55;0.59;12.35;34.78;-0.12;11.41;34.16;0.35;42.06;-4.24;30.06
1787986409526891,141932,0,255,88,-1.31,5.13,21.78,-6.94;37.92;0.59;-6.94;38.55;0.59;12.35;34.78;-0.12;11.41;34.16;0.35;42.06;-4.24;30.06
1787986409528108,141934,0,255,88,-1.31,5.13,21.78,-6.94;37.92;0.59;-6.94;38.55;0.59;12.35;34.78;-0.12;11.41;34.16;0.35;42.06;-4.24;30.06
1787986409528979,141936,0,255,88,-1.31,5.13,21.78,-6.94;37.92;0.59;-6.94;38.55;0.59;12.35;34.78;-0.12;11.41;34.16;0.35;42.06;-4.24;30.06
1787986409538954,141987,0,255,88,-1.31,5.13,21.78,-6.94;37.92;0.59;-6.94;38.55;0.59;12.35;34.78;-0.12;11.41;34.16;0.35;42.06;-4.24;30.06
1787986409657859,141989,0,255,88,-1.31,5.13,21.78,-6.94;37.92;0.59;-6.94;38.55;0.59;12.35;34.78;-0.12;11.41;34.16;0.35;42.06;-4.24;30.06
1787986409659670,141991,0,255,88,-1.31,5.13,21.78,-6.94;37.92;0.59;-6.94;38.55;0.59;12.35;34.78;-0.12;11.41;34.16;0.35;42.06;-4.24;30.06
1787986409661212,141993,0,255,88,-1.31,5.13,21.78,-6.94;37.92;0.59;-6.94;38.55;0.59;12.35;34.78;-0.12;11.41;34.16;0.35;42.06;-4.24;30.06
1787986409662303,141995,0,255,88,-1.31,5.13,21.78,-6.94;37.92;0.59;-6.94;38.55;0.59;12.35;34.78;-0.12;11.41;34.16;0.35;42.06;-4.24;30.06
1787986409663335,141997,0,255,88,-1.31,5.13,21.78,-6.94;37.92;0.59;-6.94;38.55;0.59;12.35;34.78;-0.12;11.41;34.16;0.35;42.06;-4.24;30.06
1787986409664178,141999,0,255,88,-1.31,5.13,21.78,-6.94;37.92;0.59;-6.94;38.55;0.59;12.35;34.78;-0.12;11.41;34.16;0.35;42.06;-4.24;30.06
1787986409676076,142050,0,255,88,-1.31,5.13,21.78,-6.94;37.92;0.59;-6.94;38.55;0.59;12.35;34.78;-0.12;11.41;34.16;0.35;42.06;-4.24;30.06
1787986409694766,142059,0,255,88,-1.31,5.13,21.78,-6.94;37.92;0.59;-6.94;38.55;0.59;12.35;34.78;-0.12;11.41;34.16;0.35;42.06;-4.24;30.06
1787986409717009,142068,0,255,88,-1.31,5.13,21.78,-6.94;37.92;0.59;-6.94;38.55;0.59;12.35;34.78;-0.12;11.41;34.16;0.35;42.06;-4.24;30.06
1787986409735049,142077,0,255,88,-1.31,5.13,21.78,-6.94;37.92;0.59;-6.94;38.55;0.59;12.35;34.78;-0.12;11.41;34.16;0.35;42.06;-4.24;30.06
1787986409860319,142086,0,255,88,-1.31,5.13,21.78,-6.94;37.92;0.59;-6.94;38.55;0.59;12.35;34.78;-0.12;11.41;34.16;0.35;42.06;-4.24;30.06
1787986409860799,142088,0,255,88,-1.31,5.13,21.78,-6.94;37.92;0.59;-6.94;38.55;0.59;12.35;34.78;-0.12;11.41;34.16;0.35;42.06;-4.24;30.06
1787986409861328,142090,0,255,88,-1.31,5.13,21.78,-6.94;37.92;0.59;-6.94;38.55;0.59;12.35;34.78;-0.12;11.41;34.16;0.35;42.06;-4.24;30.06
1787986409862159,142092,0,255,88,-1.31,5.13,21.78,-6.94;37.92;0.59;-6.94;38.55;0.59;12.35;34.78;-0.12;11.41;34.16;0.35;42.06;-4.24;30.06
1787986409862647,142095,0,255,88,-1.31,5.13,21.78,-6.94;37.92;0.59;-6.94;38.55;0.59;12.35;34.78;-0.12;11.41;34.16;0.35;42.06;-4.24;30.06
1787986409863242,142097,0,255,88,-1.31,5.13,21.78,-6.94;37.92;0.59;-6.94;38.55;0.59;12.35;34.78;-0.12;11.41;34.16;0.35;42.06;-4.24;30.06
1787986409879320,142141,0,255,88,3.51,8.9,22.03,-6.47;38.55;0.35;-18.24;44.82;-0.59;11.41;32.9;1.53;3.41;37.92;-0.59;42.06;-4.75;30.06
1787986409895872,142150,0,255,88,3.51,8.9,22.03,-6.47;38.55;0.35;-18.24;44.82;-0.59;11.41;32.9;1.53;3.41;37.92;-0.59;42.06;-4.75;30.06
1787986409915361,142159,0,255,88,3.51,8.9,22.03,-6.47;38.55;0.35;-18.24;44.82;-0.59;11.41;32.9;1.53;3.41;37.92;-0.59;42.06;-4.75;30.06
1787986409939939,142168,0,255,88,3.51,8.9,22.03,-6.47;38.55;0.35;-18.24;44.82;-0.59;11.41;32.9;1.53;3.41;37.92;-0.59;42.06;-4.75;30.06
1787986410066353,142177,0,255,88,3.51,8.9,22.03,-6.47;38.55;0.35;-18.24;44.82;-0.59;11.41;32.9;1.53;3.41;37.92;-0.59;42.06;-4.75;30.06
1787986410067833,142179,0,255,88,3.51,8.9,22.03,-6.47;38.55;0.35;-18.24;44.82;-0.59;11.41;32.9;1.53;3.41;37.92;-0.59;42.06;-4.75;30.06
1787986410069148,142181,0,255,88,3.51,8.9,22.03,-6.47;38.55;0.35;-18.24;44.82;-0.59;11.41;32.9;1.53;3.41;37.92;-0.59;42.06;-4.75;30.06
1787986410070502,142183,0,255,88,3.51,8.9,22.03,-6.47;38.55;0.35;-18.24;44.82;-0.59;11.41;32.9;1.53;3.41;37.92;-0.59;42.06;-4.75;30.06
1787986410071699,142185,0,255,88,3.51,8.9,22.03,-6.47;38.55;0.35;-18.24;44.82;-0.59;11.41;32.9;1.53;3.41;37.92;-0.59;42.06;-4.75;30.06
1787986410072595,142187,0,255,88,3.51,8.9,22.03,-6.47;38.55;0.35;-18.24;44.82;-0.59;11.41;32.9;1.53;3.41;37.92;-0.59;42.06;-4.75;30.06
1787986410080813,142231,0,255,88,3.51,8.9,22.03,-6.47;38.55;0.35;-18.24;44.82;-0.59;11.41;32.9;1.53;3.41;37.92;-0.59;42.06;-4.75;30.06
1787986410094894,142240,0,255,88,3.51,8.9,22.03,-6.47;38.55;0.35;-18.24;44.82;-0.59;11.41;32.9;1.53;3.41;37.92;-0.59;42.06;-4.75;30.06
1787986410115681,142249,0,255,88,3.51,8.9,22.03,-6.47;38.55;0.35;-18.24;44.82;-0.59;11.41;32.9;1.53;3.41;37.92;-0.59;42.06;-4.75;30.06
1787986410135936,142258,0,255,88,3.51,8.9,22.03,-6.47;38.55;0.35;-18.24;44.82;-0.59;11.41;32.9;1.53;3.41;37.92;-0.59;42.06;-4.75;30.06
1787986410272300,142267,0,255,88,3.51,8.9,22.03,-6.47;38.55;0.35;-18.24;44.82;-0.59;11.41;32.9;1.53;3.41;37.92;-0.59;42.06;-4.75;30.06
1787986410273682,142269,0,255,88,3.51,8.9,22.03,-6.47;38.55;0.35;-18.24;44.82;-0.59;11.41;32.9;1.53;3.41;37.92;-0.59;42.06;-4.75;30.06
1787986410275346,142271,0,255,88,3.51,8.9,22.03,-6.47;38.55;0.35;-18.24;44.82;-0.59;11.41;32.9;1.53;3.41;37.92;-0.59;42.06;-4.75;30.06
1787986410276966,142273,0,255,88,3.51,8.9,22.03,-6.47;38.55;0.35;-18.24;44.82;-0.59;11.41;32.9;1.53;3.41;37.92;-0.59;42.06;-4.75;30.06
1787986410277615,142275,0,255,88,3.51,8.9,22.03,-6.47;38.55;0.35;-18.24;44.82;-0.59;11.41;32.9;1.53;3.41;37.92;-0.59;42.06;-4.75;30.06
1787986410278036,142277,0,255,88,3.51,8.9,22.03,-6.47;38.55;0.35;-18.24;44.82;-0.59;11.41;32.9;1.53;3.41;37.92;-0.59;42.06;-4.75;30.06
1787986410282498,142321,0,255,88,3.51,8.9,22.03,-6.47;38.55;0.35;-18.24;44.82;-0.59;11.41;32.9;1.53;3.41;37.92;-0.59;42.06;-4.75;30.06
1787986410331120,142330,0,255,88,3.51,8.9,22.03,-6.47;38.55;0.35;-18.24;44.82;-0.59;11.41;32.9;1.53;3.41;37.92;-0.59;42.06;-4.75;30.06
1787986410331565,142332,0,255,88,3.51,8.9,22.03,-6.47;38.55;0.35;-18.24;44.82;-0.59;11.41;32.9;1.53;3.41;37.92;-0.59;42.06;-4.75;30.06
1787986410335852,142334,0,255,88,3.51,8.9,22.03,-6.47;38.55;0.35;-18.24;44.82;-0.59;11.41;32.9;1.53;3.41;37.92;-0.59;42.06;-4.75;30.06
1787986410354605,142357,0,255,88,3.51,8.9,22.03,-6.47;38.55;0.35;-18.24;44.82;-0.59;11.41;32.9;1.53;3.41;37.92;-0.59;42.06;-4.75;30.06
1787986410377484,142366,0,255,88,3.51,8.9,22.03,-6.47;38.55;0.35;-18.24;44.82;-0.59;11.41;32.9;1.53;3.41;37.92;-0.59;42.06;-4.75;30.06
1787986410395270,142375,0,255,88,3.51,8.9,22.03,-6.47;38.55;0.35;-18.24;44.82;-0.59;11.41;32.9;1.53;3.41;37.92;-0.59;42.06;-4.75;30.06
1787986410415335,142384,0,255,88,3.51,8.9,22.03,-6.47;38.55;0.35;-18.24;44.82;-0.59;11.41;32.9;1.53;3.41;37.92;-0.59;42.06;-4.75;30.06
1787986410437224,142393,0,255,88,3.51,8.9,22.03,-6.47;38.55;0.35;-18.24;44.82;-0.59;11.41;32.9;1.53;3.41;37.92;-0.59;42.06;-4.75;30.06
1787986410456571,142402,0,255,88,3.51,8.9,22.03,-6.47;38.55;0.35;-18.24;44.82;-0.59;11.41;32.9;1.53;3.41;37.92;-0.59;42.06;-4.75;30.06
1787986410475941,142411,0,255,88,3.51,8.9,22.03,-6.47;38.55;0.35;-18.24;44.82;-0.59;11.41;32.9;1.53;3.41;37.92;-0.59;42.06;-4.75;30.06
1787986410495215,142420,0,255,88,3.51,8.9,22.03,-6.47;38.55;0.35;-18.24;44.82;-0.59;11.41;32.9;1.53;3.41;37.92;-0.59;42.06;-4.75;30.06
1787986410514324,142429,0,255,88,3.51,8.9,22.03,-6.47;38.55;0.35;-18.24;44.82;-0.59;11.41;32.9;1.53;3.41;37.92;-0.59;42.06;-4.75;30.06
1787986410535950,142438,0,255,88,3.51,8.9,22.03,-6.47;38.55;0.35;-18.24;44.82;-0.59;11.41;32.9;1.53;3.41;37.92;-0.59;42.06;-4.75;30.06
1787986410556027,142447,0,255,88,3.51,8.9,22.03,-6.47;38.55;0.35;-18.24;44.82;-0.59;11.41;32.9;1.53;3.41;37.92;-0.59;42.06;-4.75;30.06
1787986410575415,142456,0,255,88,3.51,8.9,22.03,-6.47;38.55;0.35;-18.24;44.82;-0.59;11.41;32.9;1.53;3.41;37.92;-0.59;42.06;-4.75;30.06
1787986410597361,142465,0,255,88,3.51,8.9,22.03,-6.47;38.55;0.35;-18.24;44.82;-0.59;11.41;32.9;1.53;3.41;37.92;-0.59;42.06;-4.75;30.06
1787986410615129,142474,0,255,88,3.51,8.9,22.03,-6.47;38.55;0.35;-18.24;44.82;-0.59;11.41;32.9;1.53;3.41;37.92;-0.59;42.06;-4.75;30.06
1787986410635292,142483,0,255,88,3.51,8.9,22.03,-6.47;38.55;0.35;-18.24;44.82;-0.59;11.41;32.9;1.53;3.41;37.92;-0.59;42.06;-4.75;30.06
1787986410656041,142492,0,255,88,3.51,8.9,22.03,-6.47;38.55;0.35;-18.24;44.82;-0.59;11.41;32.9;1.53;3.41;37.92;-0.59;42.06;-4.75;30.06
1787986410675853,142501,0,255,88,3.51,8.9,22.03,-6.47;38.55;0.35;-18.24;44.82;-0.59;11.41;32.9;1.53;3.41;37.92;-0.59;42.06;-4.75;30.06
1787986410694836,142510,0,255,88,3.51,8.9,22.03,-6.47;38.55;0.35;-18.24;44.82;-0.59;11.41;32.9;1.53;3.41;37.92;-0.59;42.06;-4.75;30.06
1787986410716387,142519,0,255,88,3.51,8.9,22.03,-6.47;38.55;0.35;-18.24;44.82;-0.59;11.41;32.9;1.53;3.41;37.92;-0.59;42.06;-4.75;30.06
1787986410734979,142528,0,255,88,3.51,8.9,22.03,-6.47;38.55;0.35;-18.24;44.82;-0.59;11.41;32.9;1.53;3.41;37.92;-0.59;42.06;-4.75;30.06
1787986410761175,142537,0,255,88,3.51,8.9,22.03,-6.47;38.55;0.35;-18.24;44.82;-0.59;11.41;32.9;1.53;3.41;37.92;-0.59;42.06;-4.75;30.06
1787986410775510,142546,0,255,88,3.51,8.9,22.03,-6.47;38.55;0.35;-18.24;44.82;-0.59;11.41;32.9;1.53;3.41;37.92;-0.59;42.06;-4.75;30.06
1787986410795225,142555,0,255,88,3.51,8.9,22.03,-6.47;38.55;0.35;-18.24;44.82;-0.59;11.41;32.9;1.53;3.41;37.92;-0.59;42.06;-4.75;30.06
1787986410815377,142564,0,255,88,3.51,8.9,22.03,-6.47;38.55;0.35;-18.24;44.82;-0.59;11.41;32.9;1.53;3.41;37.92;-0.59;42.06;-4.75;30.06
1787986410834677,142574,0,255,88,3.51,8.9,22.03,-6.47;38.55;0.35;-18.24;44.82;-0.59;11.41;32.9;1.53;3.41;37.92;-0.59;42.06;-4.75;30.06
1787986410854399,142583,0,255,89,0.26,0.39,23.41,3.41;39.18;0.82;2.94;39.18;0.82;3.41;46.08;0.35;2.47;44.82;0.12;42.06;-7.8;44.59
1787986410877448,142592,0,255,89,0.26,0.39,23.41,3.41;39.18;0.82;2.94;39.18;0.82;3.41;46.08;0.35;2.47;44.82;0.12;42.06;-7.8;44.59
1787986410894294,142601,0,255,89,0.26,0.39,23.41,3.41;39.18;0.82;2.94;39.18;0.82;3.41;46.08;0.35;2.47;44.82;0.12;42.06;-7.8;44.59
1787986410915015,142610,0,255,89,0.26,0.39,23.41,3.41;39.18;0.82;2.94;39.18;0.82;3.41;46.08;0.35;2.47;44.82;0.12;42.06;-7.8;44.59
1787986410935477,142619,0,255,89,0.26,0.39,23.41,3.41;39.18;0.82;2.94;39.18;0.82;3.41;46.08;0.35;2.47;44.82;0.12;42.06;-7.8;44.59
1787986410954745,142628,0,255,89,0.26,0.39,23.41,3.41;39.18;0.82;2.94;39.18;0.82;3.41;46.08;0.35;2.47;44.82;0.12;42.06;-7.8;44.59
1787986410974523,142637,0,255,89,0.26,0.39,23.41,3.41;39.18;0.82;2.94;39.18;0.82;3.41;46.08;0.35;2.47;44.82;0.12;42.06;-7.8;44.59
1787986410996120,142646,0,255,89,0.26,0.39,23.41,3.41;39.18;0.82;2.94;39.18;0.82;3.41;46.08;0.35;2.47;44.82;0.12;42.06;-7.8;44.59
1787986411014972,142655,0,255,89,0.26,0.39,23.41,3.41;39.18;0.82;2.94;39.18;0.82;3.41;46.08;0.35;2.47;44.82;0.12;42.06;-7.8;44.59
1787986411035408,142664,0,255,89,0.26,0.39,23.41,3.41;39.18;0.82;2.94;39.18;0.82;3.41;46.08;0.35;2.47;44.82;0.12;42.06;-7.8;44.59
1787986411055222,142673,0,255,89,0.26,0.39,23.41,3.41;39.18;0.82;2.94;39.18;0.82;3.41;46.08;0.35;2.47;44.82;0.12;42.06;-7.8;44.59
1787986411074696,142682,0,255,89,0.26,0.39,23.41,3.41;39.18;0.82;2.94;39.18;0.82;3.41;46.08;0.35;2.47;44.82;0.12;42.06;-7.8;44.59
1787986411095687,142691,0,255,89,0.26,0.39,23.41,3.41;39.18;0.82;2.94;39.18;0.82;3.41;46.08;0.35;2.47;44.82;0.12;42.06;-7.8;44.59
1787986411115200,142700,0,255,89,0.26,0.39,23.41,3.41;39.18;0.82;2.94;39.18;0.82;3.41;46.08;0.35;2.47;44.82;0.12;42.06;-7.8;44.59
1787986411134912,142709,0,255,89,0.26,0.39,23.41,3.41;39.18;0.82;2.94;39.18;0.82;3.41;46.08;0.35;2.47;44.82;0.12;42.06;-7.8;44.59
1787986411155386,142718,0,255,89,0.26,0.39,23.41,3.41;39.18;0.82;2.94;39.18;0.82;3.41;46.08;0.35;2.47;44.82;0.12;42.06;-7.8;44.59
1787986411174552,142727,0,255,89,0.26,0.39,23.41,3.41;39.18;0.82;2.94;39.18;0.82;3.41;46.08;0.35;2.47;44.82;0.12;42.06;-7.8;44.59
1787986411196019,142736,0,255,89,0.26,0.39,23.41,3.41;39.18;0.82;2.94;39.18;0.82;3.41;46.08;0.35;2.47;44.82;0.12;42.06;-7.8;44.59
1787986411215466,142745,0,255,89,0.26,0.39,23.41,3.41;39.18;0.82;2.94;39.18;0.82;3.41;46.08;0.35;2.47;44.82;0.12;42.06;-7.8;44.59
1787986411235376,142754,0,255,89,0.26,0.39,23.41,3.41;39.18;0.82;2.94;39.18;0.82;3.41;46.08;0.35;2.47;44.82;0.12;42.06;-7.8;44.59
1787986411256381,142763,0,255,89,0.26,0.39,23.41,3.41;39.18;0.82;2.94;39.18;0.82;3.41;46.08;0.35;2.47;44.82;0.12;42.06;-7.8;44.59
1787986411275158,142772,0,255,89,0.26,0.39,23.41,3.41;39.18;0.82;2.94;39.18;0.82;3.41;46.08;0.35;2.47;44.82;0.12;42.06;-7.8;44.59
1787986411295727,142781,0,255,89,0.26,0.39,23.41,3.41;39.18;0.82;2.94;39.18;0.82;3.41;46.08;0.35;2.47;44.82;0.12;42.06;-7.8;44.59
1787986411316307,142790,0,255,89,0.26,0.39,23.41,3.41;39.18;0.82;2.94;39.18;0.82;3.41;46.08;0.35;2.47;44.82;0.12;42.06;-7.8;44.59
1787986411335173,142799,0,255,89,0.26,0.39,23.41,3.41;39.18;0.82;2.94;39.18;0.82;3.41;46.08;0.35;2.47;44.82;0.12;42.06;-7.8;44.59
1787986411354970,142808,0,255,89,0.26,0.39,23.41,3.41;39.18;0.82;2.94;39.18;0.82;3.41;46.08;0.35;2.47;44.82;0.12;42.06;-7.8;44.59
1787986411377953,142817,0,255,89,0.26,0.39,23.41,3.41;39.18;0.82;2.94;39.18;0.82;3.41;46.08;0.35;2.47;44.82;0.12;42.06;-7.8;44.59
1787986411395513,142826,0,255,89,0.26,0.39,23.41,3.41;39.18;0.82;2.94;39.18;0.82;3.41;46.08;0.35;2.47;44.82;0.12;42.06;-7.8;44.59
1787986411416496,142835,0,255,89,0.26,0.39,23.41,3.41;39.18;0.82;2.94;39.18;0.82;3.41;46.08;0.35;2.47;44.82;0.12;42.06;-7.8;44.59
1787986411435547,142844,0,255,89,0.26,0.39,23.41,3.41;39.18;0.82;2.94;39.18;0.82;3.41;46.08;0.35;2.47;44.82;0.12;42.06;-7.8;44.59
1787986411457464,142846,0,255,89,0.26,0.39,23.41,3.41;39.18;0.82;2.94;39.18;0.82;3.41;46.08;0.35;2.47;44.82;0.12;42.06;-7.8;44.59
1787986411476619,142862,0,255,89,0.26,0.39,23.41,3.41;39.18;0.82;2.94;39.18;0.82;3.41;46.08;0.35;2.47;44.82;0.12;42.06;-7.8;44.59
1787986411496894,142871,0,255,89,0.26,0.39,23.41,3.41;39.18;0.82;2.94;39.18;0.82;3.41;46.08;0.35;2.47;44.82;0.12;42.06;-7.8;44.59
1787986411515064,142880,0,255,89,0.26,0.39,23.41,3.41;39.18;0.82;2.94;39.18;0.82;3.41;46.08;0.35;2.47;44.82;0.12;42.06;-7.8;44.59
1787986411538579,142882,0,255,89,0.26,0.39,23.41,3.41;39.18;0.82;2.94;39.18;0.82;3.41;46.08;0.35;2.47;44.82;0.12;42.06;-7.8;44.59
1787986411556855,142898,0,255,89,0.26,0.39,23.41,3.41;39.18;0.82;2.94;39.18;0.82;3.41;46.08;0.35;2.47;44.82;0.12;42.06;-7.8;44.59
1787986411575698,142907,0,255,89,0.26,0.39,23.41,3.41;39.18;0.82;2.94;39.18;0.82;3.41;46.08;0.35;2.47;44.82;0.12;42.06;-7.8;44.59
1787986411595387,142916,0,255,89,0.26,0.39,23.41,3.41;39.18;0.82;2.94;39.18;0.82;3.41;46.08;0.35;2.47;44.82;0.12;42.06;-7.8;44.59
1787986411615420,142925,0,255,89,0.26,0.39,23.41,3.41;39.18;0.82;2.94;39.18;0.82;3.41;46.08;0.35;2.47;44.82;0.12;42.06;-7.8;44.59
1787986411635156,142934,0,255,89,0.26,0.39,23.41,3.41;39.18;0.82;2.94;39.18;0.82;3.41;46.08;0.35;2.47;44.82;0.12;42.06;-7.8;44.59
1787986411655310,142943,0,255,89,0.26,0.39,23.41,3.41;39.18;0.82;2.94;39.18;0.82;3.41;46.08;0.35;2.47;44.82;0.12;42.06;-7.8;44.59
1787986411674535,142952,0,255,89,0.26,0.39,23.41,3.41;39.18;0.82;2.94;39.18;0.82;3.41;46.08;0.35;2.47;44.82;0.12;42.06;-7.8;44.59
1787986411698619,142961,0,255,89,0.26,0.39,23.41,3.41;39.18;0.82;2.94;39.18;0.82;3.41;46.08;0.35;2.47;44.82;0.12;42.06;-7.8;44.59
1787986411714775,142970,0,255,89,0.26,0.39,23.41,3.41;39.18;0.82;2.94;39.18;0.82;3.41;46.08;0.35;2.47;44.82;0.12;42.06;-7.8;44.59
1787986411734717,142979,0,255,89,0.26,0.39,23.41,3.41;39.18;0.82;2.94;39.18;0.82;3.41;46.08;0.35;2.47;44.82;0.12;42.06;-7.8;44.59
1787986411756987,142988,0,255,89,0.26,0.39,23.41,3.41;39.18;0.82;2.94;39.18;0.82;3.41;46.08;0.35;2.47;44.82;0.12;42.06;-7.8;44.59
1787986411774615,142997,0,255,89,0.26,0.39,23.41,3.41;39.18;0.82;2.94;39.18;0.82;3.41;46.08;0.35;2.47;44.82;0.12;42.06;-7.8;44.59
1787986411795139,143006,0,255,89,0.26,0.39,23.41,3.41;39.18;0.82;2.94;39.18;0.82;3.41;46.08;0.35;2.47;44.82;0.12;42.06;-7.8;44.59
1787986411815504,143015,0,255,89,0.26,0.39,23.41,3.41;39.18;0.82;2.94;39.18;0.82;3.41;46.08;0.35;2.47;44.82;0.12;42.06;-7.8;44.59
1787986411834481,143025,0,255,89,0.26,0.39,23.41,3.41;39.18;0.82;2.94;39.18;0.82;3.41;46.08;0.35;2.47;44.82;0.12;42.06;-7.8;44.59
1787986411854930,143034,0,255,89,0.26,0.39,23.41,3.41;39.18;0.82;2.94;39.18;0.82;3.41;46.08;0.35;2.47;44.82;0.12;42.06;-7.8;44.59
1787986411874836,143043,0,255,88,3.38,-0.48,20.46,10;44.2;-0.12;9.53;36.67;0.82;-4.59;60.51;0.82;-11.18;47.96;-0.35;42.06;-9.84;51.47
1787986411895836,143052,0,255,88,3.38,-0.48,20.46,10;44.2;-0.12;9.53;36.67;0.82;-4.59;60.51;0.82;-11.18;47.96;-0.35;42.06;-9.84;51.47
1787986411916399,143061,0,255,88,3.38,-0.48,20.46,10;44.2;-0.12;9.53;36.67;0.82;-4.59;60.51;0.82;-11.18;47.96;-0.35;42.06;-9.84;51.47
1787986411934894,143070,0,255,88,3.38,-0.48,20.46,10;44.2;-0.12;9.53;36.67;0.82;-4.59;60.51;0.82;-11.18;47.96;-0.35;42.06;-9.84;51.47
1787986411954664,143079,0,255,88,3.38,-0.48,20.46,10;44.2;-0.12;9.53;36.67;0.82;-4.59;60.51;0.82;-11.18;47.96;-0.35;42.06;-9.84;51.47
1787986411975195,143088,0,255,88,3.38,-0.48,20.46,10;44.2;-0.12;9.53;36.67;0.82;-4.59;60.51;0.82;-11.18;47.96;-0.35;42.06;-9.84;51.47
1787986411995305,143097,0,255,88,3.38,-0.48,20.46,10;44.2;-0.12;9.53;36.67;0.82;-4.59;60.51;0.82;-11.18;47.96;-0.35;42.06;-9.84;51.47
1787986412015003,143106,0,255,88,3.38,-0.48,20.46,10;44.2;-0.12;9.53;36.67;0.82;-4.59;60.51;0.82;-11.18;47.96;-0.35;42.06;-9.84;51.47
1787986412036589,143115,0,255,88,3.38,-0.48,20.46,10;44.2;-0.12;9.53;36.67;0.82;-4.59;60.51;0.82;-11.18;47.96;-0.35;42.06;-9.84;51.47
1787986412055845,143124,0,255,88,3.38,-0.48,20.46,10;44.2;-0.12;9.53;36.67;0.82;-4.59;60.51;0.82;-11.18;47.96;-0.35;42.06;-9.84;51.47
1787986412075648,143133,0,255,88,3.38,-0.48,20.46,10;44.2;-0.12;9.53;36.67;0.82;-4.59;60.51;0.82;-11.18;47.96;-0.35;42.06;-9.84;51.47
1787986412095635,143142,0,255,88,3.38,-0.48,20.46,10;44.2;-0.12;9.53;36.67;0.82;-4.59;60.51;0.82;-11.18;47.96;-0.35;42.06;-9.84;51.47
1787986412116052,143151,0,255,88,3.38,-0.48,20.46,10;44.2;-0.12;9.53;36.67;0.82;-4.59;60.51;0.82;-11.18;47.96;-0.35;42.06;-9.84;51.47
1787986412138793,143160,0,255,88,3.38,-0.48,20.46,10;44.2;-0.12;9.53;36.67;0.82;-4.59;60.51;0.82;-11.18;47.96;-0.35;42.06;-9.84;51.47
1787986412155203,143169,0,255,88,3.38,-0.48,20.46,10;44.2;-0.12;9.53;36.67;0.82;-4.59;60.51;0.82;-11.18;47.96;-0.35;42.06;-9.84;51.47
1787986412174970,143178,0,255,88,3.38,-0.48,20.46,10;44.2;-0.12;9.53;36.67;0.82;-4.59;60.51;0.82;-11.18;47.96;-0.35;42.06;-9.84;51.47
1787986412195316,143187,0,255,88,3.38,-0.48,20.46,10;44.2;-0.12;9.53;36.67;0.82;-4.59;60.51;0.82;-11.18;47.96;-0.35;42.06;-9.84;51.47
1787986412215871,143196,0,255,88,3.38,-0.48,20.46,10;44.2;-0.12;9.53;36.67;0.82;-4.59;60.51;0.82;-11.18;47.96;-0.35;42.06;-9.84;51.47
1787986412235436,143205,0,255,88,3.38,-0.48,20.46,10;44.2;-0.12;9.53;36.67;0.82;-4.59;60.51;0.82;-11.18;47.96;-0.35;42.06;-9.84;51.47
1787986412256163,143214,0,255,88,3.38,-0.48,20.46,10;44.2;-0.12;9.53;36.67;0.82;-4.59;60.51;0.82;-11.18;47.96;-0.35;42.06;-9.84;51.47
1787986412276225,143223,0,255,88,3.38,-0.48,20.46,10;44.2;-0.12;9.53;36.67;0.82;-4.59;60.51;0.82;-11.18;47.96;-0.35;42.06;-9.84;51.47
1787986412296197,143232,0,255,88,3.38,-0.48,20.46,10;44.2;-0.12;9.53;36.67;0.82;-4.59;60.51;0.82;-11.18;47.96;-0.35;42.06;-9.84;51.47
1787986412317317,143241,0,255,88,3.38,-0.48,20.46,10;44.2;-0.12;9.53;36.67;0.82;-4.59;60.51;0.82;-11.18;47.96;-0.35;42.06;-9.84;51.47
1787986412337907,143250,0,255,88,3.38,-0.48,20.46,10;44.2;-0.12;9.53;36.67;0.82;-4.59;60.51;0.82;-11.18;47.96;-0.35;42.06;-9.84;51.47
1787986412355209,143259,0,255,88,3.38,-0.48,20.46,10;44.2;-0.12;9.53;36.67;0.82;-4.59;60.51;0.82;-11.18;47.96;-0.35;42.06;-9.84;51.47
1787986412375695,143268,0,255,88,3.38,-0.48,20.46,10;44.2;-0.12;9.53;36.67;0.82;-4.59;60.51;0.82;-11.18;47.96;-0.35;42.06;-9.84;51.47
1787986412395084,143277,0,255,88,3.38,-0.48,20.46,10;44.2;-0.12;9.53;36.67;0.82;-4.59;60.51;0.82;-11.18;47.96;-0.35;42.06;-9.84;51.47
1787986412418731,143286,0,255,88,3.38,-0.48,20.46,10;44.2;-0.12;9.53;36.67;0.82;-4.59;60.51;0.82;-11.18;47.96;-0.35;42.06;-9.84;51.47
1787986412435038,143295,0,255,88,3.38,-0.48,20.46,10;44.2;-0.12;9.53;36.67;0.82;-4.59;60.51;0.82;-11.18;47.96;-0.35;42.06;-9.84;51.47
1787986412455841,143304,0,255,88,3.38,-0.48,20.46,10;44.2;-0.12;9.53;36.67;0.82;-4.59;60.51;0.82;-11.18;47.96;-0.35;42.06;-9.84;51.47
1787986412476305,143313,0,255,88,3.38,-0.48,20.46,10;44.2;-0.12;9.53;36.67;0.82;-4.59;60.51;0.82;-11.18;47.96;-0.35;42.06;-9.84;51.47
1787986412496819,143322,0,255,88,3.38,-0.48,20.46,10;44.2;-0.12;9.53;36.67;0.82;-4.59;60.51;0.82;-11.18;47.96;-0.35;42.06;-9.84;51.47
1787986412516070,143331,0,255,88,3.38,-0.48,20.46,10;44.2;-0.12;9.53;36.67;0.82;-4.59;60.51;0.82;-11.18;47.96;-0.35;42.06;-9.84;51.47
1787986412535569,143340,0,255,88,3.38,-0.48,20.46,10;44.2;-0.12;9.53;36.67;0.82;-4.59;60.51;0.82;-11.18;47.96;-0.35;42.06;-9.84;51.47
1787986412554645,143349,0,255,88,3.38,-0.48,20.46,10;44.2;-0.12;9.53;36.67;0.82;-4.59;60.51;0.82;-11.18;47.96;-0.35;42.06;-9.84;51.47
1787986412575960,143358,0,255,88,3.38,-0.48,20.46,10;44.2;-0.12;9.53;36.67;0.82;-4.59;60.51;0.82;-11.18;47.96;-0.35;42.06;-9.84;51.47
1787986412595790,143367,0,255,88,3.38,-0.48,20.46,10;44.2;-0.12;9.53;36.67;0.82;-4.59;60.51;0.82;-11.18;47.96;-0.35;42.06;-9.84;51.47
1787986412615858,143376,0,255,88,3.38,-0.48,20.46,10;44.2;-0.12;9.53;36.67;0.82;-4.59;60.51;0.82;-11.18;47.96;-0.35;42.06;-9.84;51.47
1787986412638355,143385,0,255,88,3.38,-0.48,20.46,10;44.2;-0.12;9.53;36.67;0.82;-4.59;60.51;0.82;-11.18;47.96;-0.35;42.06;-9.84;51.47
1787986412655907,143394,0,255,88,3.38,-0.48,20.46,10;44.2;-0.12;9.53;36.67;0.82;-4.59;60.51;0.82;-11.18;47.96;-0.35;42.06;-9.84;51.47
1787986412675126,143403,0,255,88,3.38,-0.48,20.46,10;44.2;-0.12;9.53;36.67;0.82;-4.59;60.51;0.82;-11.18;47.96;-0.35;42.06;-9.84;51.47
1787986412696572,143412,0,255,88,3.38,-0.48,20.46,10;44.2;-0.12;9.53;36.67;0.82;-4.59;60.51;0.82;-11.18;47.96;-0.35;42.06;-9.84;51.47
1787986412714900,143421,0,255,88,3.38,-0.48,20.46,10;44.2;-0.12;9.53;36.67;0.82;-4.59;60.51;0.82;-11.18;47.96;-0.35;42.06;-9.84;51.47
1787986412735071,143430,0,255,88,3.38,-0.48,20.46,10;44.2;-0.12;9.53;36.67;0.82;-4.59;60.51;0.82;-11.18;47.96;-0.35;42.06;-9.84;51.47
1787986412756223,143439,0,255,88,3.38,-0.48,20.46,10;44.2;-0.12;9.53;36.67;0.82;-4.59;60.51;0.82;-11.18;47.96;-0.35;42.06;-9.84;51.47
1787986412774352,143448,0,255,88,3.38,-0.48,20.46,10;44.2;-0.12;9.53;36.67;0.82;-4.59;60.51;0.82;-11.18;47.96;-0.35;42.06;-9.84;51.47
1787986412796035,143457,0,255,88,3.38,-0.48,20.46,10;44.2;-0.12;9.53;36.67;0.82;-4.59;60.51;0.82;-11.18;47.96;-0.35;42.06;-9.84;51.47
1787986412814684,143466,0,255,88,3.38,-0.48,20.46,10;44.2;-0.12;9.53;36.67;0.82;-4.59;60.51;0.82;-11.18;47.96;-0.35;42.06;-9.84;51.47
1787986412835789,143476,0,255,88,3.38,-0.48,20.46,10;44.2;-0.12;9.53;36.67;0.82;-4.59;60.51;0.82;-11.18;47.96;-0.35;42.06;-9.84;51.47
1787986412856031,143485,0,255,88,-0.58,-2.09,19.13,10;38.55;0.59;10.94;39.8;1.53;-0.82;50.47;-0.59;-0.82;51.1;0.82;42.06;-10.35;51.47
1787986412876545,143494,0,255,88,-0.58,-2.09,19.13,10;38.55;0.59;10.94;39.8;1.53;-0.82;50.47;-0.59;-0.82;51.1;0.82;42.06;-10.35;51.47
1787986412894846,143503,0,255,88,-0.58,-2.09,19.13,10;38.55;0.59;10.94;39.8;1.53;-0.82;50.47;-0.59;-0.82;51.1;0.82;42.06;-10.35;51.47
1787986412916409,143512,0,255,88,-0.58,-2.09,19.13,10;38.55;0.59;10.94;39.8;1.53;-0.82;50.47;-0.59;-0.82;51.1;0.82;42.06;-10.35;51.47
1787986412935279,143521,0,255,88,-0.58,-2.09,19.13,10;38.55;0.59;10.94;39.8;1.53;-0.82;50.47;-0.59;-0.82;51.1;0.82;42.06;-10.35;51.47
1787986412956709,143530,0,255,88,-0.58,-2.09,19.13,10;38.55;0.59;10.94;39.8;1.53;-0.82;50.47;-0.59;-0.82;51.1;0.82;42.06;-10.35;51.47
1787986412976263,143539,0,255,88,-0.58,-2.09,19.13,10;38.55;0.59;10.94;39.8;1.53;-0.82;50.47;-0.59;-0.82;51.1;0.82;42.06;-10.35;51.47
1787986412996427,143548,0,255,88,-0.58,-2.09,19.13,10;38.55;0.59;10.94;39.8;1.53;-0.82;50.47;-0.59;-0.82;51.1;0.82;42.06;-10.35;51.47
1787986413015610,143557,0,255,88,-0.58,-2.09,19.13,10;38.55;0.59;10.94;39.8;1.53;-0.82;50.47;-0.59;-0.82;51.1;0.82;42.06;-10.35;51.47
1787986413035780,143566,0,255,88,-0.58,-2.09,19.13,10;38.55;0.59;10.94;39.8;1.53;-0.82;50.47;-0.59;-0.82;51.1;0.82;42.06;-10.35;51.47
1787986413055464,143575,0,255,88,-0.58,-2.09,19.13,10;38.55;0.59;10.94;39.8;1.53;-0.82;50.47;-0.59;-0.82;51.1;0.82;42.06;-10.35;51.47
1787986413076155,143584,0,255,88,-0.58,-2.09,19.13,10;38.55;0.59;10.94;39.8;1.53;-0.82;50.47;-0.59;-0.82;51.1;0.82;42.06;-10.35;51.47
1787986413094605,143593,0,255,88,-0.58,-2.09,19.13,10;38.55;0.59;10.94;39.8;1.53;-0.82;50.47;-0.59;-0.82;51.1;0.82;42.06;-10.35;51.47
1787986413115914,143602,0,255,88,-0.58,-2.09,19.13,10;38.55;0.59;10.94;39.8;1.53;-0.82;50.47;-0.59;-0.82;51.1;0.82;42.06;-10.35;51.47
1787986413135616,143611,0,255,88,-0.58,-2.09,19.13,10;38.55;0.59;10.94;39.8;1.53;-0.82;50.47;-0.59;-0.82;51.1;0.82;42.06;-10.35;51.47
1787986413154905,143620,0,255,88,-0.58,-2.09,19.13,10;38.55;0.59;10.94;39.8;1.53;-0.82;50.47;-0.59;-0.82;51.1;0.82;42.06;-10.35;51.47
1787986413175980,143629,0,255,88,-0.58,-2.09,19.13,10;38.55;0.59;10.94;39.8;1.53;-0.82;50.47;-0.59;-0.82;51.1;0.82;42.06;-10.35;51.47
1787986413195926,143638,0,255,88,-0.58,-2.09,19.13,10;38.55;0.59;10.94;39.8;1.53;-0.82;50.47;-0.59;-0.82;51.1;0.82;42.06;-10.35;51.47
1787986413214548,143647,0,255,88,-0.58,-2.09,19.13,10;38.55;0.59;10.94;39.8;1.53;-0.82;50.47;-0.59;-0.82;51.1;0.82;42.06;-10.35;51.47
1787986413235783,143656,0,255,88,-0.58,-2.09,19.13,10;38.55;0.59;10.94;39.8;1.53;-0.82;50.47;-0.59;-0.82;51.1;0.82;42.06;-10.35;51.47
1787986413255222,143665,0,255,88,-0.58,-2.09,19.13,10;38.55;0.59;10.94;39.8;1.53;-0.82;50.47;-0.59;-0.82;51.1;0.82;42.06;-10.35;51.47
1787986413275380,143674,0,255,88,-0.58,-2.09,19.13,10;38.55;0.59;10.94;39.8;1.53;-0.82;50.47;-0.59;-0.82;51.1;0.82;42.06;-10.35;51.47
1787986413294977,143683,0,255,88,-0.58,-2.09,19.13,10;38.55;0.59;10.94;39.8;1.53;-0.82;50.47;-0.59;-0.82;51.1;0.82;42.06;-10.35;51.47
1787986413314730,143692,0,255,88,-0.58,-2.09,19.13,10;38.55;0.59;10.94;39.8;1.53;-0.82;50.47;-0.59;-0.82;51.1;0.82;42.06;-10.35;51.47
1787986413335234,143701,0,255,88,-0.58,-2.09,19.13,10;38.55;0.59;10.94;39.8;1.53;-0.82;50.47;-0.59;-0.82;51.1;0.82;42.06;-10.35;51.47
1787986413356105,143710,0,255,88,-0.58,-2.09,19.13,10;38.55;0.59;10.94;39.8;1.53;-0.82;50.47;-0.59;-0.82;51.1;0.82;42.06;-10.35;51.47
1787986413374796,143719,0,255,88,-0.58,-2.09,19.13,10;38.55;0.59;10.94;39.8;1.53;-0.82;50.47;-0.59;-0.82;51.1;0.82;42.06;-10.35;51.47
1787986413394341,143728,0,255,88,-0.58,-2.09,19.13,10;38.55;0.59;10.94;39.8;1.53;-0.82;50.47;-0.59;-0.82;51.1;0.82;42.06;-10.35;51.47
1787986413414781,143737,0,255,88,-0.58,-2.09,19.13,10;38.55;0.59;10.94;39.8;1.53;-0.82;50.47;-0.59;-0.82;51.1;0.82;42.06;-10.35;51.47
1787986413436614,143746,0,255,88,-0.58,-2.09,19.13,10;38.55;0.59;10.94;39.8;1.53;-0.82;50.47;-0.59;-0.82;51.1;0.82;42.06;-10.35;51.47
1787986413456784,143755,0,255,88,-0.58,-2.09,19.13,10;38.55;0.59;10.94;39.8;1.53;-0.82;50.47;-0.59;-0.82;51.1;0.82;42.06;-10.35;51.47
1787986413474191,143764,0,255,88,-0.58,-2.09,19.13,10;38.55;0.59;10.94;39.8;1.53;-0.82;50.47;-0.59;-0.82;51.1;0.82;42.06;-10.35;51.47
1787986413494833,143773,0,255,88,-0.58,-2.09,19.13,10;38.55;0.59;10.94;39.8;1.53;-0.82;50.47;-0.59;-0.82;51.1;0.82;42.06;-10.35;51.47
1787986413515238,143782,0,255,88,-0.58,-2.09,19.13,10;38.55;0.59;10.94;39.8;1.53;-0.82;50.47;-0.59;-0.82;51.1;0.82;42.06;-10.35;51.47
1787986413534980,143791,0,255,88,-0.58,-2.09,19.13,10;38.55;0.59;10.94;39.8;1.53;-0.82;50.47;-0.59;-0.82;51.1;0.82;42.06;-10.35;51.47
1787986413555153,143800,0,255,88,-0.58,-2.09,19.13,10;38.55;0.59;10.94;39.8;1.53;-0.82;50.47;-0.59;-0.82;51.1;0.82;42.06;-10.35;51.47
1787986413574600,143809,0,255,88,-0.58,-2.09,19.13,10;38.55;0.59;10.94;39.8;1.53;-0.82;50.47;-0.59;-0.82;51.1;0.82;42.06;-10.35;51.47
1787986413594005,143818,0,255,88,-0.58,-2.09,19.13,10;38.55;0.59;10.94;39.8;1.53;-0.82;50.47;-0.59;-0.82;51.1;0.82;42.06;-10.35;51.47
1787986413614779,143827,0,255,88,-0.58,-2.09,19.13,10;38.55;0.59;10.94;39.8;1.53;-0.82;50.47;-0.59;-0.82;51.1;0.82;42.06;-10.35;51.47
1787986413635298,143836,0,255,88,-0.58,-2.09,19.13,10;38.55;0.59;10.94;39.8;1.53;-0.82;50.47;-0.59;-0.82;51.1;0.82;42.06;-10.35;51.47
1787986413655477,143845,0,255,88,-0.58,-2.09,19.13,10;38.55;0.59;10.94;39.8;1.53;-0.82;50.47;-0.59;-0.82;51.1;0.82;42.06;-10.35;51.47
1787986413674600,143854,0,255,88,-0.58,-2.09,19.13,10;38.55;0.59;10.94;39.8;1.53;-0.82;50.47;-0.59;-0.82;51.1;0.82;42.06;-10.35;51.47
1787986413696836,143863,0,255,88,-0.58,-2.09,19.13,10;38.55;0.59;10.94;39.8;1.53;-0.82;50.47;-0.59;-0.82;51.1;0.82;42.06;-10.35;51.47
1787986413715086,143872,0,255,88,-0.58,-2.09,19.13,10;38.55;0.59;10.94;39.8;1.53;-0.82;50.47;-0.59;-0.82;51.1;0.82;42.06;-10.35;51.47
1787986413735906,143881,0,255,88,-0.58,-2.09,19.13,10;38.55;0.59;10.94;39.8;1.53;-0.82;50.47;-0.59;-0.82;51.1;0.82;42.06;-10.35;51.47
1787986413756076,143890,0,255,88,-0.58,-2.09,19.13,10;38.55;0.59;10.94;39.8;1.53;-0.82;50.47;-0.59;-0.82;51.1;0.82;42.06;-10.35;51.47
1787986413779229,143899,0,255,88,-0.58,-2.09,19.13,10;38.55;0.59;10.94;39.8;1.53;-0.82;50.47;-0.59;-0.82;51.1;0.82;42.06;-10.35;51.47
1787986413795370,143908,0,255,88,-0.58,-2.09,19.13,10;38.55;0.59;10.94;39.8;1.53;-0.82;50.47;-0.59;-0.82;51.1;0.82;42.06;-10.35;51.47
1787986413814332,143917,0,255,88,-0.58,-2.09,19.13,10;38.55;0.59;10.94;39.8;1.53;-0.82;50.47;-0.59;-0.82;51.1;0.82;42.06;-10.35;51.47
1787986413836649,143927,0,255,88,-0.58,-2.09,19.13,10;38.55;0.59;10.94;39.8;1.53;-0.82;50.47;-0.59;-0.82;51.1;0.82;42.06;-10.35;51.47
1787986413860646,143929,0,255,87,0,-2.68,18.47,10;38.55;0.59;10.94;39.8;1.29;-1.29;50.47;-0.12;-0.82;51.1;0.59;42.06;-10.35;51.47
1787986413875247,143945,0,255,87,0,-2.68,18.47,10;38.55;0.59;10.94;39.8;1.29;-1.29;50.47;-0.12;-0.82;51.1;0.59;42.06;-10.35;51.47
1787986413895962,143954,0,255,87,0,-2.68,18.47,10;38.55;0.59;10.94;39.8;1.29;-1.29;50.47;-0.12;-0.82;51.1;0.59;42.06;-10.35;51.47
1787986413915164,143963,0,255,87,0,-2.68,18.47,10;38.55;0.59;10.94;39.8;1.29;-1.29;50.47;-0.12;-0.82;51.1;0.59;42.06;-10.35;51.47
1787986413935805,143972,0,255,87,0,-2.68,18.47,10;38.55;0.59;10.94;39.8;1.29;-1.29;50.47;-0.12;-0.82;51.1;0.59;42.06;-10.35;51.47
1787986413955182,143981,0,255,87,0,-2.68,18.47,10;38.55;0.59;10.94;39.8;1.29;-1.29;50.47;-0.12;-0.82;51.1;0.59;42.06;-10.35;51.47
1787986413974654,143990,0,255,87,0,-2.68,18.47,10;38.55;0.59;10.94;39.8;1.29;-1.29;50.47;-0.12;-0.82;51.1;0.59;42.06;-10.35;51.47
1787986413994173,143999,0,255,87,0,-2.68,18.47,10;38.55;0.59;10.94;39.8;1.29;-1.29;50.47;-0.12;-0.82;51.1;0.59;42.06;-10.35;51.47
1787986414014669,144008,0,255,87,0,-2.68,18.47,10;38.55;0.59;10.94;39.8;1.29;-1.29;50.47;-0.12;-0.82;51.1;0.59;42.06;-10.35;51.47
1787986414034695,144017,0,255,87,0,-2.68,18.47,10;38.55;0.59;10.94;39.8;1.29;-1.29;50.47;-0.12;-0.82;51.1;0.59;42.06;-10.35;51.47
1787986414056745,144026,0,255,87,0,-2.68,18.47,10;38.55;0.59;10.94;39.8;1.29;-1.29;50.47;-0.12;-0.82;51.1;0.59;42.06;-10.35;51.47
1787986414075372,144035,0,255,87,0,-2.68,18.47,10;38.55;0.59;10.94;39.8;1.29;-1.29;50.47;-0.12;-0.82;51.1;0.59;42.06;-10.35;51.47
1787986414094967,144044,0,255,87,0,-2.68,18.47,10;38.55;0.59;10.94;39.8;1.29;-1.29;50.47;-0.12;-0.82;51.1;0.59;42.06;-10.35;51.47
1787986414114235,144053,0,255,87,0,-2.68,18.47,10;38.55;0.59;10.94;39.8;1.29;-1.29;50.47;-0.12;-0.82;51.1;0.59;42.06;-10.35;51.47
1787986414135413,144062,0,255,87,0,-2.68,18.47,10;38.55;0.59;10.94;39.8;1.29;-1.29;50.47;-0.12;-0.82;51.1;0.59;42.06;-10.35;51.47
1787986414154828,144071,0,255,87,0,-2.68,18.47,10;38.55;0.59;10.94;39.8;1.29;-1.29;50.47;-0.12;-0.82;51.1;0.59;42.06;-10.35;51.47
1787986414174836,144080,0,255,87,0,-2.68,18.47,10;38.55;0.59;10.94;39.8;1.29;-1.29;50.47;-0.12;-0.82;51.1;0.59;42.06;-10.35;51.47
1787986414194755,144089,0,255,87,0,-2.68,18.47,10;38.55;0.59;10.94;39.8;1.29;-1.29;50.47;-0.12;-0.82;51.1;0.59;42.06;-10.35;51.47
1787986414214339,144098,0,255,87,0,-2.68,18.47,10;38.55;0.59;10.94;39.8;1.29;-1.29;50.47;-0.12;-0.82;51.1;0.59;42.06;-10.35;51.47
1787986414234592,144107,0,255,87,0,-2.68,18.47,10;38.55;0.59;10.94;39.8;1.29;-1.29;50.47;-0.12;-0.82;51.1;0.59;42.06;-10.35;51.47
1787986414256074,144116,0,255,87,0,-2.68,18.47,10;38.55;0.59;10.94;39.8;1.29;-1.29;50.47;-0.12;-0.82;51.1;0.59;42.06;-10.35;51.47
1787986414274633,144125,0,255,87,0,-2.68,18.47,10;38.55;0.59;10.94;39.8;1.29;-1.29;50.47;-0.12;-0.82;51.1;0.59;42.06;-10.35;51.47
1787986414294496,144134,0,255,87,0,-2.68,18.47,10;38.55;0.59;10.94;39.8;1.29;-1.29;50.47;-0.12;-0.82;51.1;0.59;42.06;-10.35;51.47
1787986414314721,144143,0,255,87,0,-2.68,18.47,10;38.55;0.59;10.94;39.8;1.29;-1.29;50.47;-0.12;-0.82;51.1;0.59;42.06;-10.35;51.47
1787986414336104,144152,0,255,87,0,-2.68,18.47,10;38.55;0.59;10.94;39.8;1.29;-1.29;50.47;-0.12;-0.82;51.1;0.59;42.06;-10.35;51.47
1787986414355168,144161,0,255,87,0,-2.68,18.47,10;38.55;0.59;10.94;39.8;1.29;-1.29;50.47;-0.12;-0.82;51.1;0.59;42.06;-10.35;51.47
1787986414374230,144170,0,255,87,0,-2.68,18.47,10;38.55;0.59;10.94;39.8;1.29;-1.29;50.47;-0.12;-0.82;51.1;0.59;42.06;-10.35;51.47
1787986414394527,144179,0,255,87,0,-2.68,18.47,10;38.55;0.59;10.94;39.8;1.29;-1.29;50.47;-0.12;-0.82;51.1;0.59;42.06;-10.35;51.47
1787986414415626,144188,0,255,87,0,-2.68,18.47,10;38.55;0.59;10.94;39.8;1.29;-1.29;50.47;-0.12;-0.82;51.1;0.59;42.06;-10.35;51.47
1787986414437008,144197,0,255,87,0,-2.68,18.47,10;38.55;0.59;10.94;39.8;1.29;-1.29;50.47;-0.12;-0.82;51.1;0.59;42.06;-10.35;51.47
1787986414456024,144206,0,255,87,0,-2.68,18.47,10;38.55;0.59;10.94;39.8;1.29;-1.29;50.47;-0.12;-0.82;51.1;0.59;42.06;-10.35;51.47
1787986414474740,144215,0,255,87,0,-2.68,18.47,10;38.55;0.59;10.94;39.8;1.29;-1.29;50.47;-0.12;-0.82;51.1;0.59;42.06;-10.35;51.47
1787986414498029,144224,0,255,87,0,-2.68,18.47,10;38.55;0.59;10.94;39.8;1.29;-1.29;50.47;-0.12;-0.82;51.1;0.59;42.06;-10.35;51.47
1787986414515468,144233,0,255,87,0,-2.68,18.47,10;38.55;0.59;10.94;39.8;1.29;-1.29;50.47;-0.12;-0.82;51.1;0.59;42.06;-10.35;51.47
1787986414536316,144242,0,255,87,0,-2.68,18.47,10;38.55;0.59;10.94;39.8;1.29;-1.29;50.47;-0.12;-0.82;51.1;0.59;42.06;-10.35;51.47
1787986414560124,144251,0,255,87,0,-2.68,18.47,10;38.55;0.59;10.94;39.8;1.29;-1.29;50.47;-0.12;-0.82;51.1;0.59;42.06;-10.35;51.47
1787986414574821,144260,0,255,87,0,-2.68,18.47,10;38.55;0.59;10.94;39.8;1.29;-1.29;50.47;-0.12;-0.82;51.1;0.59;42.06;-10.35;51.47
1787986414595627,144269,0,255,87,0,-2.68,18.47,10;38.55;0.59;10.94;39.8;1.29;-1.29;50.47;-0.12;-0.82;51.1;0.59;42.06;-10.35;51.47
1787986414615494,144278,0,255,87,0,-2.68,18.47,10;38.55;0.59;10.94;39.8;1.29;-1.29;50.47;-0.12;-0.82;51.1;0.59;42.06;-10.35;51.47
1787986414635452,144287,0,255,87,0,-2.68,18.47,10;38.55;0.59;10.94;39.8;1.29;-1.29;50.47;-0.12;-0.82;51.1;0.59;42.06;-10.35;51.47
1787986414655806,144296,0,255,87,0,-2.68,18.47,10;38.55;0.59;10.94;39.8;1.29;-1.29;50.47;-0.12;-0.82;51.1;0.59;42.06;-10.35;51.47
1787986414675599,144305,0,255,87,0,-2.68,18.47,10;38.55;0.59;10.94;39.8;1.29;-1.29;50.47;-0.12;-0.82;51.1;0.59;42.06;-10.35;51.47
1787986414695305,144314,0,255,87,0,-2.68,18.47,10;38.55;0.59;10.94;39.8;1.29;-1.29;50.47;-0.12;-0.82;51.1;0.59;42.06;-10.35;51.47
1787986414714011,144323,0,255,87,0,-2.68,18.47,10;38.55;0.59;10.94;39.8;1.29;-1.29;50.47;-0.12;-0.82;51.1;0.59;42.06;-10.35;51.47
1787986414734287,144332,0,255,87,0,-2.68,18.47,10;38.55;0.59;10.94;39.8;1.29;-1.29;50.47;-0.12;-0.82;51.1;0.59;42.06;-10.35;51.47
1787986414756089,144341,0,255,87,0,-2.68,18.47,10;38.55;0.59;10.94;39.8;1.29;-1.29;50.47;-0.12;-0.82;51.1;0.59;42.06;-10.35;51.47
1787986414776929,144350,0,255,87,0,-2.68,18.47,10;38.55;0.59;10.94;39.8;1.29;-1.29;50.47;-0.12;-0.82;51.1;0.59;42.06;-10.35;51.47
1787986414795575,144359,0,255,87,0,-2.68,18.47,10;38.55;0.59;10.94;39.8;1.29;-1.29;50.47;-0.12;-0.82;51.1;0.59;42.06;-10.35;51.47
1787986414815550,144368,0,255,87,0,-2.68,18.47,10;38.55;0.59;10.94;39.8;1.29;-1.29;50.47;-0.12;-0.82;51.1;0.59;42.06;-10.35;51.47
1787986414835111,144378,0,255,87,0,-2.68,18.47,10;38.55;0.59;10.94;39.8;1.29;-1.29;50.47;-0.12;-0.82;51.1;0.59;42.06;-10.35;51.47
1787986414854331,144387,0,255,87,0,-2.68,18.47,10;38.55;0.59;10.94;39.8;1.29;-1.29;50.47;-0.12;-0.82;51.1;0.59;42.06;-10.35;51.47
1787986414877686,144396,0,255,88,-0.13,2.06,17.47,-0.35;37.92;0.59;-0.35;39.8;1.29;6.24;41.06;1.06;6.24;41.06;0.12;42.06;-6.27;38.47
1787986414895912,144405,0,255,88,-0.13,2.06,17.47,-0.35;37.92;0.59;-0.35;39.8;1.29;6.24;41.06;1.06;6.24;41.06;0.12;42.06;-6.27;38.47
1787986414947722,144414,0,255,88,-0.13,2.06,17.47,-0.35;37.92;0.59;-0.35;39.8;1.29;6.24;41.06;1.06;6.24;41.06;0.12;42.06;-6.27;38.47
1787986414949718,144416,0,255,88,-0.13,2.06,17.47,-0.35;37.92;0.59;-0.35;39.8;1.29;6.24;41.06;1.06;6.24;41.06;0.12;42.06;-6.27;38.47
1787986414958861,144432,0,255,88,-0.13,2.06,17.47,-0.35;37.92;0.59;-0.35;39.8;1.29;6.24;41.06;1.06;6.24;41.06;0.12;42.06;-6.27;38.47
1787986414974672,144441,0,255,88,-0.13,2.06,17.47,-0.35;37.92;0.59;-0.35;39.8;1.29;6.24;41.06;1.06;6.24;41.06;0.12;42.06;-6.27;38.47
1787986414997509,144450,0,255,88,-0.13,2.06,17.47,-0.35;37.92;0.59;-0.35;39.8;1.29;6.24;41.06;1.06;6.24;41.06;0.12;42.06;-6.27;38.47
1787986415015247,144459,0,255,88,-0.13,2.06,17.47,-0.35;37.92;0.59;-0.35;39.8;1.29;6.24;41.06;1.06;6.24;41.06;0.12;42.06;-6.27;38.47
1787986415035003,144468,0,255,88,-0.13,2.06,17.47,-0.35;37.92;0.59;-0.35;39.8;1.29;6.24;41.06;1.06;6.24;41.06;0.12;42.06;-6.27;38.47
1787986415056221,144477,0,255,88,-0.13,2.06,17.47,-0.35;37.92;0.59;-0.35;39.8;1.29;6.24;41.06;1.06;6.24;41.06;0.12;42.06;-6.27;38.47
1787986415076059,144486,0,255,88,-0.13,2.06,17.47,-0.35;37.92;0.59;-0.35;39.8;1.29;6.24;41.06;1.06;6.24;41.06;0.12;42.06;-6.27;38.47
1787986415094519,144495,0,255,88,-0.13,2.06,17.47,-0.35;37.92;0.59;-0.35;39.8;1.29;6.24;41.06;1.06;6.24;41.06;0.12;42.06;-6.27;38.47
1787986415115285,144504,0,255,88,-0.13,2.06,17.47,-0.35;37.92;0.59;-0.35;39.8;1.29;6.24;41.06;1.06;6.24;41.06;0.12;42.06;-6.27;38.47
1787986415134806,144513,0,255,88,-0.13,2.06,17.47,-0.35;37.92;0.59;-0.35;39.8;1.29;6.24;41.06;1.06;6.24;41.06;0.12;42.06;-6.27;38.47
1787986415154221,144522,0,255,88,-0.13,2.06,17.47,-0.35;37.92;0.59;-0.35;39.8;1.29;6.24;41.06;1.06;6.24;41.06;0.12;42.06;-6.27;38.47
1787986415174243,144531,0,255,88,-0.13,2.06,17.47,-0.35;37.92;0.59;-0.35;39.8;1.29;6.24;41.06;1.06;6.24;41.06;0.12;42.06;-6.27;38.47
1787986415194628,144540,0,255,88,-0.13,2.06,17.47,-0.35;37.92;0.59;-0.35;39.8;1.29;6.24;41.06;1.06;6.24;41.06;0.12;42.06;-6.27;38.47
1787986415215953,144549,0,255,88,-0.13,2.06,17.47,-0.35;37.92;0.59;-0.35;39.8;1.29;6.24;41.06;1.06;6.24;41.06;0.12;42.06;-6.27;38.47
1787986415234727,144558,0,255,88,-0.13,2.06,17.47,-0.35;37.92;0.59;-0.35;39.8;1.29;6.24;41.06;1.06;6.24;41.06;0.12;42.06;-6.27;38.47
1787986415254457,144567,0,255,88,-0.13,2.06,17.47,-0.35;37.92;0.59;-0.35;39.8;1.29;6.24;41.06;1.06;6.24;41.06;0.12;42.06;-6.27;38.47
1787986415276623,144576,0,255,88,-0.13,2.06,17.47,-0.35;37.92;0.59;-0.35;39.8;1.29;6.24;41.06;1.06;6.24;41.06;0.12;42.06;-6.27;38.47
1787986415295459,144585,0,255,88,-0.13,2.06,17.47,-0.35;37.92;0.59;-0.35;39.8;1.29;6.24;41.06;1.06;6.24;41.06;0.12;42.06;-6.27;38.47
1787986415315734,144594,0,255,88,-0.13,2.06,17.47,-0.35;37.92;0.59;-0.35;39.8;1.29;6.24;41.06;1.06;6.24;41.06;0.12;42.06;-6.27;38.47
1787986415334846,144603,0,255,88,-0.13,2.06,17.47,-0.35;37.92;0.59;-0.35;39.8;1.29;6.24;41.06;1.06;6.24;41.06;0.12;42.06;-6.27;38.47
1787986415353913,144612,0,255,88,-0.13,2.06,17.47,-0.35;37.92;0.59;-0.35;39.8;1.29;6.24;41.06;1.06;6.24;41.06;0.12;42.06;-6.27;38.47
1787986415375426,144621,0,255,88,-0.13,2.06,17.47,-0.35;37.92;0.59;-0.35;39.8;1.29;6.24;41.06;1.06;6.24;41.06;0.12;42.06;-6.27;38.47
1787986415394792,144630,0,255,88,-0.13,2.06,17.47,-0.35;37.92;0.59;-0.35;39.8;1.29;6.24;41.06;1.06;6.24;41.06;0.12;42.06;-6.27;38.47
1787986415415346,144639,0,255,88,-0.13,2.06,17.47,-0.35;37.92;0.59;-0.35;39.8;1.29;6.24;41.06;1.06;6.24;41.06;0.12;42.06;-6.27;38.47
1787986415435649,144648,0,255,88,-0.13,2.06,17.47,-0.35;37.92;0.59;-0.35;39.8;1.29;6.24;41.06;1.06;6.24;41.06;0.12;42.06;-6.27;38.47
1787986415473883,144657,0,255,88,-0.13,2.06,17.47,-0.35;37.92;0.59;-0.35;39.8;1.29;6.24;41.06;1.06;6.24;41.06;0.12;42.06;-6.27;38.47
1787986415475721,144659,0,255,88,-0.13,2.06,17.47,-0.35;37.92;0.59;-0.35;39.8;1.29;6.24;41.06;1.06;6.24;41.06;0.12;42.06;-6.27;38.47
1787986415495732,144668,0,255,88,-0.13,2.06,17.47,-0.35;37.92;0.59;-0.35;39.8;1.29;6.24;41.06;1.06;6.24;41.06;0.12;42.06;-6.27;38.47
1787986415514717,144684,0,255,88,-0.13,2.06,17.47,-0.35;37.92;0.59;-0.35;39.8;1.29;6.24;41.06;1.06;6.24;41.06;0.12;42.06;-6.27;38.47
1787986415534819,144693,0,255,88,-0.13,2.06,17.47,-0.35;37.92;0.59;-0.35;39.8;1.29;6.24;41.06;1.06;6.24;41.06;0.12;42.06;-6.27;38.47
1787986415555448,144702,0,255,88,-0.13,2.06,17.47,-0.35;37.92;0.59;-0.35;39.8;1.29;6.24;41.06;1.06;6.24;41.06;0.12;42.06;-6.27;38.47
1787986415575445,144711,0,255,88,-0.13,2.06,17.47,-0.35;37.92;0.59;-0.35;39.8;1.29;6.24;41.06;1.06;6.24;41.06;0.12;42.06;-6.27;38.47
1787986415595536,144720,0,255,88,-0.13,2.06,17.47,-0.35;37.92;0.59;-0.35;39.8;1.29;6.24;41.06;1.06;6.24;41.06;0.12;42.06;-6.27;38.47
1787986415615730,144729,0,255,88,-0.13,2.06,17.47,-0.35;37.92;0.59;-0.35;39.8;1.29;6.24;41.06;1.06;6.24;41.06;0.12;42.06;-6.27;38.47
1787986415635239,144738,0,255,88,-0.13,2.06,17.47,-0.35;37.92;0.59;-0.35;39.8;1.29;6.24;41.06;1.06;6.24;41.06;0.12;42.06;-6.27;38.47
1787986415655648,144747,0,255,88,-0.13,2.06,17.47,-0.35;37.92;0.59;-0.35;39.8;1.29;6.24;41.06;1.06;6.24;41.06;0.12;42.06;-6.27;38.47
1787986415675747,144756,0,255,88,-0.13,2.06,17.47,-0.35;37.92;0.59;-0.35;39.8;1.29;6.24;41.06;1.06;6.24;41.06;0.12;42.06;-6.27;38.47
1787986415694725,144765,0,255,88,-0.13,2.06,17.47,-0.35;37.92;0.59;-0.35;39.8;1.29;6.24;41.06;1.06;6.24;41.06;0.12;42.06;-6.27;38.47
1787986415714730,144774,0,255,88,-0.13,2.06,17.47,-0.35;37.92;0.59;-0.35;39.8;1.29;6.24;41.06;1.06;6.24;41.06;0.12;42.06;-6.27;38.47
1787986415735104,144783,0,255,88,-0.13,2.06,17.47,-0.35;37.92;0.59;-0.35;39.8;1.29;6.24;41.06;1.06;6.24;41.06;0.12;42.06;-6.27;38.47
1787986415755015,144792,0,255,88,-0.13,2.06,17.47,-0.35;37.92;0.59;-0.35;39.8;1.29;6.24;41.06;1.06;6.24;41.06;0.12;42.06;-6.27;38.47
1787986415777980,144801,0,255,88,-0.13,2.06,17.47,-0.35;37.92;0.59;-0.35;39.8;1.29;6.24;41.06;1.06;6.24;41.06;0.12;42.06;-6.27;38.47
1787986415794769,144810,0,255,88,-0.13,2.06,17.47,-0.35;37.92;0.59;-0.35;39.8;1.29;6.24;41.06;1.06;6.24;41.06;0.12;42.06;-6.27;38.47
1787986415814996,144819,0,255,88,-0.13,2.06,17.47,-0.35;37.92;0.59;-0.35;39.8;1.29;6.24;41.06;1.06;6.24;41.06;0.12;42.06;-6.27;38.47
1787986415835393,144829,0,255,88,-0.13,2.06,17.47,-0.35;37.92;0.59;-0.35;39.8;1.29;6.24;41.06;1.06;6.24;41.06;0.12;42.06;-6.27;38.47
1787986415854801,144838,0,255,88,-0.13,2.06,17.47,-0.35;37.92;0.59;-0.35;39.8;1.29;6.24;41.06;1.06;6.24;41.06;0.12;42.06;-6.27;38.47
1787986415877620,144847,0,255,90,0.21,6.47,17.32,-7.88;38.55;0.59;-9.29;39.8;0.35;15.65;30.39;0.59;10;35.41;0.59;42.06;-5.25;28.53
1787986415895861,144856,0,255,90,0.21,6.47,17.32,-7.88;38.55;0.59;-9.29;39.8;0.35;15.65;30.39;0.59;10;35.41;0.59;42.06;-5.25;28.53
1787986415914391,144865,0,255,90,0.21,6.47,17.32,-7.88;38.55;0.59;-9.29;39.8;0.35;15.65;30.39;0.59;10;35.41;0.59;42.06;-5.25;28.53
1787986415935879,144874,0,255,90,0.21,6.47,17.32,-7.88;38.55;0.59;-9.29;39.8;0.35;15.65;30.39;0.59;10;35.41;0.59;42.06;-5.25;28.53
1787986415955108,144883,0,255,90,0.21,6.47,17.32,-7.88;38.55;0.59;-9.29;39.8;0.35;15.65;30.39;0.59;10;35.41;0.59;42.06;-5.25;28.53
1787986415975594,144892,0,255,90,0.21,6.47,17.32,-7.88;38.55;0.59;-9.29;39.8;0.35;15.65;30.39;0.59;10;35.41;0.59;42.06;-5.25;28.53
1787986415997859,144901,0,255,90,0.21,6.47,17.32,-7.88;38.55;0.59;-9.29;39.8;0.35;15.65;30.39;0.59;10;35.41;0.59;42.06;-5.25;28.53
1787986416015206,144910,0,255,90,0.21,6.47,17.32,-7.88;38.55;0.59;-9.29;39.8;0.35;15.65;30.39;0.59;10;35.41;0.59;42.06;-5.25;28.53
1787986416037087,144919,0,255,90,0.21,6.47,17.32,-7.88;38.55;0.59;-9.29;39.8;0.35;15.65;30.39;0.59;10;35.41;0.59;42.06;-5.25;28.53
1787986416055085,144928,0,255,90,0.21,6.47,17.32,-7.88;38.55;0.59;-9.29;39.8;0.35;15.65;30.39;0.59;10;35.41;0.59;42.06;-5.25;28.53
1787986416074525,144937,0,255,90,0.21,6.47,17.32,-7.88;38.55;0.59;-9.29;39.8;0.35;15.65;30.39;0.59;10;35.41;0.59;42.06;-5.25;28.53
1787986416095771,144946,0,255,90,0.21,6.47,17.32,-7.88;38.55;0.59;-9.29;39.8;0.35;15.65;30.39;0.59;10;35.41;0.59;42.06;-5.25;28.53
1787986416116049,144955,0,255,90,0.21,6.47,17.32,-7.88;38.55;0.59;-9.29;39.8;0.35;15.65;30.39;0.59;10;35.41;0.59;42.06;-5.25;28.53
1787986416135153,144964,0,255,90,0.21,6.47,17.32,-7.88;38.55;0.59;-9.29;39.8;0.35;15.65;30.39;0.59;10;35.41;0.59;42.06;-5.25;28.53
1787986416159289,144973,0,255,90,0.21,6.47,17.32,-7.88;38.55;0.59;-9.29;39.8;0.35;15.65;30.39;0.59;10;35.41;0.59;42.06;-5.25;28.53
1787986416174500,144982,0,255,90,0.21,6.47,17.32,-7.88;38.55;0.59;-9.29;39.8;0.35;15.65;30.39;0.59;10;35.41;0.59;42.06;-5.25;28.53
1787986416194703,144991,0,255,90,0.21,6.47,17.32,-7.88;38.55;0.59;-9.29;39.8;0.35;15.65;30.39;0.59;10;35.41;0.59;42.06;-5.25;28.53
1787986416214174,145000,0,255,90,0.21,6.47,17.32,-7.88;38.55;0.59;-9.29;39.8;0.35;15.65;30.39;0.59;10;35.41;0.59;42.06;-5.25;28.53
1787986416234726,145009,0,255,90,0.21,6.47,17.32,-7.88;38.55;0.59;-9.29;39.8;0.35;15.65;30.39;0.59;10;35.41;0.59;42.06;-5.25;28.53
1787986416255221,145018,0,255,90,0.21,6.47,17.32,-7.88;38.55;0.59;-9.29;39.8;0.35;15.65;30.39;0.59;10;35.41;0.59;42.06;-5.25;28.53
1787986416275442,145027,0,255,90,0.21,6.47,17.32,-7.88;38.55;0.59;-9.29;39.8;0.35;15.65;30.39;0.59;10;35.41;0.59;42.06;-5.25;28.53
1787986416294636,145036,0,255,90,0.21,6.47,17.32,-7.88;38.55;0.59;-9.29;39.8;0.35;15.65;30.39;0.59;10;35.41;0.59;42.06;-5.25;28.53
1787986416316696,145045,0,255,90,0.21,6.47,17.32,-7.88;38.55;0.59;-9.29;39.8;0.35;15.65;30.39;0.59;10;35.41;0.59;42.06;-5.25;28.53
1787986416334849,145054,0,255,90,0.21,6.47,17.32,-7.88;38.55;0.59;-9.29;39.8;0.35;15.65;30.39;0.59;10;35.41;0.59;42.06;-5.25;28.53
1787986416354387,145063,0,255,90,0.21,6.47,17.32,-7.88;38.55;0.59;-9.29;39.8;0.35;15.65;30.39;0.59;10;35.41;0.59;42.06;-5.25;28.53
1787986416377831,145072,0,255,90,0.21,6.47,17.32,-7.88;38.55;0.59;-9.29;39.8;0.35;15.65;30.39;0.59;10;35.41;0.59;42.06;-5.25;28.53
1787986416394268,145081,0,255,90,0.21,6.47,17.32,-7.88;38.55;0.59;-9.29;39.8;0.35;15.65;30.39;0.59;10;35.41;0.59;42.06;-5.25;28.53
1787986416417470,145090,0,255,90,0.21,6.47,17.32,-7.88;38.55;0.59;-9.29;39.8;0.35;15.65;30.39;0.59;10;35.41;0.59;42.06;-5.25;28.53
1787986416434936,145099,0,255,90,0.21,6.47,17.32,-7.88;38.55;0.59;-9.29;39.8;0.35;15.65;30.39;0.59;10;35.41;0.59;42.06;-5.25;28.53
1787986416455212,145108,0,255,90,0.21,6.47,17.32,-7.88;38.55;0.59;-9.29;39.8;0.35;15.65;30.39;0.59;10;35.41;0.59;42.06;-5.25;28.53
1787986416474765,145117,0,255,90,0.21,6.47,17.32,-7.88;38.55;0.59;-9.29;39.8;0.35;15.65;30.39;0.59;10;35.41;0.59;42.06;-5.25;28.53
1787986416495368,145126,0,255,90,0.21,6.47,17.32,-7.88;38.55;0.59;-9.29;39.8;0.35;15.65;30.39;0.59;10;35.41;0.59;42.06;-5.25;28.53
1787986416514859,145135,0,255,90,0.21,6.47,17.32,-7.88;38.55;0.59;-9.29;39.8;0.35;15.65;30.39;0.59;10;35.41;0.59;42.06;-5.25;28.53
1787986416535673,145144,0,255,90,0.21,6.47,17.32,-7.88;38.55;0.59;-9.29;39.8;0.35;15.65;30.39;0.59;10;35.41;0.59;42.06;-5.25;28.53
1787986416554711,145153,0,255,90,0.21,6.47,17.32,-7.88;38.55;0.59;-9.29;39.8;0.35;15.65;30.39;0.59;10;35.41;0.59;42.06;-5.25;28.53
1787986416573978,145162,0,255,90,0.21,6.47,17.32,-7.88;38.55;0.59;-9.29;39.8;0.35;15.65;30.39;0.59;10;35.41;0.59;42.06;-5.25;28.53
1787986416595909,145171,0,255,90,0.21,6.47,17.32,-7.88;38.55;0.59;-9.29;39.8;0.35;15.65;30.39;0.59;10;35.41;0.59;42.06;-5.25;28.53
1787986416614907,145180,0,255,90,0.21,6.47,17.32,-7.88;38.55;0.59;-9.29;39.8;0.35;15.65;30.39;0.59;10;35.41;0.59;42.06;-5.25;28.53
1787986416635406,145189,0,255,90,0.21,6.47,17.32,-7.88;38.55;0.59;-9.29;39.8;0.35;15.65;30.39;0.59;10;35.41;0.59;42.06;-5.25;28.53
1787986416655149,145198,0,255,90,0.21,6.47,17.32,-7.88;38.55;0.59;-9.29;39.8;0.35;15.65;30.39;0.59;10;35.41;0.59;42.06;-5.25;28.53
1787986416674232,145207,0,255,90,0.21,6.47,17.32,-7.88;38.55;0.59;-9.29;39.8;0.35;15.65;30.39;0.59;10;35.41;0.59;42.06;-5.25;28.53
1787986416695604,145216,0,255,90,0.21,6.47,17.32,-7.88;38.55;0.59;-9.29;39.8;0.35;15.65;30.39;0.59;10;35.41;0.59;42.06;-5.25;28.53
1787986416714870,145225,0,255,90,0.21,6.47,17.32,-7.88;38.55;0.59;-9.29;39.8;0.35;15.65;30.39;0.59;10;35.41;0.59;42.06;-5.25;28.53
1787986416734285,145234,0,255,90,0.21,6.47,17.32,-7.88;38.55;0.59;-9.29;39.8;0.35;15.65;30.39;0.59;10;35.41;0.59;42.06;-5.25;28.53
1787986416756277,145243,0,255,90,0.21,6.47,17.32,-7.88;38.55;0.59;-9.29;39.8;0.35;15.65;30.39;0.59;10;35.41;0.59;42.06;-5.25;28.53
1787986416774375,145252,0,255,90,0.21,6.47,17.32,-7.88;38.55;0.59;-9.29;39.8;0.35;15.65;30.39;0.59;10;35.41;0.59;42.06;-5.25;28.53
1787986416794699,145261,0,255,90,0.21,6.47,17.32,-7.88;38.55;0.59;-9.29;39.8;0.35;15.65;30.39;0.59;10;35.41;0.59;42.06;-5.25;28.53
1787986416820476,145270,0,255,90,0.21,6.47,17.32,-7.88;38.55;0.59;-9.29;39.8;0.35;15.65;30.39;0.59;10;35.41;0.59;42.06;-5.25;28.53
1787986416833956,145280,0,255,90,0.21,6.47,17.32,-7.88;38.55;0.59;-9.29;39.8;0.35;15.65;30.39;0.59;10;35.41;0.59;42.06;-5.25;28.53
1787986416855123,145289,0,255,90,0.21,6.47,17.32,-7.88;38.55;0.59;-9.29;39.8;0.35;15.65;30.39;0.59;10;35.41;0.59;42.06;-5.25;28.53
1787986416876283,145298,0,255,90,-0.16,10.44,16.76,-15.41;37.92;0.59;-15.88;39.18;0.35;20.82;23.49;0.59;20.82;23.49;0.35;42.06;-3.73;19.35
1787986416894851,145307,0,255,90,-0.16,10.44,16.76,-15.41;37.92;0.59;-15.88;39.18;0.35;20.82;23.49;0.59;20.82;23.49;0.35;42.06;-3.73;19.35
1787986416915759,145316,0,255,90,-0.16,10.44,16.76,-15.41;37.92;0.59;-15.88;39.18;0.35;20.82;23.49;0.59;20.82;23.49;0.35;42.06;-3.73;19.35
1787986416934849,145325,0,255,90,-0.16,10.44,16.76,-15.41;37.92;0.59;-15.88;39.18;0.35;20.82;23.49;0.59;20.82;23.49;0.35;42.06;-3.73;19.35
1787986416953762,145334,0,255,90,-0.16,10.44,16.76,-15.41;37.92;0.59;-15.88;39.18;0.35;20.82;23.49;0.59;20.82;23.49;0.35;42.06;-3.73;19.35
1787986416977635,145343,0,255,90,-0.16,10.44,16.76,-15.41;37.92;0.59;-15.88;39.18;0.35;20.82;23.49;0.59;20.82;23.49;0.35;42.06;-3.73;19.35
1787986416994873,145352,0,255,90,-0.16,10.44,16.76,-15.41;37.92;0.59;-15.88;39.18;0.35;20.82;23.49;0.59;20.82;23.49;0.35;42.06;-3.73;19.35
1787986417014877,145361,0,255,90,-0.16,10.44,16.76,-15.41;37.92;0.59;-15.88;39.18;0.35;20.82;23.49;0.59;20.82;23.49;0.35;42.06;-3.73;19.35
1787986417036851,145370,0,255,90,-0.16,10.44,16.76,-15.41;37.92;0.59;-15.88;39.18;0.35;20.82;23.49;0.59;20.82;23.49;0.35;42.06;-3.73;19.35
1787986417055050,145379,0,255,90,-0.16,10.44,16.76,-15.41;37.92;0.59;-15.88;39.18;0.35;20.82;23.49;0.59;20.82;23.49;0.35;42.06;-3.73;19.35
1787986417075344,145388,0,255,90,-0.16,10.44,16.76,-15.41;37.92;0.59;-15.88;39.18;0.35;20.82;23.49;0.59;20.82;23.49;0.35;42.06;-3.73;19.35
1787986417095961,145397,0,255,90,-0.16,10.44,16.76,-15.41;37.92;0.59;-15.88;39.18;0.35;20.82;23.49;0.59;20.82;23.49;0.35;42.06;-3.73;19.35
1787986417115816,145406,0,255,90,-0.16,10.44,16.76,-15.41;37.92;0.59;-15.88;39.18;0.35;20.82;23.49;0.59;20.82;23.49;0.35;42.06;-3.73;19.35
1787986417135093,145415,0,255,90,-0.16,10.44,16.76,-15.41;37.92;0.59;-15.88;39.18;0.35;20.82;23.49;0.59;20.82;23.49;0.35;42.06;-3.73;19.35
1787986417155872,145424,0,255,90,-0.16,10.44,16.76,-15.41;37.92;0.59;-15.88;39.18;0.35;20.82;23.49;0.59;20.82;23.49;0.35;42.06;-3.73;19.35
1787986417174430,145433,0,255,90,-0.16,10.44,16.76,-15.41;37.92;0.59;-15.88;39.18;0.35;20.82;23.49;0.59;20.82;23.49;0.35;42.06;-3.73;19.35
1787986417196331,145442,0,255,90,-0.16,10.44,16.76,-15.41;37.92;0.59;-15.88;39.18;0.35;20.82;23.49;0.59;20.82;23.49;0.35;42.06;-3.73;19.35
1787986417216226,145451,0,255,90,-0.16,10.44,16.76,-15.41;37.92;0.59;-15.88;39.18;0.35;20.82;23.49;0.59;20.82;23.49;0.35;42.06;-3.73;19.35
1787986417234547,145460,0,255,90,-0.16,10.44,16.76,-15.41;37.92;0.59;-15.88;39.18;0.35;20.82;23.49;0.59;20.82;23.49;0.35;42.06;-3.73;19.35
1787986417261118,145469,0,255,90,-0.16,10.44,16.76,-15.41;37.92;0.59;-15.88;39.18;0.35;20.82;23.49;0.59;20.82;23.49;0.35;42.06;-3.73;19.35
1787986417275025,145478,0,255,90,-0.16,10.44,16.76,-15.41;37.92;0.59;-15.88;39.18;0.35;20.82;23.49;0.59;20.82;23.49;0.35;42.06;-3.73;19.35
1787986417295107,145487,0,255,90,-0.16,10.44,16.76,-15.41;37.92;0.59;-15.88;39.18;0.35;20.82;23.49;0.59;20.82;23.49;0.35;42.06;-3.73;19.35
1787986417315403,145496,0,255,90,-0.16,10.44,16.76,-15.41;37.92;0.59;-15.88;39.18;0.35;20.82;23.49;0.59;20.82;23.49;0.35;42.06;-3.73;19.35
1787986417334751,145505,0,255,90,-0.16,10.44,16.76,-15.41;37.92;0.59;-15.88;39.18;0.35;20.82;23.49;0.59;20.82;23.49;0.35;42.06;-3.73;19.35
1787986417364446,145514,0,255,90,-0.16,10.44,16.76,-15.41;37.92;0.59;-15.88;39.18;0.35;20.82;23.49;0.59;20.82;23.49;0.35;42.06;-3.73;19.35
1787986417375568,145523,0,255,90,-0.16,10.44,16.76,-15.41;37.92;0.59;-15.88;39.18;0.35;20.82;23.49;0.59;20.82;23.49;0.35;42.06;-3.73;19.35
1787986417394800,145532,0,255,90,-0.16,10.44,16.76,-15.41;37.92;0.59;-15.88;39.18;0.35;20.82;23.49;0.59;20.82;23.49;0.35;42.06;-3.73;19.35
1787986417417969,145541,0,255,90,-0.16,10.44,16.76,-15.41;37.92;0.59;-15.88;39.18;0.35;20.82;23.49;0.59;20.82;23.49;0.35;42.06;-3.73;19.35
1787986417436009,145550,0,255,90,-0.16,10.44,16.76,-15.41;37.92;0.59;-15.88;39.18;0.35;20.82;23.49;0.59;20.82;23.49;0.35;42.06;-3.73;19.35
1787986417455232,145559,0,255,90,-0.16,10.44,16.76,-15.41;37.92;0.59;-15.88;39.18;0.35;20.82;23.49;0.59;20.82;23.49;0.35;42.06;-3.73;19.35
1787986417476065,145568,0,255,90,-0.16,10.44,16.76,-15.41;37.92;0.59;-15.88;39.18;0.35;20.82;23.49;0.59;20.82;23.49;0.35;42.06;-3.73;19.35
1787986417496112,145577,0,255,90,-0.16,10.44,16.76,-15.41;37.92;0.59;-15.88;39.18;0.35;20.82;23.49;0.59;20.82;23.49;0.35;42.06;-3.73;19.35
1787986417514936,145586,0,255,90,-0.16,10.44,16.76,-15.41;37.92;0.59;-15.88;39.18;0.35;20.82;23.49;0.59;20.82;23.49;0.35;42.06;-3.73;19.35
1787986417534716,145595,0,255,90,-0.16,10.44,16.76,-15.41;37.92;0.59;-15.88;39.18;0.35;20.82;23.49;0.59;20.82;23.49;0.35;42.06;-3.73;19.35
1787986417555183,145604,0,255,90,-0.16,10.44,16.76,-15.41;37.92;0.59;-15.88;39.18;0.35;20.82;23.49;0.59;20.82;23.49;0.35;42.06;-3.73;19.35
1787986417574854,145613,0,255,90,-0.16,10.44,16.76,-15.41;37.92;0.59;-15.88;39.18;0.35;20.82;23.49;0.59;20.82;23.49;0.35;42.06;-3.73;19.35
1787986417595676,145622,0,255,90,-0.16,10.44,16.76,-15.41;37.92;0.59;-15.88;39.18;0.35;20.82;23.49;0.59;20.82;23.49;0.35;42.06;-3.73;19.35
1787986417614463,145631,0,255,90,-0.16,10.44,16.76,-15.41;37.92;0.59;-15.88;39.18;0.35;20.82;23.49;0.59;20.82;23.49;0.35;42.06;-3.73;19.35
1787986417638581,145640,0,255,90,-0.16,10.44,16.76,-15.41;37.92;0.59;-15.88;39.18;0.35;20.82;23.49;0.59;20.82;23.49;0.35;42.06;-3.73;19.35
1787986417655502,145649,0,255,90,-0.16,10.44,16.76,-15.41;37.92;0.59;-15.88;39.18;0.35;20.82;23.49;0.59;20.82;23.49;0.35;42.06;-3.73;19.35
1787986417674623,145658,0,255,90,-0.16,10.44,16.76,-15.41;37.92;0.59;-15.88;39.18;0.35;20.82;23.49;0.59;20.82;23.49;0.35;42.06;-3.73;19.35
1787986417695542,145667,0,255,90,-0.16,10.44,16.76,-15.41;37.92;0.59;-15.88;39.18;0.35;20.82;23.49;0.59;20.82;23.49;0.35;42.06;-3.73;19.35
1787986417714861,145676,0,255,90,-0.16,10.44,16.76,-15.41;37.92;0.59;-15.88;39.18;0.35;20.82;23.49;0.59;20.82;23.49;0.35;42.06;-3.73;19.35
1787986417734243,145685,0,255,90,-0.16,10.44,16.76,-15.41;37.92;0.59;-15.88;39.18;0.35;20.82;23.49;0.59;20.82;23.49;0.35;42.06;-3.73;19.35
1787986417754544,145694,0,255,90,-0.16,10.44,16.76,-15.41;37.92;0.59;-15.88;39.18;0.35;20.82;23.49;0.59;20.82;23.49;0.35;42.06;-3.73;19.35
1787986417775170,145703,0,255,90,-0.16,10.44,16.76,-15.41;37.92;0.59;-15.88;39.18;0.35;20.82;23.49;0.59;20.82;23.49;0.35;42.06;-3.73;19.35
1787986417795315,145712,0,255,90,-0.16,10.44,16.76,-15.41;37.92;0.59;-15.88;39.18;0.35;20.82;23.49;0.59;20.82;23.49;0.35;42.06;-3.73;19.35
1787986417815848,145721,0,255,90,-0.16,10.44,16.76,-15.41;37.92;0.59;-15.88;39.18;0.35;20.82;23.49;0.59;20.82;23.49;0.35;42.06;-3.73;19.35
1787986417834657,145731,0,255,90,-0.16,10.44,16.76,-15.41;37.92;0.59;-15.88;39.18;0.35;20.82;23.49;0.59;20.82;23.49;0.35;42.06;-3.73;19.35
1787986417857493,145740,0,255,90,-0.16,10.44,16.76,-15.41;37.92;0.59;-15.88;39.18;0.35;20.82;23.49;0.59;20.82;23.49;0.35;42.06;-3.73;19.35
1787986417876226,145749,0,255,90,-0.05,13.43,16.63,-20.12;38.55;0.59;-20.59;39.8;0.59;26.47;17.84;-0.12;26.47;17.84;0.35;42.57;-3.73;14
1787986417894646,145758,0,255,90,-0.05,13.43,16.63,-20.12;38.55;0.59;-20.59;39.8;0.59;26.47;17.84;-0.12;26.47;17.84;0.35;42.57;-3.73;14
1787986417915055,145767,0,255,90,-0.05,13.43,16.63,-20.12;38.55;0.59;-20.59;39.8;0.59;26.47;17.84;-0.12;26.47;17.84;0.35;42.57;-3.73;14
1787986417934905,145776,0,255,90,-0.05,13.43,16.63,-20.12;38.55;0.59;-20.59;39.8;0.59;26.47;17.84;-0.12;26.47;17.84;0.35;42.57;-3.73;14
1787986417955510,145785,0,255,90,-0.05,13.43,16.63,-20.12;38.55;0.59;-20.59;39.8;0.59;26.47;17.84;-0.12;26.47;17.84;0.35;42.57;-3.73;14
1787986417975076,145794,0,255,90,-0.05,13.43,16.63,-20.12;38.55;0.59;-20.59;39.8;0.59;26.47;17.84;-0.12;26.47;17.84;0.35;42.57;-3.73;14
1787986417994831,145803,0,255,90,-0.05,13.43,16.63,-20.12;38.55;0.59;-20.59;39.8;0.59;26.47;17.84;-0.12;26.47;17.84;0.35;42.57;-3.73;14
1787986418013920,145812,0,255,90,-0.05,13.43,16.63,-20.12;38.55;0.59;-20.59;39.8;0.59;26.47;17.84;-0.12;26.47;17.84;0.35;42.57;-3.73;14
1787986418035895,145821,0,255,90,-0.05,13.43,16.63,-20.12;38.55;0.59;-20.59;39.8;0.59;26.47;17.84;-0.12;26.47;17.84;0.35;42.57;-3.73;14
1787986418054972,145830,0,255,90,-0.05,13.43,16.63,-20.12;38.55;0.59;-20.59;39.8;0.59;26.47;17.84;-0.12;26.47;17.84;0.35;42.57;-3.73;14
1787986418076484,145839,0,255,90,-0.05,13.43,16.63,-20.12;38.55;0.59;-20.59;39.8;0.59;26.47;17.84;-0.12;26.47;17.84;0.35;42.57;-3.73;14
1787986418095685,145848,0,255,90,-0.05,13.43,16.63,-20.12;38.55;0.59;-20.59;39.8;0.59;26.47;17.84;-0.12;26.47;17.84;0.35;42.57;-3.73;14
1787986418114722,145857,0,255,90,-0.05,13.43,16.63,-20.12;38.55;0.59;-20.59;39.8;0.59;26.47;17.84;-0.12;26.47;17.84;0.35;42.57;-3.73;14
1787986418136777,145866,0,255,90,-0.05,13.43,16.63,-20.12;38.55;0.59;-20.59;39.8;0.59;26.47;17.84;-0.12;26.47;17.84;0.35;42.57;-3.73;14
1787986418154390,145875,0,255,90,-0.05,13.43,16.63,-20.12;38.55;0.59;-20.59;39.8;0.59;26.47;17.84;-0.12;26.47;17.84;0.35;42.57;-3.73;14
1787986418174252,145884,0,255,90,-0.05,13.43,16.63,-20.12;38.55;0.59;-20.59;39.8;0.59;26.47;17.84;-0.12;26.47;17.84;0.35;42.57;-3.73;14
1787986418194645,145893,0,255,90,-0.05,13.43,16.63,-20.12;38.55;0.59;-20.59;39.8;0.59;26.47;17.84;-0.12;26.47;17.84;0.35;42.57;-3.73;14
1787986418214734,145902,0,255,90,-0.05,13.43,16.63,-20.12;38.55;0.59;-20.59;39.8;0.59;26.47;17.84;-0.12;26.47;17.84;0.35;42.57;-3.73;14
1787986418235075,145911,0,255,90,-0.05,13.43,16.63,-20.12;38.55;0.59;-20.59;39.8;0.59;26.47;17.84;-0.12;26.47;17.84;0.35;42.57;-3.73;14
1787986418255736,145920,0,255,90,-0.05,13.43,16.63,-20.12;38.55;0.59;-20.59;39.8;0.59;26.47;17.84;-0.12;26.47;17.84;0.35;42.57;-3.73;14
1787986418276658,145929,0,255,90,-0.05,13.43,16.63,-20.12;38.55;0.59;-20.59;39.8;0.59;26.47;17.84;-0.12;26.47;17.84;0.35;42.57;-3.73;14
1787986418297201,145938,0,255,90,-0.05,13.43,16.63,-20.12;38.55;0.59;-20.59;39.8;0.59;26.47;17.84;-0.12;26.47;17.84;0.35;42.57;-3.73;14
1787986418315886,145947,0,255,90,-0.05,13.43,16.63,-20.12;38.55;0.59;-20.59;39.8;0.59;26.47;17.84;-0.12;26.47;17.84;0.35;42.57;-3.73;14
1787986418334548,145956,0,255,90,-0.05,13.43,16.63,-20.12;38.55;0.59;-20.59;39.8;0.59;26.47;17.84;-0.12;26.47;17.84;0.35;42.57;-3.73;14
1787986418355069,145965,0,255,90,-0.05,13.43,16.63,-20.12;38.55;0.59;-20.59;39.8;0.59;26.47;17.84;-0.12;26.47;17.84;0.35;42.57;-3.73;14
1787986418374524,145974,0,255,90,-0.05,13.43,16.63,-20.12;38.55;0.59;-20.59;39.8;0.59;26.47;17.84;-0.12;26.47;17.84;0.35;42.57;-3.73;14
1787986418395006,145983,0,255,90,-0.05,13.43,16.63,-20.12;38.55;0.59;-20.59;39.8;0.59;26.47;17.84;-0.12;26.47;17.84;0.35;42.57;-3.73;14
1787986418416910,145992,0,255,90,-0.05,13.43,16.63,-20.12;38.55;0.59;-20.59;39.8;0.59;26.47;17.84;-0.12;26.47;17.84;0.35;42.57;-3.73;14
1787986418435464,146001,0,255,90,-0.05,13.43,16.63,-20.12;38.55;0.59;-20.59;39.8;0.59;26.47;17.84;-0.12;26.47;17.84;0.35;42.57;-3.73;14
1787986418455794,146010,0,255,90,-0.05,13.43,16.63,-20.12;38.55;0.59;-20.59;39.8;0.59;26.47;17.84;-0.12;26.47;17.84;0.35;42.57;-3.73;14
1787986418475053,146019,0,255,90,-0.05,13.43,16.63,-20.12;38.55;0.59;-20.59;39.8;0.59;26.47;17.84;-0.12;26.47;17.84;0.35;42.57;-3.73;14
1787986418494247,146028,0,255,90,-0.05,13.43,16.63,-20.12;38.55;0.59;-20.59;39.8;0.59;26.47;17.84;-0.12;26.47;17.84;0.35;42.57;-3.73;14
1787986418516110,146037,0,255,90,-0.05,13.43,16.63,-20.12;38.55;0.59;-20.59;39.8;0.59;26.47;17.84;-0.12;26.47;17.84;0.35;42.57;-3.73;14
1787986418535191,146046,0,255,90,-0.05,13.43,16.63,-20.12;38.55;0.59;-20.59;39.8;0.59;26.47;17.84;-0.12;26.47;17.84;0.35;42.57;-3.73;14
1787986418557122,146055,0,255,90,-0.05,13.43,16.63,-20.12;38.55;0.59;-20.59;39.8;0.59;26.47;17.84;-0.12;26.47;17.84;0.35;42.57;-3.73;14
1787986418575962,146064,0,255,90,-0.05,13.43,16.63,-20.12;38.55;0.59;-20.59;39.8;0.59;26.47;17.84;-0.12;26.47;17.84;0.35;42.57;-3.73;14
1787986418595892,146073,0,255,90,-0.05,13.43,16.63,-20.12;38.55;0.59;-20.59;39.8;0.59;26.47;17.84;-0.12;26.47;17.84;0.35;42.57;-3.73;14
1787986418615077,146082,0,255,90,-0.05,13.43,16.63,-20.12;38.55;0.59;-20.59;39.8;0.59;26.47;17.84;-0.12;26.47;17.84;0.35;42.57;-3.73;14
1787986418635432,146091,0,255,90,-0.05,13.43,16.63,-20.12;38.55;0.59;-20.59;39.8;0.59;26.47;17.84;-0.12;26.47;17.84;0.35;42.57;-3.73;14
1787986418655606,146100,0,255,90,-0.05,13.43,16.63,-20.12;38.55;0.59;-20.59;39.8;0.59;26.47;17.84;-0.12;26.47;17.84;0.35;42.57;-3.73;14
1787986418675210,146109,0,255,90,-0.05,13.43,16.63,-20.12;38.55;0.59;-20.59;39.8;0.59;26.47;17.84;-0.12;26.47;17.84;0.35;42.57;-3.73;14
1787986418695373,146118,0,255,90,-0.05,13.43,16.63,-20.12;38.55;0.59;-20.59;39.8;0.59;26.47;17.84;-0.12;26.47;17.84;0.35;42.57;-3.73;14
1787986418714613,146127,0,255,90,-0.05,13.43,16.63,-20.12;38.55;0.59;-20.59;39.8;0.59;26.47;17.84;-0.12;26.47;17.84;0.35;42.57;-3.73;14
1787986418733855,146136,0,255,90,-0.05,13.43,16.63,-20.12;38.55;0.59;-20.59;39.8;0.59;26.47;17.84;-0.12;26.47;17.84;0.35;42.57;-3.73;14
1787986418755659,146145,0,255,90,-0.05,13.43,16.63,-20.12;38.55;0.59;-20.59;39.8;0.59;26.47;17.84;-0.12;26.47;17.84;0.35;42.57;-3.73;14
1787986418774640,146154,0,255,90,-0.05,13.43,16.63,-20.12;38.55;0.59;-20.59;39.8;0.59;26.47;17.84;-0.12;26.47;17.84;0.35;42.57;-3.73;14
1787986418797334,146163,0,255,90,-0.05,13.43,16.63,-20.12;38.55;0.59;-20.59;39.8;0.59;26.47;17.84;-0.12;26.47;17.84;0.35;42.57;-3.73;14
1787986418814871,146172,0,255,90,-0.05,13.43,16.63,-20.12;38.55;0.59;-20.59;39.8;0.59;26.47;17.84;-0.12;26.47;17.84;0.35;42.57;-3.73;14
1787986418834296,146182,0,255,90,-0.05,13.43,16.63,-20.12;38.55;0.59;-20.59;39.8;0.59;26.47;17.84;-0.12;26.47;17.84;0.35;42.57;-3.73;14
1787986418856027,146191,0,255,90,-0.05,13.43,16.63,-20.12;38.55;0.59;-20.59;39.8;0.59;26.47;17.84;-0.12;26.47;17.84;0.35;42.57;-3.73;14
1787986418874960,146200,0,255,88,0.08,13.47,15.99,-20.12;38.55;0.59;-20.59;39.8;0.59;26.47;17.84;0.35;26.47;17.84;0.35;42.06;-3.73;14
1787986418895044,146209,0,255,88,0.08,13.47,15.99,-20.12;38.55;0.59;-20.59;39.8;0.59;26.47;17.84;0.35;26.47;17.84;0.35;42.06;-3.73;14
1787986418914824,146218,0,255,88,0.08,13.47,15.99,-20.12;38.55;0.59;-20.59;39.8;0.59;26.47;17.84;0.35;26.47;17.84;0.35;42.06;-3.73;14
1787986418935969,146227,0,255,88,0.08,13.47,15.99,-20.12;38.55;0.59;-20.59;39.8;0.59;26.47;17.84;0.35;26.47;17.84;0.35;42.06;-3.73;14
1787986418955964,146236,0,255,88,0.08,13.47,15.99,-20.12;38.55;0.59;-20.59;39.8;0.59;26.47;17.84;0.35;26.47;17.84;0.35;42.06;-3.73;14
1787986418974836,146245,0,255,88,0.08,13.47,15.99,-20.12;38.55;0.59;-20.59;39.8;0.59;26.47;17.84;0.35;26.47;17.84;0.35;42.06;-3.73;14
1787986418995678,146254,0,255,88,0.08,13.47,15.99,-20.12;38.55;0.59;-20.59;39.8;0.59;26.47;17.84;0.35;26.47;17.84;0.35;42.06;-3.73;14
1787986419015676,146263,0,255,88,0.08,13.47,15.99,-20.12;38.55;0.59;-20.59;39.8;0.59;26.47;17.84;0.35;26.47;17.84;0.35;42.06;-3.73;14
1787986419045747,146272,0,255,88,0.08,13.47,15.99,-20.12;38.55;0.59;-20.59;39.8;0.59;26.47;17.84;0.35;26.47;17.84;0.35;42.06;-3.73;14
1787986419054778,146281,0,255,88,0.08,13.47,15.99,-20.12;38.55;0.59;-20.59;39.8;0.59;26.47;17.84;0.35;26.47;17.84;0.35;42.06;-3.73;14
1787986419076087,146290,0,255,88,0.08,13.47,15.99,-20.12;38.55;0.59;-20.59;39.8;0.59;26.47;17.84;0.35;26.47;17.84;0.35;42.06;-3.73;14
1787986419095059,146299,0,255,88,0.08,13.47,15.99,-20.12;38.55;0.59;-20.59;39.8;0.59;26.47;17.84;0.35;26.47;17.84;0.35;42.06;-3.73;14
1787986419114470,146308,0,255,88,0.08,13.47,15.99,-20.12;38.55;0.59;-20.59;39.8;0.59;26.47;17.84;0.35;26.47;17.84;0.35;42.06;-3.73;14
1787986419134890,146317,0,255,88,0.08,13.47,15.99,-20.12;38.55;0.59;-20.59;39.8;0.59;26.47;17.84;0.35;26.47;17.84;0.35;42.06;-3.73;14
1787986419155779,146326,0,255,88,0.08,13.47,15.99,-20.12;38.55;0.59;-20.59;39.8;0.59;26.47;17.84;0.35;26.47;17.84;0.35;42.06;-3.73;14
1787986419176766,146335,0,255,88,0.08,13.47,15.99,-20.12;38.55;0.59;-20.59;39.8;0.59;26.47;17.84;0.35;26.47;17.84;0.35;42.06;-3.73;14
1787986419194097,146344,0,255,88,0.08,13.47,15.99,-20.12;38.55;0.59;-20.59;39.8;0.59;26.47;17.84;0.35;26.47;17.84;0.35;42.06;-3.73;14
1787986419214406,146353,0,255,88,0.08,13.47,15.99,-20.12;38.55;0.59;-20.59;39.8;0.59;26.47;17.84;0.35;26.47;17.84;0.35;42.06;-3.73;14
1787986419238961,146362,0,255,88,0.08,13.47,15.99,-20.12;38.55;0.59;-20.59;39.8;0.59;26.47;17.84;0.35;26.47;17.84;0.35;42.06;-3.73;14
1787986419254239,146371,0,255,88,0.08,13.47,15.99,-20.12;38.55;0.59;-20.59;39.8;0.59;26.47;17.84;0.35;26.47;17.84;0.35;42.06;-3.73;14
1787986419280021,146373,0,255,88,0.08,13.47,15.99,-20.12;38.55;0.59;-20.59;39.8;0.59;26.47;17.84;0.35;26.47;17.84;0.35;42.06;-3.73;14
1787986419294898,146389,0,255,88,0.08,13.47,15.99,-20.12;38.55;0.59;-20.59;39.8;0.59;26.47;17.84;0.35;26.47;17.84;0.35;42.06;-3.73;14
1787986419314795,146398,0,255,88,0.08,13.47,15.99,-20.12;38.55;0.59;-20.59;39.8;0.59;26.47;17.84;0.35;26.47;17.84;0.35;42.06;-3.73;14
1787986419334914,146407,0,255,88,0.08,13.47,15.99,-20.12;38.55;0.59;-20.59;39.8;0.59;26.47;17.84;0.35;26.47;17.84;0.35;42.06;-3.73;14
1787986419354083,146416,0,255,88,0.08,13.47,15.99,-20.12;38.55;0.59;-20.59;39.8;0.59;26.47;17.84;0.35;26.47;17.84;0.35;42.06;-3.73;14
1787986419376519,146425,0,255,88,0.08,13.47,15.99,-20.12;38.55;0.59;-20.59;39.8;0.59;26.47;17.84;0.35;26.47;17.84;0.35;42.06;-3.73;14
1787986419394083,146434,0,255,88,0.08,13.47,15.99,-20.12;38.55;0.59;-20.59;39.8;0.59;26.47;17.84;0.35;26.47;17.84;0.35;42.06;-3.73;14
1787986419416786,146443,0,255,88,0.08,13.47,15.99,-20.12;38.55;0.59;-20.59;39.8;0.59;26.47;17.84;0.35;26.47;17.84;0.35;42.06;-3.73;14
1787986419434684,146445,0,255,88,0.08,13.47,15.99,-20.12;38.55;0.59;-20.59;39.8;0.59;26.47;17.84;0.35;26.47;17.84;0.35;42.06;-3.73;14
1787986419455540,146461,0,255,88,0.08,13.47,15.99,-20.12;38.55;0.59;-20.59;39.8;0.59;26.47;17.84;0.35;26.47;17.84;0.35;42.06;-3.73;14
1787986419475452,146463,0,255,88,0.08,13.47,15.99,-20.12;38.55;0.59;-20.59;39.8;0.59;26.47;17.84;0.35;26.47;17.84;0.35;42.06;-3.73;14
1787986419494722,146479,0,255,88,0.08,13.47,15.99,-20.12;38.55;0.59;-20.59;39.8;0.59;26.47;17.84;0.35;26.47;17.84;0.35;42.06;-3.73;14
1787986419516644,146488,0,255,88,0.08,13.47,15.99,-20.12;38.55;0.59;-20.59;39.8;0.59;26.47;17.84;0.35;26.47;17.84;0.35;42.06;-3.73;14
1787986419535189,146497,0,255,88,0.08,13.47,15.99,-20.12;38.55;0.59;-20.59;39.8;0.59;26.47;17.84;0.35;26.47;17.84;0.35;42.06;-3.73;14
1787986419555114,146506,0,255,88,0.08,13.47,15.99,-20.12;38.55;0.59;-20.59;39.8;0.59;26.47;17.84;0.35;26.47;17.84;0.35;42.06;-3.73;14
1787986419575992,146515,0,255,88,0.08,13.47,15.99,-20.12;38.55;0.59;-20.59;39.8;0.59;26.47;17.84;0.35;26.47;17.84;0.35;42.06;-3.73;14
1787986419594610,146524,0,255,88,0.08,13.47,15.99,-20.12;38.55;0.59;-20.59;39.8;0.59;26.47;17.84;0.35;26.47;17.84;0.35;42.06;-3.73;14
1787986419619110,146533,0,255,88,0.08,13.47,15.99,-20.12;38.55;0.59;-20.59;39.8;0.59;26.47;17.84;0.35;26.47;17.84;0.35;42.06;-3.73;14
1787986419635712,146542,0,255,88,0.08,13.47,15.99,-20.12;38.55;0.59;-20.59;39.8;0.59;26.47;17.84;0.35;26.47;17.84;0.35;42.06;-3.73;14
1787986419655946,146551,0,255,88,0.08,13.47,15.99,-20.12;38.55;0.59;-20.59;39.8;0.59;26.47;17.84;0.35;26.47;17.84;0.35;42.06;-3.73;14
1787986419680295,146560,0,255,88,0.08,13.47,15.99,-20.12;38.55;0.59;-20.59;39.8;0.59;26.47;17.84;0.35;26.47;17.84;0.35;42.06;-3.73;14
1787986419694634,146569,0,255,88,0.08,13.47,15.99,-20.12;38.55;0.59;-20.59;39.8;0.59;26.47;17.84;0.35;26.47;17.84;0.35;42.06;-3.73;14
1787986419714249,146578,0,255,88,0.08,13.47,15.99,-20.12;38.55;0.59;-20.59;39.8;0.59;26.47;17.84;0.35;26.47;17.84;0.35;42.06;-3.73;14
1787986419734834,146587,0,255,88,0.08,13.47,15.99,-20.12;38.55;0.59;-20.59;39.8;0.59;26.47;17.84;0.35;26.47;17.84;0.35;42.06;-3.73;14
1787986419755096,146596,0,255,88,0.08,13.47,15.99,-20.12;38.55;0.59;-20.59;39.8;0.59;26.47;17.84;0.35;26.47;17.84;0.35;42.06;-3.73;14
1787986419777298,146605,0,255,88,0.08,13.47,15.99,-20.12;38.55;0.59;-20.59;39.8;0.59;26.47;17.84;0.35;26.47;17.84;0.35;42.06;-3.73;14
1787986419794451,146614,0,255,88,0.08,13.47,15.99,-20.12;38.55;0.59;-20.59;39.8;0.59;26.47;17.84;0.35;26.47;17.84;0.35;42.06;-3.73;14
1787986419820033,146623,0,255,88,0.08,13.47,15.99,-20.12;38.55;0.59;-20.59;39.8;0.59;26.47;17.84;0.35;26.47;17.84;0.35;42.06;-3.73;14
1787986419835199,146633,0,255,88,0.08,13.47,15.99,-20.12;38.55;0.59;-20.59;39.8;0.59;26.47;17.84;0.35;26.47;17.84;0.35;42.06;-3.73;14
1787986419854511,146642,0,255,91,-0.01,14.49,15.23,-20.59;38.55;0.59;-21.06;39.8;0.59;26.47;17.84;0.35;26.47;17.84;0.35;42.57;-2.71;31.59
1787986419875111,146651,0,255,91,-0.01,14.49,15.23,-20.59;38.55;0.59;-21.06;39.8;0.59;26.47;17.84;0.35;26.47;17.84;0.35;42.57;-2.71;31.59
1787986419899988,146660,0,255,91,-0.01,14.49,15.23,-20.59;38.55;0.59;-21.06;39.8;0.59;26.47;17.84;0.35;26.47;17.84;0.35;42.57;-2.71;31.59
1787986419914926,146669,0,255,91,-0.01,14.49,15.23,-20.59;38.55;0.59;-21.06;39.8;0.59;26.47;17.84;0.35;26.47;17.84;0.35;42.57;-2.71;31.59
1787986419934374,146678,0,255,91,-0.01,14.49,15.23,-20.59;38.55;0.59;-21.06;39.8;0.59;26.47;17.84;0.35;26.47;17.84;0.35;42.57;-2.71;31.59
1787986419954710,146687,0,255,91,-0.01,14.49,15.23,-20.59;38.55;0.59;-21.06;39.8;0.59;26.47;17.84;0.35;26.47;17.84;0.35;42.57;-2.71;31.59
1787986419975093,146696,0,255,91,-0.01,14.49,15.23,-20.59;38.55;0.59;-21.06;39.8;0.59;26.47;17.84;0.35;26.47;17.84;0.35;42.57;-2.71;31.59
1787986419994309,146705,0,255,91,-0.01,14.49,15.23,-20.59;38.55;0.59;-21.06;39.8;0.59;26.47;17.84;0.35;26.47;17.84;0.35;42.57;-2.71;31.59
1787986420016835,146714,0,255,91,-0.01,14.49,15.23,-20.59;38.55;0.59;-21.06;39.8;0.59;26.47;17.84;0.35;26.47;17.84;0.35;42.57;-2.71;31.59
1787986420035800,146723,0,255,91,-0.01,14.49,15.23,-20.59;38.55;0.59;-21.06;39.8;0.59;26.47;17.84;0.35;26.47;17.84;0.35;42.57;-2.71;31.59
1787986420060999,146732,0,255,91,-0.01,14.49,15.23,-20.59;38.55;0.59;-21.06;39.8;0.59;26.47;17.84;0.35;26.47;17.84;0.35;42.57;-2.71;31.59
1787986420076061,146741,0,255,91,-0.01,14.49,15.23,-20.59;38.55;0.59;-21.06;39.8;0.59;26.47;17.84;0.35;26.47;17.84;0.35;42.57;-2.71;31.59
1787986420094348,146750,0,255,91,-0.01,14.49,15.23,-20.59;38.55;0.59;-21.06;39.8;0.59;26.47;17.84;0.35;26.47;17.84;0.35;42.57;-2.71;31.59
1787986420116356,146759,0,255,91,-0.01,14.49,15.23,-20.59;38.55;0.59;-21.06;39.8;0.59;26.47;17.84;0.35;26.47;17.84;0.35;42.57;-2.71;31.59
1787986420135118,146768,0,255,91,-0.01,14.49,15.23,-20.59;38.55;0.59;-21.06;39.8;0.59;26.47;17.84;0.35;26.47;17.84;0.35;42.57;-2.71;31.59
1787986420154716,146777,0,255,91,-0.01,14.49,15.23,-20.59;38.55;0.59;-21.06;39.8;0.59;26.47;17.84;0.35;26.47;17.84;0.35;42.57;-2.71;31.59
1787986420178298,146786,0,255,91,-0.01,14.49,15.23,-20.59;38.55;0.59;-21.06;39.8;0.59;26.47;17.84;0.35;26.47;17.84;0.35;42.57;-2.71;31.59
1787986420195440,146795,0,255,91,-0.01,14.49,15.23,-20.59;38.55;0.59;-21.06;39.8;0.59;26.47;17.84;0.35;26.47;17.84;0.35;42.57;-2.71;31.59
1787986420214572,146804,0,255,91,-0.01,14.49,15.23,-20.59;38.55;0.59;-21.06;39.8;0.59;26.47;17.84;0.35;26.47;17.84;0.35;42.57;-2.71;31.59
1787986420234659,146813,0,255,91,-0.01,14.49,15.23,-20.59;38.55;0.59;-21.06;39.8;0.59;26.47;17.84;0.35;26.47;17.84;0.35;42.57;-2.71;31.59
1787986420255257,146822,0,255,91,-0.01,14.49,15.23,-20.59;38.55;0.59;-21.06;39.8;0.59;26.47;17.84;0.35;26.47;17.84;0.35;42.57;-2.71;31.59
1787986420274765,146831,0,255,91,-0.01,14.49,15.23,-20.59;38.55;0.59;-21.06;39.8;0.59;26.47;17.84;0.35;26.47;17.84;0.35;42.57;-2.71;31.59
1787986420295166,146840,0,255,91,-0.01,14.49,15.23,-20.59;38.55;0.59;-21.06;39.8;0.59;26.47;17.84;0.35;26.47;17.84;0.35;42.57;-2.71;31.59
1787986420314600,146849,0,255,91,-0.01,14.49,15.23,-20.59;38.55;0.59;-21.06;39.8;0.59;26.47;17.84;0.35;26.47;17.84;0.35;42.57;-2.71;31.59
1787986420338486,146858,0,255,91,-0.01,14.49,15.23,-20.59;38.55;0.59;-21.06;39.8;0.59;26.47;17.84;0.35;26.47;17.84;0.35;42.57;-2.71;31.59
1787986420353761,146867,0,255,91,-0.01,14.49,15.23,-20.59;38.55;0.59;-21.06;39.8;0.59;26.47;17.84;0.35;26.47;17.84;0.35;42.57;-2.71;31.59
1787986420374287,146876,0,255,91,-0.01,14.49,15.23,-20.59;38.55;0.59;-21.06;39.8;0.59;26.47;17.84;0.35;26.47;17.84;0.35;42.57;-2.71;31.59
1787986420394841,146885,0,255,91,-0.01,14.49,15.23,-20.59;38.55;0.59;-21.06;39.8;0.59;26.47;17.84;0.35;26.47;17.84;0.35;42.57;-2.71;31.59
1787986420415144,146894,0,255,91,-0.01,14.49,15.23,-20.59;38.55;0.59;-21.06;39.8;0.59;26.47;17.84;0.35;26.47;17.84;0.35;42.57;-2.71;31.59
1787986420434655,146903,0,255,91,-0.01,14.49,15.23,-20.59;38.55;0.59;-21.06;39.8;0.59;26.47;17.84;0.35;26.47;17.84;0.35;42.57;-2.71;31.59
1787986420454889,146912,0,255,91,-0.01,14.49,15.23,-20.59;38.55;0.59;-21.06;39.8;0.59;26.47;17.84;0.35;26.47;17.84;0.35;42.57;-2.71;31.59
1787986420475501,146921,0,255,91,-0.01,14.49,15.23,-20.59;38.55;0.59;-21.06;39.8;0.59;26.47;17.84;0.35;26.47;17.84;0.35;42.57;-2.71;31.59
1787986420495559,146930,0,255,91,-0.01,14.49,15.23,-20.59;38.55;0.59;-21.06;39.8;0.59;26.47;17.84;0.35;26.47;17.84;0.35;42.57;-2.71;31.59
1787986420517192,146939,0,255,91,-0.01,14.49,15.23,-20.59;38.55;0.59;-21.06;39.8;0.59;26.47;17.84;0.35;26.47;17.84;0.35;42.57;-2.71;31.59
1787986420535170,146948,0,255,91,-0.01,14.49,15.23,-20.59;38.55;0.59;-21.06;39.8;0.59;26.47;17.84;0.35;26.47;17.84;0.35;42.57;-2.71;31.59
1787986420556700,146957,0,255,91,-0.01,14.49,15.23,-20.59;38.55;0.59;-21.06;39.8;0.59;26.47;17.84;0.35;26.47;17.84;0.35;42.57;-2.71;31.59
1787986420575988,146966,0,255,91,-0.01,14.49,15.23,-20.59;38.55;0.59;-21.06;39.8;0.59;26.47;17.84;0.35;26.47;17.84;0.35;42.57;-2.71;31.59
1787986420595152,146975,0,255,91,-0.01,14.49,15.23,-20.59;38.55;0.59;-21.06;39.8;0.59;26.47;17.84;0.35;26.47;17.84;0.35;42.57;-2.71;31.59
1787986420615962,146984,0,255,91,-0.01,14.49,15.23,-20.59;38.55;0.59;-21.06;39.8;0.59;26.47;17.84;0.35;26.47;17.84;0.35;42.57;-2.71;31.59
1787986420635280,146993,0,255,91,-0.01,14.49,15.23,-20.59;38.55;0.59;-21.06;39.8;0.59;26.47;17.84;0.35;26.47;17.84;0.35;42.57;-2.71;31.59
1787986420654260,147002,0,255,91,-0.01,14.49,15.23,-20.59;38.55;0.59;-21.06;39.8;0.59;26.47;17.84;0.35;26.47;17.84;0.35;42.57;-2.71;31.59
1787986420675791,147011,0,255,91,-0.01,14.49,15.23,-20.59;38.55;0.59;-21.06;39.8;0.59;26.47;17.84;0.35;26.47;17.84;0.35;42.57;-2.71;31.59
1787986420694730,147020,0,255,91,-0.01,14.49,15.23,-20.59;38.55;0.59;-21.06;39.8;0.59;26.47;17.84;0.35;26.47;17.84;0.35;42.57;-2.71;31.59
1787986420717528,147029,0,255,91,-0.01,14.49,15.23,-20.59;38.55;0.59;-21.06;39.8;0.59;26.47;17.84;0.35;26.47;17.84;0.35;42.57;-2.71;31.59
1787986420735527,147038,0,255,91,-0.01,14.49,15.23,-20.59;38.55;0.59;-21.06;39.8;0.59;26.47;17.84;0.35;26.47;17.84;0.35;42.57;-2.71;31.59
1787986420755967,147047,0,255,91,-0.01,14.49,15.23,-20.59;38.55;0.59;-21.06;39.8;0.59;26.47;17.84;0.35;26.47;17.84;0.35;42.57;-2.71;31.59
1787986420776765,147056,0,255,91,-0.01,14.49,15.23,-20.59;38.55;0.59;-21.06;39.8;0.59;26.47;17.84;0.35;26.47;17.84;0.35;42.57;-2.71;31.59
1787986420798756,147065,0,255,91,-0.01,14.49,15.23,-20.59;38.55;0.59;-21.06;39.8;0.59;26.47;17.84;0.35;26.47;17.84;0.35;42.57;-2.71;31.59
1787986420814862,147074,0,255,91,-0.01,14.49,15.23,-20.59;38.55;0.59;-21.06;39.8;0.59;26.47;17.84;0.35;26.47;17.84;0.35;42.57;-2.71;31.59
1787986420837904,147084,0,255,91,-0.01,14.49,15.23,-20.59;38.55;0.59;-21.06;39.8;0.59;26.47;17.84;0.35;26.47;17.84;0.35;42.57;-2.71;31.59
1787986420854469,147093,0,255,88,0.11,13.64,14.62,-20.12;38.55;0.59;-21.06;39.8;0.59;26.94;17.22;0.59;26.47;17.84;0.12;42.06;-5.25;38.47
1787986420874431,147102,0,255,88,0.11,13.64,14.62,-20.12;38.55;0.59;-21.06;39.8;0.59;26.94;17.22;0.59;26.47;17.84;0.12;42.06;-5.25;38.47
1787986420896620,147111,0,255,88,0.11,13.64,14.62,-20.12;38.55;0.59;-21.06;39.8;0.59;26.94;17.22;0.59;26.47;17.84;0.12;42.06;-5.25;38.47
1787986420914460,147120,0,255,88,0.11,13.64,14.62,-20.12;38.55;0.59;-21.06;39.8;0.59;26.94;17.22;0.59;26.47;17.84;0.12;42.06;-5.25;38.47
1787986420935751,147129,0,255,88,0.11,13.64,14.62,-20.12;38.55;0.59;-21.06;39.8;0.59;26.94;17.22;0.59;26.47;17.84;0.12;42.06;-5.25;38.47
1787986420955681,147138,0,255,88,0.11,13.64,14.62,-20.12;38.55;0.59;-21.06;39.8;0.59;26.94;17.22;0.59;26.47;17.84;0.12;42.06;-5.25;38.47
1787986420974772,147147,0,255,88,0.11,13.64,14.62,-20.12;38.55;0.59;-21.06;39.8;0.59;26.94;17.22;0.59;26.47;17.84;0.12;42.06;-5.25;38.47
1787986420998598,147156,0,255,88,0.11,13.64,14.62,-20.12;38.55;0.59;-21.06;39.8;0.59;26.94;17.22;0.59;26.47;17.84;0.12;42.06;-5.25;38.47
1787986421015653,147165,0,255,88,0.11,13.64,14.62,-20.12;38.55;0.59;-21.06;39.8;0.59;26.94;17.22;0.59;26.47;17.84;0.12;42.06;-5.25;38.47
1787986421034896,147174,0,255,88,0.11,13.64,14.62,-20.12;38.55;0.59;-21.06;39.8;0.59;26.94;17.22;0.59;26.47;17.84;0.12;42.06;-5.25;38.47
1787986421058016,147183,0,255,88,0.11,13.64,14.62,-20.12;38.55;0.59;-21.06;39.8;0.59;26.94;17.22;0.59;26.47;17.84;0.12;42.06;-5.25;38.47
1787986421075640,147192,0,255,88,0.11,13.64,14.62,-20.12;38.55;0.59;-21.06;39.8;0.59;26.94;17.22;0.59;26.47;17.84;0.12;42.06;-5.25;38.47
1787986421096049,147201,0,255,88,0.11,13.64,14.62,-20.12;38.55;0.59;-21.06;39.8;0.59;26.94;17.22;0.59;26.47;17.84;0.12;42.06;-5.25;38.47
1787986421117628,147210,0,255,88,0.11,13.64,14.62,-20.12;38.55;0.59;-21.06;39.8;0.59;26.94;17.22;0.59;26.47;17.84;0.12;42.06;-5.25;38.47
1787986421133711,147219,0,255,88,0.11,13.64,14.62,-20.12;38.55;0.59;-21.06;39.8;0.59;26.94;17.22;0.59;26.47;17.84;0.12;42.06;-5.25;38.47
1787986421156577,147228,0,255,88,0.11,13.64,14.62,-20.12;38.55;0.59;-21.06;39.8;0.59;26.94;17.22;0.59;26.47;17.84;0.12;42.06;-5.25;38.47
1787986421175653,147237,0,255,88,0.11,13.64,14.62,-20.12;38.55;0.59;-21.06;39.8;0.59;26.94;17.22;0.59;26.47;17.84;0.12;42.06;-5.25;38.47
1787986421193616,147246,0,255,88,0.11,13.64,14.62,-20.12;38.55;0.59;-21.06;39.8;0.59;26.94;17.22;0.59;26.47;17.84;0.12;42.06;-5.25;38.47
1787986421214818,147255,0,255,88,0.11,13.64,14.62,-20.12;38.55;0.59;-21.06;39.8;0.59;26.94;17.22;0.59;26.47;17.84;0.12;42.06;-5.25;38.47
1787986421235233,147264,0,255,88,0.11,13.64,14.62,-20.12;38.55;0.59;-21.06;39.8;0.59;26.94;17.22;0.59;26.47;17.84;0.12;42.06;-5.25;38.47
1787986421255093,147273,0,255,88,0.11,13.64,14.62,-20.12;38.55;0.59;-21.06;39.8;0.59;26.94;17.22;0.59;26.47;17.84;0.12;42.06;-5.25;38.47
1787986421275376,147282,0,255,88,0.11,13.64,14.62,-20.12;38.55;0.59;-21.06;39.8;0.59;26.94;17.22;0.59;26.47;17.84;0.12;42.06;-5.25;38.47
1787986421294504,147291,0,255,88,0.11,13.64,14.62,-20.12;38.55;0.59;-21.06;39.8;0.59;26.94;17.22;0.59;26.47;17.84;0.12;42.06;-5.25;38.47
1787986421315529,147300,0,255,88,0.11,13.64,14.62,-20.12;38.55;0.59;-21.06;39.8;0.59;26.94;17.22;0.59;26.47;17.84;0.12;42.06;-5.25;38.47
1787986421335286,147309,0,255,88,0.11,13.64,14.62,-20.12;38.55;0.59;-21.06;39.8;0.59;26.94;17.22;0.59;26.47;17.84;0.12;42.06;-5.25;38.47
1787986421355082,147318,0,255,88,0.11,13.64,14.62,-20.12;38.55;0.59;-21.06;39.8;0.59;26.94;17.22;0.59;26.47;17.84;0.12;42.06;-5.25;38.47
1787986421374521,147327,0,255,88,0.11,13.64,14.62,-20.12;38.55;0.59;-21.06;39.8;0.59;26.94;17.22;0.59;26.47;17.84;0.12;42.06;-5.25;38.47
1787986421396296,147336,0,255,88,0.11,13.64,14.62,-20.12;38.55;0.59;-21.06;39.8;0.59;26.94;17.22;0.59;26.47;17.84;0.12;42.06;-5.25;38.47
1787986421414287,147345,0,255,88,0.11,13.64,14.62,-20.12;38.55;0.59;-21.06;39.8;0.59;26.94;17.22;0.59;26.47;17.84;0.12;42.06;-5.25;38.47
1787986421435971,147354,0,255,88,0.11,13.64,14.62,-20.12;38.55;0.59;-21.06;39.8;0.59;26.94;17.22;0.59;26.47;17.84;0.12;42.06;-5.25;38.47
1787986421455434,147363,0,255,88,0.11,13.64,14.62,-20.12;38.55;0.59;-21.06;39.8;0.59;26.94;17.22;0.59;26.47;17.84;0.12;42.06;-5.25;38.47
1787986421474472,147372,0,255,88,0.11,13.64,14.62,-20.12;38.55;0.59;-21.06;39.8;0.59;26.94;17.22;0.59;26.47;17.84;0.12;42.06;-5.25;38.47
1787986421495759,147381,0,255,88,0.11,13.64,14.62,-20.12;38.55;0.59;-21.06;39.8;0.59;26.94;17.22;0.59;26.47;17.84;0.12;42.06;-5.25;38.47
1787986421515335,147390,0,255,88,0.11,13.64,14.62,-20.12;38.55;0.59;-21.06;39.8;0.59;26.94;17.22;0.59;26.47;17.84;0.12;42.06;-5.25;38.47
1787986421535548,147399,0,255,88,0.11,13.64,14.62,-20.12;38.55;0.59;-21.06;39.8;0.59;26.94;17.22;0.59;26.47;17.84;0.12;42.06;-5.25;38.47
1787986421557029,147408,0,255,88,0.11,13.64,14.62,-20.12;38.55;0.59;-21.06;39.8;0.59;26.94;17.22;0.59;26.47;17.84;0.12;42.06;-5.25;38.47
1787986421574413,147417,0,255,88,0.11,13.64,14.62,-20.12;38.55;0.59;-21.06;39.8;0.59;26.94;17.22;0.59;26.47;17.84;0.12;42.06;-5.25;38.47
1787986421597051,147426,0,255,88,0.11,13.64,14.62,-20.12;38.55;0.59;-21.06;39.8;0.59;26.94;17.22;0.59;26.47;17.84;0.12;42.06;-5.25;38.47
1787986421616498,147435,0,255,88,0.11,13.64,14.62,-20.12;38.55;0.59;-21.06;39.8;0.59;26.94;17.22;0.59;26.47;17.84;0.12;42.06;-5.25;38.47
1787986421634223,147444,0,255,88,0.11,13.64,14.62,-20.12;38.55;0.59;-21.06;39.8;0.59;26.94;17.22;0.59;26.47;17.84;0.12;42.06;-5.25;38.47
1787986421658844,147453,0,255,88,0.11,13.64,14.62,-20.12;38.55;0.59;-21.06;39.8;0.59;26.94;17.22;0.59;26.47;17.84;0.12;42.06;-5.25;38.47
1787986421675502,147462,0,255,88,0.11,13.64,14.62,-20.12;38.55;0.59;-21.06;39.8;0.59;26.94;17.22;0.59;26.47;17.84;0.12;42.06;-5.25;38.47
1787986421695357,147471,0,255,88,0.11,13.64,14.62,-20.12;38.55;0.59;-21.06;39.8;0.59;26.94;17.22;0.59;26.47;17.84;0.12;42.06;-5.25;38.47
1787986421717292,147480,0,255,88,0.11,13.64,14.62,-20.12;38.55;0.59;-21.06;39.8;0.59;26.94;17.22;0.59;26.47;17.84;0.12;42.06;-5.25;38.47
1787986421734402,147489,0,255,88,0.11,13.64,14.62,-20.12;38.55;0.59;-21.06;39.8;0.59;26.94;17.22;0.59;26.47;17.84;0.12;42.06;-5.25;38.47
1787986421754940,147498,0,255,88,0.11,13.64,14.62,-20.12;38.55;0.59;-21.06;39.8;0.59;26.94;17.22;0.59;26.47;17.84;0.12;42.06;-5.25;38.47
1787986421775586,147507,0,255,88,0.11,13.64,14.62,-20.12;38.55;0.59;-21.06;39.8;0.59;26.94;17.22;0.59;26.47;17.84;0.12;42.06;-5.25;38.47
1787986421794384,147516,0,255,88,0.11,13.64,14.62,-20.12;38.55;0.59;-21.06;39.8;0.59;26.94;17.22;0.59;26.47;17.84;0.12;42.06;-5.25;38.47
1787986421816972,147525,0,255,88,0.11,13.64,14.62,-20.12;38.55;0.59;-21.06;39.8;0.59;26.94;17.22;0.59;26.47;17.84;0.12;42.06;-5.25;38.47
1787986421835161,147535,0,255,88,0.11,13.64,14.62,-20.12;38.55;0.59;-21.06;39.8;0.59;26.94;17.22;0.59;26.47;17.84;0.12;42.06;-5.25;38.47
1787986421854490,147544,0,255,88,0.19,13.59,14.18,-20.12;38.55;0.59;-21.06;39.8;0.59;26.47;17.84;0.59;26.47;17.84;0.12;42.06;-5.25;38.47
1787986421876921,147553,0,255,88,0.19,13.59,14.18,-20.12;38.55;0.59;-21.06;39.8;0.59;26.47;17.84;0.59;26.47;17.84;0.12;42.06;-5.25;38.47
1787986421894489,147562,0,255,88,0.19,13.59,14.18,-20.12;38.55;0.59;-21.06;39.8;0.59;26.47;17.84;0.59;26.47;17.84;0.12;42.06;-5.25;38.47
1787986421915306,147571,0,255,88,0.19,13.59,14.18,-20.12;38.55;0.59;-21.06;39.8;0.59;26.47;17.84;0.59;26.47;17.84;0.12;42.06;-5.25;38.47
1787986421938290,147580,0,255,88,0.19,13.59,14.18,-20.12;38.55;0.59;-21.06;39.8;0.59;26.47;17.84;0.59;26.47;17.84;0.12;42.06;-5.25;38.47
1787986421954468,147589,0,255,88,0.19,13.59,14.18,-20.12;38.55;0.59;-21.06;39.8;0.59;26.47;17.84;0.59;26.47;17.84;0.12;42.06;-5.25;38.47
1787986421974108,147598,0,255,88,0.19,13.59,14.18,-20.12;38.55;0.59;-21.06;39.8;0.59;26.47;17.84;0.59;26.47;17.84;0.12;42.06;-5.25;38.47
1787986421996218,147607,0,255,88,0.19,13.59,14.18,-20.12;38.55;0.59;-21.06;39.8;0.59;26.47;17.84;0.59;26.47;17.84;0.12;42.06;-5.25;38.47
1787986422015220,147616,0,255,88,0.19,13.59,14.18,-20.12;38.55;0.59;-21.06;39.8;0.59;26.47;17.84;0.59;26.47;17.84;0.12;42.06;-5.25;38.47
1787986422036022,147625,0,255,88,0.19,13.59,14.18,-20.12;38.55;0.59;-21.06;39.8;0.59;26.47;17.84;0.59;26.47;17.84;0.12;42.06;-5.25;38.47
1787986422054853,147634,0,255,88,0.19,13.59,14.18,-20.12;38.55;0.59;-21.06;39.8;0.59;26.47;17.84;0.59;26.47;17.84;0.12;42.06;-5.25;38.47
1787986422075830,147643,0,255,88,0.19,13.59,14.18,-20.12;38.55;0.59;-21.06;39.8;0.59;26.47;17.84;0.59;26.47;17.84;0.12;42.06;-5.25;38.47
1787986422095133,147652,0,255,88,0.19,13.59,14.18,-20.12;38.55;0.59;-21.06;39.8;0.59;26.47;17.84;0.59;26.47;17.84;0.12;42.06;-5.25;38.47
1787986422114558,147661,0,255,88,0.19,13.59,14.18,-20.12;38.55;0.59;-21.06;39.8;0.59;26.47;17.84;0.59;26.47;17.84;0.12;42.06;-5.25;38.47
1787986422136039,147670,0,255,88,0.19,13.59,14.18,-20.12;38.55;0.59;-21.06;39.8;0.59;26.47;17.84;0.59;26.47;17.84;0.12;42.06;-5.25;38.47
1787986422156662,147679,0,255,88,0.19,13.59,14.18,-20.12;38.55;0.59;-21.06;39.8;0.59;26.47;17.84;0.59;26.47;17.84;0.12;42.06;-5.25;38.47
1787986422177011,147688,0,255,88,0.19,13.59,14.18,-20.12;38.55;0.59;-21.06;39.8;0.59;26.47;17.84;0.59;26.47;17.84;0.12;42.06;-5.25;38.47
1787986422195066,147697,0,255,88,0.19,13.59,14.18,-20.12;38.55;0.59;-21.06;39.8;0.59;26.47;17.84;0.59;26.47;17.84;0.12;42.06;-5.25;38.47
1787986422215575,147706,0,255,88,0.19,13.59,14.18,-20.12;38.55;0.59;-21.06;39.8;0.59;26.47;17.84;0.59;26.47;17.84;0.12;42.06;-5.25;38.47
1787986422234474,147715,0,255,88,0.19,13.59,14.18,-20.12;38.55;0.59;-21.06;39.8;0.59;26.47;17.84;0.59;26.47;17.84;0.12;42.06;-5.25;38.47
1787986422254851,147724,0,255,88,0.19,13.59,14.18,-20.12;38.55;0.59;-21.06;39.8;0.59;26.47;17.84;0.59;26.47;17.84;0.12;42.06;-5.25;38.47
1787986422275887,147733,0,255,88,0.19,13.59,14.18,-20.12;38.55;0.59;-21.06;39.8;0.59;26.47;17.84;0.59;26.47;17.84;0.12;42.06;-5.25;38.47
1787986422295324,147742,0,255,88,0.19,13.59,14.18,-20.12;38.55;0.59;-21.06;39.8;0.59;26.47;17.84;0.59;26.47;17.84;0.12;42.06;-5.25;38.47
1787986422318748,147751,0,255,88,0.19,13.59,14.18,-20.12;38.55;0.59;-21.06;39.8;0.59;26.47;17.84;0.59;26.47;17.84;0.12;42.06;-5.25;38.47
1787986422334392,147760,0,255,88,0.19,13.59,14.18,-20.12;38.55;0.59;-21.06;39.8;0.59;26.47;17.84;0.59;26.47;17.84;0.12;42.06;-5.25;38.47
1787986422355727,147769,0,255,88,0.19,13.59,14.18,-20.12;38.55;0.59;-21.06;39.8;0.59;26.47;17.84;0.59;26.47;17.84;0.12;42.06;-5.25;38.47
1787986422376781,147778,0,255,88,0.19,13.59,14.18,-20.12;38.55;0.59;-21.06;39.8;0.59;26.47;17.84;0.59;26.47;17.84;0.12;42.06;-5.25;38.47
1787986422395485,147787,0,255,88,0.19,13.59,14.18,-20.12;38.55;0.59;-21.06;39.8;0.59;26.47;17.84;0.59;26.47;17.84;0.12;42.06;-5.25;38.47
1787986422416427,147796,0,255,88,0.19,13.59,14.18,-20.12;38.55;0.59;-21.06;39.8;0.59;26.47;17.84;0.59;26.47;17.84;0.12;42.06;-5.25;38.47
1787986422435242,147805,0,255,88,0.19,13.59,14.18,-20.12;38.55;0.59;-21.06;39.8;0.59;26.47;17.84;0.59;26.47;17.84;0.12;42.06;-5.25;38.47
1787986422455667,147814,0,255,88,0.19,13.59,14.18,-20.12;38.55;0.59;-21.06;39.8;0.59;26.47;17.84;0.59;26.47;17.84;0.12;42.06;-5.25;38.47
1787986422475988,147823,0,255,88,0.19,13.59,14.18,-20.12;38.55;0.59;-21.06;39.8;0.59;26.47;17.84;0.59;26.47;17.84;0.12;42.06;-5.25;38.47
1787986422495410,147832,0,255,88,0.19,13.59,14.18,-20.12;38.55;0.59;-21.06;39.8;0.59;26.47;17.84;0.59;26.47;17.84;0.12;42.06;-5.25;38.47
1787986422514580,147841,0,255,88,0.19,13.59,14.18,-20.12;38.55;0.59;-21.06;39.8;0.59;26.47;17.84;0.59;26.47;17.84;0.12;42.06;-5.25;38.47
1787986422535528,147850,0,255,88,0.19,13.59,14.18,-20.12;38.55;0.59;-21.06;39.8;0.59;26.47;17.84;0.59;26.47;17.84;0.12;42.06;-5.25;38.47
1787986422555197,147859,0,255,88,0.19,13.59,14.18,-20.12;38.55;0.59;-21.06;39.8;0.59;26.47;17.84;0.59;26.47;17.84;0.12;42.06;-5.25;38.47
1787986422574037,147868,0,255,88,0.19,13.59,14.18,-20.12;38.55;0.59;-21.06;39.8;0.59;26.47;17.84;0.59;26.47;17.84;0.12;42.06;-5.25;38.47
1787986422596146,147877,0,255,88,0.19,13.59,14.18,-20.12;38.55;0.59;-21.06;39.8;0.59;26.47;17.84;0.59;26.47;17.84;0.12;42.06;-5.25;38.47
1787986422615281,147886,0,255,88,0.19,13.59,14.18,-20.12;38.55;0.59;-21.06;39.8;0.59;26.47;17.84;0.59;26.47;17.84;0.12;42.06;-5.25;38.47
1787986422635601,147895,0,255,88,0.19,13.59,14.18,-20.12;38.55;0.59;-21.06;39.8;0.59;26.47;17.84;0.59;26.47;17.84;0.12;42.06;-5.25;38.47
1787986422655401,147904,0,255,88,0.19,13.59,14.18,-20.12;38.55;0.59;-21.06;39.8;0.59;26.47;17.84;0.59;26.47;17.84;0.12;42.06;-5.25;38.47
1787986422675981,147913,0,255,88,0.19,13.59,14.18,-20.12;38.55;0.59;-21.06;39.8;0.59;26.47;17.84;0.59;26.47;17.84;0.12;42.06;-5.25;38.47
1787986422694611,147922,0,255,88,0.19,13.59,14.18,-20.12;38.55;0.59;-21.06;39.8;0.59;26.47;17.84;0.59;26.47;17.84;0.12;42.06;-5.25;38.47
1787986422714535,147931,0,255,88,0.19,13.59,14.18,-20.12;38.55;0.59;-21.06;39.8;0.59;26.47;17.84;0.59;26.47;17.84;0.12;42.06;-5.25;38.47
1787986422735311,147940,0,255,88,0.19,13.59,14.18,-20.12;38.55;0.59;-21.06;39.8;0.59;26.47;17.84;0.59;26.47;17.84;0.12;42.06;-5.25;38.47
1787986422756530,147949,0,255,88,0.19,13.59,14.18,-20.12;38.55;0.59;-21.06;39.8;0.59;26.47;17.84;0.59;26.47;17.84;0.12;42.06;-5.25;38.47
1787986422774194,147958,0,255,88,0.19,13.59,14.18,-20.12;38.55;0.59;-21.06;39.8;0.59;26.47;17.84;0.59;26.47;17.84;0.12;42.06;-5.25;38.47
1787986422795218,147967,0,255,88,0.19,13.59,14.18,-20.12;38.55;0.59;-21.06;39.8;0.59;26.47;17.84;0.59;26.47;17.84;0.12;42.06;-5.25;38.47
1787986422817071,147976,0,255,88,0.19,13.59,14.18,-20.12;38.55;0.59;-21.06;39.8;0.59;26.47;17.84;0.59;26.47;17.84;0.12;42.06;-5.25;38.47
1787986422834811,147986,0,255,88,0.19,13.59,14.18,-20.12;38.55;0.59;-21.06;39.8;0.59;26.47;17.84;0.59;26.47;17.84;0.12;42.06;-5.25;38.47
1787986422854410,147995,0,255,88,0.19,13.59,14.18,-20.12;38.55;0.59;-21.06;39.8;0.59;26.47;17.84;0.59;26.47;17.84;0.12;42.06;-5.25;38.47
1787986422878646,148004,0,255,91,0.17,13.57,13.64,-20.12;38.55;0.35;-21.06;39.8;0.59;26.47;17.84;0.59;26.47;17.84;0.12;42.06;-5.25;38.47
1787986422895241,148013,0,255,91,0.17,13.57,13.64,-20.12;38.55;0.35;-21.06;39.8;0.59;26.47;17.84;0.59;26.47;17.84;0.12;42.06;-5.25;38.47
1787986422915871,148022,0,255,91,0.17,13.57,13.64,-20.12;38.55;0.35;-21.06;39.8;0.59;26.47;17.84;0.59;26.47;17.84;0.12;42.06;-5.25;38.47
1787986422936578,148031,0,255,91,0.17,13.57,13.64,-20.12;38.55;0.35;-21.06;39.8;0.59;26.47;17.84;0.59;26.47;17.84;0.12;42.06;-5.25;38.47
1787986422955329,148040,0,255,91,0.17,13.57,13.64,-20.12;38.55;0.35;-21.06;39.8;0.59;26.47;17.84;0.59;26.47;17.84;0.12;42.06;-5.25;38.47
1787986422977937,148049,0,255,91,0.17,13.57,13.64,-20.12;38.55;0.35;-21.06;39.8;0.59;26.47;17.84;0.59;26.47;17.84;0.12;42.06;-5.25;38.47
1787986422994475,148058,0,255,91,0.17,13.57,13.64,-20.12;38.55;0.35;-21.06;39.8;0.59;26.47;17.84;0.59;26.47;17.84;0.12;42.06;-5.25;38.47
1787986423016639,148067,0,255,91,0.17,13.57,13.64,-20.12;38.55;0.35;-21.06;39.8;0.59;26.47;17.84;0.59;26.47;17.84;0.12;42.06;-5.25;38.47
1787986423039853,148076,0,255,91,0.17,13.57,13.64,-20.12;38.55;0.35;-21.06;39.8;0.59;26.47;17.84;0.59;26.47;17.84;0.12;42.06;-5.25;38.47
1787986423054671,148085,0,255,91,0.17,13.57,13.64,-20.12;38.55;0.35;-21.06;39.8;0.59;26.47;17.84;0.59;26.47;17.84;0.12;42.06;-5.25;38.47
1787986423075328,148094,0,255,91,0.17,13.57,13.64,-20.12;38.55;0.35;-21.06;39.8;0.59;26.47;17.84;0.59;26.47;17.84;0.12;42.06;-5.25;38.47
1787986423098065,148103,0,255,91,0.17,13.57,13.64,-20.12;38.55;0.35;-21.06;39.8;0.59;26.47;17.84;0.59;26.47;17.84;0.12;42.06;-5.25;38.47
1787986423116417,148112,0,255,91,0.17,13.57,13.64,-20.12;38.55;0.35;-21.06;39.8;0.59;26.47;17.84;0.59;26.47;17.84;0.12;42.06;-5.25;38.47
1787986423135154,148121,0,255,91,0.17,13.57,13.64,-20.12;38.55;0.35;-21.06;39.8;0.59;26.47;17.84;0.59;26.47;17.84;0.12;42.06;-5.25;38.47
1787986423156964,148130,0,255,91,0.17,13.57,13.64,-20.12;38.55;0.35;-21.06;39.8;0.59;26.47;17.84;0.59;26.47;17.84;0.12;42.06;-5.25;38.47
1787986423175387,148139,0,255,91,0.17,13.57,13.64,-20.12;38.55;0.35;-21.06;39.8;0.59;26.47;17.84;0.59;26.47;17.84;0.12;42.06;-5.25;38.47
1787986423193720,148148,0,255,91,0.17,13.57,13.64,-20.12;38.55;0.35;-21.06;39.8;0.59;26.47;17.84;0.59;26.47;17.84;0.12;42.06;-5.25;38.47
1787986423213904,148157,0,255,91,0.17,13.57,13.64,-20.12;38.55;0.35;-21.06;39.8;0.59;26.47;17.84;0.59;26.47;17.84;0.12;42.06;-5.25;38.47
1787986423234858,148166,0,255,91,0.17,13.57,13.64,-20.12;38.55;0.35;-21.06;39.8;0.59;26.47;17.84;0.59;26.47;17.84;0.12;42.06;-5.25;38.47
1787986423254887,148175,0,255,91,0.17,13.57,13.64,-20.12;38.55;0.35;-21.06;39.8;0.59;26.47;17.84;0.59;26.47;17.84;0.12;42.06;-5.25;38.47
1787986423275863,148184,0,255,91,0.17,13.57,13.64,-20.12;38.55;0.35;-21.06;39.8;0.59;26.47;17.84;0.59;26.47;17.84;0.12;42.06;-5.25;38.47
1787986423294817,148193,0,255,91,0.17,13.57,13.64,-20.12;38.55;0.35;-21.06;39.8;0.59;26.47;17.84;0.59;26.47;17.84;0.12;42.06;-5.25;38.47
1787986423315909,148202,0,255,91,0.17,13.57,13.64,-20.12;38.55;0.35;-21.06;39.8;0.59;26.47;17.84;0.59;26.47;17.84;0.12;42.06;-5.25;38.47
1787986423334881,148211,0,255,91,0.17,13.57,13.64,-20.12;38.55;0.35;-21.06;39.8;0.59;26.47;17.84;0.59;26.47;17.84;0.12;42.06;-5.25;38.47
1787986423354039,148220,0,255,91,0.17,13.57,13.64,-20.12;38.55;0.35;-21.06;39.8;0.59;26.47;17.84;0.59;26.47;17.84;0.12;42.06;-5.25;38.47
1787986423377362,148229,0,255,91,0.17,13.57,13.64,-20.12;38.55;0.35;-21.06;39.8;0.59;26.47;17.84;0.59;26.47;17.84;0.12;42.06;-5.25;38.47
1787986423395214,148238,0,255,91,0.17,13.57,13.64,-20.12;38.55;0.35;-21.06;39.8;0.59;26.47;17.84;0.59;26.47;17.84;0.12;42.06;-5.25;38.47
1787986423415429,148247,0,255,91,0.17,13.57,13.64,-20.12;38.55;0.35;-21.06;39.8;0.59;26.47;17.84;0.59;26.47;17.84;0.12;42.06;-5.25;38.47
1787986423436400,148256,0,255,91,0.17,13.57,13.64,-20.12;38.55;0.35;-21.06;39.8;0.59;26.47;17.84;0.59;26.47;17.84;0.12;42.06;-5.25;38.47
1787986423454772,148265,0,255,91,0.17,13.57,13.64,-20.12;38.55;0.35;-21.06;39.8;0.59;26.47;17.84;0.59;26.47;17.84;0.12;42.06;-5.25;38.47
1787986423475047,148274,0,255,91,0.17,13.57,13.64,-20.12;38.55;0.35;-21.06;39.8;0.59;26.47;17.84;0.59;26.47;17.84;0.12;42.06;-5.25;38.47
1787986423494381,148283,0,255,91,0.17,13.57,13.64,-20.12;38.55;0.35;-21.06;39.8;0.59;26.47;17.84;0.59;26.47;17.84;0.12;42.06;-5.25;38.47
1787986423514848,148292,0,255,91,0.17,13.57,13.64,-20.12;38.55;0.35;-21.06;39.8;0.59;26.47;17.84;0.59;26.47;17.84;0.12;42.06;-5.25;38.47
1787986423536979,148301,0,255,91,0.17,13.57,13.64,-20.12;38.55;0.35;-21.06;39.8;0.59;26.47;17.84;0.59;26.47;17.84;0.12;42.06;-5.25;38.47
1787986423554941,148310,0,255,91,0.17,13.57,13.64,-20.12;38.55;0.35;-21.06;39.8;0.59;26.47;17.84;0.59;26.47;17.84;0.12;42.06;-5.25;38.47
1787986423575780,148319,0,255,91,0.17,13.57,13.64,-20.12;38.55;0.35;-21.06;39.8;0.59;26.47;17.84;0.59;26.47;17.84;0.12;42.06;-5.25;38.47
1787986423595047,148328,0,255,91,0.17,13.57,13.64,-20.12;38.55;0.35;-21.06;39.8;0.59;26.47;17.84;0.59;26.47;17.84;0.12;42.06;-5.25;38.47
1787986423615058,148337,0,255,91,0.17,13.57,13.64,-20.12;38.55;0.35;-21.06;39.8;0.59;26.47;17.84;0.59;26.47;17.84;0.12;42.06;-5.25;38.47
1787986423634238,148346,0,255,91,0.17,13.57,13.64,-20.12;38.55;0.35;-21.06;39.8;0.59;26.47;17.84;0.59;26.47;17.84;0.12;42.06;-5.25;38.47
1787986423654430,148355,0,255,91,0.17,13.57,13.64,-20.12;38.55;0.35;-21.06;39.8;0.59;26.47;17.84;0.59;26.47;17.84;0.12;42.06;-5.25;38.47
1787986423675993,148364,0,255,91,0.17,13.57,13.64,-20.12;38.55;0.35;-21.06;39.8;0.59;26.47;17.84;0.59;26.47;17.84;0.12;42.06;-5.25;38.47
1787986423695566,148373,0,255,91,0.17,13.57,13.64,-20.12;38.55;0.35;-21.06;39.8;0.59;26.47;17.84;0.59;26.47;17.84;0.12;42.06;-5.25;38.47
1787986423714788,148382,0,255,91,0.17,13.57,13.64,-20.12;38.55;0.35;-21.06;39.8;0.59;26.47;17.84;0.59;26.47;17.84;0.12;42.06;-5.25;38.47
1787986423735225,148391,0,255,91,0.17,13.57,13.64,-20.12;38.55;0.35;-21.06;39.8;0.59;26.47;17.84;0.59;26.47;17.84;0.12;42.06;-5.25;38.47
1787986423755148,148400,0,255,91,0.17,13.57,13.64,-20.12;38.55;0.35;-21.06;39.8;0.59;26.47;17.84;0.59;26.47;17.84;0.12;42.06;-5.25;38.47
1787986423776426,148409,0,255,91,0.17,13.57,13.64,-20.12;38.55;0.35;-21.06;39.8;0.59;26.47;17.84;0.59;26.47;17.84;0.12;42.06;-5.25;38.47
1787986423794538,148418,0,255,91,0.17,13.57,13.64,-20.12;38.55;0.35;-21.06;39.8;0.59;26.47;17.84;0.59;26.47;17.84;0.12;42.06;-5.25;38.47
1787986423815776,148427,0,255,91,0.17,13.57,13.64,-20.12;38.55;0.35;-21.06;39.8;0.59;26.47;17.84;0.59;26.47;17.84;0.12;42.06;-5.25;38.47
1787986423834519,148437,0,255,91,0.17,13.57,13.64,-20.12;38.55;0.35;-21.06;39.8;0.59;26.47;17.84;0.59;26.47;17.84;0.12;42.06;-5.25;38.47
1787986423855027,148446,0,255,91,0.17,13.57,13.64,-20.12;38.55;0.35;-21.06;39.8;0.59;26.47;17.84;0.59;26.47;17.84;0.12;42.06;-5.25;38.47
1787986423875323,148455,0,255,88,-0.93,12.56,13.14,-21.53;42.94;-0.12;-21.06;39.8;0.59;26.94;15.96;-0.35;28.82;10.31;0.12;42.06;-5.25;38.47
1787986423894715,148464,0,255,88,-0.93,12.56,13.14,-21.53;42.94;-0.12;-21.06;39.8;0.59;26.94;15.96;-0.35;28.82;10.31;0.12;42.06;-5.25;38.47
1787986423914498,148473,0,255,88,-0.93,12.56,13.14,-21.53;42.94;-0.12;-21.06;39.8;0.59;26.94;15.96;-0.35;28.82;10.31;0.12;42.06;-5.25;38.47
1787986423935335,148482,0,255,88,-0.93,12.56,13.14,-21.53;42.94;-0.12;-21.06;39.8;0.59;26.94;15.96;-0.35;28.82;10.31;0.12;42.06;-5.25;38.47
1787986423954994,148491,0,255,88,-0.93,12.56,13.14,-21.53;42.94;-0.12;-21.06;39.8;0.59;26.94;15.96;-0.35;28.82;10.31;0.12;42.06;-5.25;38.47
1787986423976974,148500,0,255,88,-0.93,12.56,13.14,-21.53;42.94;-0.12;-21.06;39.8;0.59;26.94;15.96;-0.35;28.82;10.31;0.12;42.06;-5.25;38.47
1787986423996250,148509,0,255,88,-0.93,12.56,13.14,-21.53;42.94;-0.12;-21.06;39.8;0.59;26.94;15.96;-0.35;28.82;10.31;0.12;42.06;-5.25;38.47
1787986424017299,148518,0,255,88,-0.93,12.56,13.14,-21.53;42.94;-0.12;-21.06;39.8;0.59;26.94;15.96;-0.35;28.82;10.31;0.12;42.06;-5.25;38.47
1787986424035190,148527,0,255,88,-0.93,12.56,13.14,-21.53;42.94;-0.12;-21.06;39.8;0.59;26.94;15.96;-0.35;28.82;10.31;0.12;42.06;-5.25;38.47
1787986424056151,148536,0,255,88,-0.93,12.56,13.14,-21.53;42.94;-0.12;-21.06;39.8;0.59;26.94;15.96;-0.35;28.82;10.31;0.12;42.06;-5.25;38.47
1787986424075852,148545,0,255,88,-0.93,12.56,13.14,-21.53;42.94;-0.12;-21.06;39.8;0.59;26.94;15.96;-0.35;28.82;10.31;0.12;42.06;-5.25;38.47
1787986424094136,148554,0,255,88,-0.93,12.56,13.14,-21.53;42.94;-0.12;-21.06;39.8;0.59;26.94;15.96;-0.35;28.82;10.31;0.12;42.06;-5.25;38.47
1787986424114946,148563,0,255,88,-0.93,12.56,13.14,-21.53;42.94;-0.12;-21.06;39.8;0.59;26.94;15.96;-0.35;28.82;10.31;0.12;42.06;-5.25;38.47
1787986424167353,148565,0,255,88,-0.93,12.56,13.14,-21.53;42.94;-0.12;-21.06;39.8;0.59;26.94;15.96;-0.35;28.82;10.31;0.12;42.06;-5.25;38.47
1787986424169295,148567,0,255,88,-0.93,12.56,13.14,-21.53;42.94;-0.12;-21.06;39.8;0.59;26.94;15.96;-0.35;28.82;10.31;0.12;42.06;-5.25;38.47
1787986424175346,148590,0,255,88,-0.93,12.56,13.14,-21.53;42.94;-0.12;-21.06;39.8;0.59;26.94;15.96;-0.35;28.82;10.31;0.12;42.06;-5.25;38.47
1787986424194385,148599,0,255,88,-0.93,12.56,13.14,-21.53;42.94;-0.12;-21.06;39.8;0.59;26.94;15.96;-0.35;28.82;10.31;0.12;42.06;-5.25;38.47
1787986424214374,148608,0,255,88,-0.93,12.56,13.14,-21.53;42.94;-0.12;-21.06;39.8;0.59;26.94;15.96;-0.35;28.82;10.31;0.12;42.06;-5.25;38.47
1787986424233886,148617,0,255,88,-0.93,12.56,13.14,-21.53;42.94;-0.12;-21.06;39.8;0.59;26.94;15.96;-0.35;28.82;10.31;0.12;42.06;-5.25;38.47
1787986424255376,148626,0,255,88,-0.93,12.56,13.14,-21.53;42.94;-0.12;-21.06;39.8;0.59;26.94;15.96;-0.35;28.82;10.31;0.12;42.06;-5.25;38.47
1787986424275770,148635,0,255,88,-0.93,12.56,13.14,-21.53;42.94;-0.12;-21.06;39.8;0.59;26.94;15.96;-0.35;28.82;10.31;0.12;42.06;-5.25;38.47
1787986424297103,148644,0,255,88,-0.93,12.56,13.14,-21.53;42.94;-0.12;-21.06;39.8;0.59;26.94;15.96;-0.35;28.82;10.31;0.12;42.06;-5.25;38.47
1787986424315012,148653,0,255,88,-0.93,12.56,13.14,-21.53;42.94;-0.12;-21.06;39.8;0.59;26.94;15.96;-0.35;28.82;10.31;0.12;42.06;-5.25;38.47
1787986424334398,148662,0,255,88,-0.93,12.56,13.14,-21.53;42.94;-0.12;-21.06;39.8;0.59;26.94;15.96;-0.35;28.82;10.31;0.12;42.06;-5.25;38.47
1787986424354828,148671,0,255,88,-0.93,12.56,13.14,-21.53;42.94;-0.12;-21.06;39.8;0.59;26.94;15.96;-0.35;28.82;10.31;0.12;42.06;-5.25;38.47
1787986424375238,148680,0,255,88,-0.93,12.56,13.14,-21.53;42.94;-0.12;-21.06;39.8;0.59;26.94;15.96;-0.35;28.82;10.31;0.12;42.06;-5.25;38.47
1787986424395132,148689,0,255,88,-0.93,12.56,13.14,-21.53;42.94;-0.12;-21.06;39.8;0.59;26.94;15.96;-0.35;28.82;10.31;0.12;42.06;-5.25;38.47
1787986424416737,148698,0,255,88,-0.93,12.56,13.14,-21.53;42.94;-0.12;-21.06;39.8;0.59;26.94;15.96;-0.35;28.82;10.31;0.12;42.06;-5.25;38.47
1787986424435141,148707,0,255,88,-0.93,12.56,13.14,-21.53;42.94;-0.12;-21.06;39.8;0.59;26.94;15.96;-0.35;28.82;10.31;0.12;42.06;-5.25;38.47
1787986424454306,148716,0,255,88,-0.93,12.56,13.14,-21.53;42.94;-0.12;-21.06;39.8;0.59;26.94;15.96;-0.35;28.82;10.31;0.12;42.06;-5.25;38.47
1787986424474630,148725,0,255,88,-0.93,12.56,13.14,-21.53;42.94;-0.12;-21.06;39.8;0.59;26.94;15.96;-0.35;28.82;10.31;0.12;42.06;-5.25;38.47
1787986424496158,148734,0,255,88,-0.93,12.56,13.14,-21.53;42.94;-0.12;-21.06;39.8;0.59;26.94;15.96;-0.35;28.82;10.31;0.12;42.06;-5.25;38.47
1787986424515964,148743,0,255,88,-0.93,12.56,13.14,-21.53;42.94;-0.12;-21.06;39.8;0.59;26.94;15.96;-0.35;28.82;10.31;0.12;42.06;-5.25;38.47
1787986424537292,148752,0,255,88,-0.93,12.56,13.14,-21.53;42.94;-0.12;-21.06;39.8;0.59;26.94;15.96;-0.35;28.82;10.31;0.12;42.06;-5.25;38.47
1787986424554104,148761,0,255,88,-0.93,12.56,13.14,-21.53;42.94;-0.12;-21.06;39.8;0.59;26.94;15.96;-0.35;28.82;10.31;0.12;42.06;-5.25;38.47
1787986424575937,148770,0,255,88,-0.93,12.56,13.14,-21.53;42.94;-0.12;-21.06;39.8;0.59;26.94;15.96;-0.35;28.82;10.31;0.12;42.06;-5.25;38.47
1787986424595664,148779,0,255,88,-0.93,12.56,13.14,-21.53;42.94;-0.12;-21.06;39.8;0.59;26.94;15.96;-0.35;28.82;10.31;0.12;42.06;-5.25;38.47
1787986424614052,148788,0,255,88,-0.93,12.56,13.14,-21.53;42.94;-0.12;-21.06;39.8;0.59;26.94;15.96;-0.35;28.82;10.31;0.12;42.06;-5.25;38.47
1787986424636694,148797,0,255,88,-0.93,12.56,13.14,-21.53;42.94;-0.12;-21.06;39.8;0.59;26.94;15.96;-0.35;28.82;10.31;0.12;42.06;-5.25;38.47
1787986424655677,148806,0,255,88,-0.93,12.56,13.14,-21.53;42.94;-0.12;-21.06;39.8;0.59;26.94;15.96;-0.35;28.82;10.31;0.12;42.06;-5.25;38.47
1787986424674163,148815,0,255,88,-0.93,12.56,13.14,-21.53;42.94;-0.12;-21.06;39.8;0.59;26.94;15.96;-0.35;28.82;10.31;0.12;42.06;-5.25;38.47
1787986424695947,148824,0,255,88,-0.93,12.56,13.14,-21.53;42.94;-0.12;-21.06;39.8;0.59;26.94;15.96;-0.35;28.82;10.31;0.12;42.06;-5.25;38.47
1787986424715684,148833,0,255,88,-0.93,12.56,13.14,-21.53;42.94;-0.12;-21.06;39.8;0.59;26.94;15.96;-0.35;28.82;10.31;0.12;42.06;-5.25;38.47
1787986424733901,148842,0,255,88,-0.93,12.56,13.14,-21.53;42.94;-0.12;-21.06;39.8;0.59;26.94;15.96;-0.35;28.82;10.31;0.12;42.06;-5.25;38.47
1787986424755681,148851,0,255,88,-0.93,12.56,13.14,-21.53;42.94;-0.12;-21.06;39.8;0.59;26.94;15.96;-0.35;28.82;10.31;0.12;42.06;-5.25;38.47
1787986424775135,148860,0,255,88,-0.93,12.56,13.14,-21.53;42.94;-0.12;-21.06;39.8;0.59;26.94;15.96;-0.35;28.82;10.31;0.12;42.06;-5.25;38.47
1787986424795985,148869,0,255,88,-0.93,12.56,13.14,-21.53;42.94;-0.12;-21.06;39.8;0.59;26.94;15.96;-0.35;28.82;10.31;0.12;42.06;-5.25;38.47
1787986424815473,148878,0,255,88,-0.93,12.56,13.14,-21.53;42.94;-0.12;-21.06;39.8;0.59;26.94;15.96;-0.35;28.82;10.31;0.12;42.06;-5.25;38.47
1787986424834645,148888,0,255,88,-0.93,12.56,13.14,-21.53;42.94;-0.12;-21.06;39.8;0.59;26.94;15.96;-0.35;28.82;10.31;0.12;42.06;-5.25;38.47
1787986424856774,148897,0,255,88,-0.93,12.56,13.14,-21.53;42.94;-0.12;-21.06;39.8;0.59;26.94;15.96;-0.35;28.82;10.31;0.12;42.06;-5.25;38.47
1787986424875175,148906,0,255,89,0.22,14,7.77,-20.59;39.18;0.59;-22;39.18;1.29;26.47;17.22;-0.35;26.94;17.84;0.12;42.06;-4.75;38.47
1787986424895588,148915,0,255,89,0.22,14,7.77,-20.59;39.18;0.59;-22;39.18;1.29;26.47;17.22;-0.35;26.94;17.84;0.12;42.06;-4.75;38.47
1787986424916711,148924,0,255,89,0.22,14,7.77,-20.59;39.18;0.59;-22;39.18;1.29;26.47;17.22;-0.35;26.94;17.84;0.12;42.06;-4.75;38.47
1787986424934247,148933,0,255,89,0.22,14,7.77,-20.59;39.18;0.59;-22;39.18;1.29;26.47;17.22;-0.35;26.94;17.84;0.12;42.06;-4.75;38.47
1787986424955427,148942,0,255,89,0.22,14,7.77,-20.59;39.18;0.59;-22;39.18;1.29;26.47;17.22;-0.35;26.94;17.84;0.12;42.06;-4.75;38.47
1787986424976072,148951,0,255,89,0.22,14,7.77,-20.59;39.18;0.59;-22;39.18;1.29;26.47;17.22;-0.35;26.94;17.84;0.12;42.06;-4.75;38.47
1787986424995063,148960,0,255,89,0.22,14,7.77,-20.59;39.18;0.59;-22;39.18;1.29;26.47;17.22;-0.35;26.94;17.84;0.12;42.06;-4.75;38.47
1787986425016463,148969,0,255,89,0.22,14,7.77,-20.59;39.18;0.59;-22;39.18;1.29;26.47;17.22;-0.35;26.94;17.84;0.12;42.06;-4.75;38.47
1787986425036182,148978,0,255,89,0.22,14,7.77,-20.59;39.18;0.59;-22;39.18;1.29;26.47;17.22;-0.35;26.94;17.84;0.12;42.06;-4.75;38.47
1787986425053929,148987,0,255,89,0.22,14,7.77,-20.59;39.18;0.59;-22;39.18;1.29;26.47;17.22;-0.35;26.94;17.84;0.12;42.06;-4.75;38.47
1787986425077075,148996,0,255,89,0.22,14,7.77,-20.59;39.18;0.59;-22;39.18;1.29;26.47;17.22;-0.35;26.94;17.84;0.12;42.06;-4.75;38.47
1787986425097304,149005,0,255,89,0.22,14,7.77,-20.59;39.18;0.59;-22;39.18;1.29;26.47;17.22;-0.35;26.94;17.84;0.12;42.06;-4.75;38.47
1787986425115374,149014,0,255,89,0.22,14,7.77,-20.59;39.18;0.59;-22;39.18;1.29;26.47;17.22;-0.35;26.94;17.84;0.12;42.06;-4.75;38.47
1787986425134939,149023,0,255,89,0.22,14,7.77,-20.59;39.18;0.59;-22;39.18;1.29;26.47;17.22;-0.35;26.94;17.84;0.12;42.06;-4.75;38.47
1787986425155017,149032,0,255,89,0.22,14,7.77,-20.59;39.18;0.59;-22;39.18;1.29;26.47;17.22;-0.35;26.94;17.84;0.12;42.06;-4.75;38.47
1787986425175563,149041,0,255,89,0.22,14,7.77,-20.59;39.18;0.59;-22;39.18;1.29;26.47;17.22;-0.35;26.94;17.84;0.12;42.06;-4.75;38.47
1787986425195407,149050,0,255,89,0.22,14,7.77,-20.59;39.18;0.59;-22;39.18;1.29;26.47;17.22;-0.35;26.94;17.84;0.12;42.06;-4.75;38.47
1787986425214567,149059,0,255,89,0.22,14,7.77,-20.59;39.18;0.59;-22;39.18;1.29;26.47;17.22;-0.35;26.94;17.84;0.12;42.06;-4.75;38.47
1787986425235888,149068,0,255,89,0.22,14,7.77,-20.59;39.18;0.59;-22;39.18;1.29;26.47;17.22;-0.35;26.94;17.84;0.12;42.06;-4.75;38.47
1787986425255482,149077,0,255,89,0.22,14,7.77,-20.59;39.18;0.59;-22;39.18;1.29;26.47;17.22;-0.35;26.94;17.84;0.12;42.06;-4.75;38.47
1787986425274544,149086,0,255,89,0.22,14,7.77,-20.59;39.18;0.59;-22;39.18;1.29;26.47;17.22;-0.35;26.94;17.84;0.12;42.06;-4.75;38.47
1787986425295736,149095,0,255,89,0.22,14,7.77,-20.59;39.18;0.59;-22;39.18;1.29;26.47;17.22;-0.35;26.94;17.84;0.12;42.06;-4.75;38.47
1787986425316264,149104,0,255,89,0.22,14,7.77,-20.59;39.18;0.59;-22;39.18;1.29;26.47;17.22;-0.35;26.94;17.84;0.12;42.06;-4.75;38.47
1787986425334405,149113,0,255,89,0.22,14,7.77,-20.59;39.18;0.59;-22;39.18;1.29;26.47;17.22;-0.35;26.94;17.84;0.12;42.06;-4.75;38.47
1787986425355578,149122,0,255,89,0.22,14,7.77,-20.59;39.18;0.59;-22;39.18;1.29;26.47;17.22;-0.35;26.94;17.84;0.12;42.06;-4.75;38.47
1787986425374888,149131,0,255,89,0.22,14,7.77,-20.59;39.18;0.59;-22;39.18;1.29;26.47;17.22;-0.35;26.94;17.84;0.12;42.06;-4.75;38.47
1787986425394405,149140,0,255,89,0.22,14,7.77,-20.59;39.18;0.59;-22;39.18;1.29;26.47;17.22;-0.35;26.94;17.84;0.12;42.06;-4.75;38.47
1787986425416424,149149,0,255,89,0.22,14,7.77,-20.59;39.18;0.59;-22;39.18;1.29;26.47;17.22;-0.35;26.94;17.84;0.12;42.06;-4.75;38.47
1787986425434774,149158,0,255,89,0.22,14,7.77,-20.59;39.18;0.59;-22;39.18;1.29;26.47;17.22;-0.35;26.94;17.84;0.12;42.06;-4.75;38.47
1787986425454972,149167,0,255,89,0.22,14,7.77,-20.59;39.18;0.59;-22;39.18;1.29;26.47;17.22;-0.35;26.94;17.84;0.12;42.06;-4.75;38.47
1787986425484593,149176,0,255,89,0.22,14,7.77,-20.59;39.18;0.59;-22;39.18;1.29;26.47;17.22;-0.35;26.94;17.84;0.12;42.06;-4.75;38.47
1787986425493917,149185,0,255,89,0.22,14,7.77,-20.59;39.18;0.59;-22;39.18;1.29;26.47;17.22;-0.35;26.94;17.84;0.12;42.06;-4.75;38.47
1787986425516727,149194,0,255,89,0.22,14,7.77,-20.59;39.18;0.59;-22;39.18;1.29;26.47;17.22;-0.35;26.94;17.84;0.12;42.06;-4.75;38.47
1787986425535869,149203,0,255,89,0.22,14,7.77,-20.59;39.18;0.59;-22;39.18;1.29;26.47;17.22;-0.35;26.94;17.84;0.12;42.06;-4.75;38.47
1787986425566359,149212,0,255,89,0.22,14,7.77,-20.59;39.18;0.59;-22;39.18;1.29;26.47;17.22;-0.35;26.94;17.84;0.12;42.06;-4.75;38.47
1787986425574908,149221,0,255,89,0.22,14,7.77,-20.59;39.18;0.59;-22;39.18;1.29;26.47;17.22;-0.35;26.94;17.84;0.12;42.06;-4.75;38.47
1787986425595478,149230,0,255,89,0.22,14,7.77,-20.59;39.18;0.59;-22;39.18;1.29;26.47;17.22;-0.35;26.94;17.84;0.12;42.06;-4.75;38.47
1787986425615056,149239,0,255,89,0.22,14,7.77,-20.59;39.18;0.59;-22;39.18;1.29;26.47;17.22;-0.35;26.94;17.84;0.12;42.06;-4.75;38.47
1787986425634854,149248,0,255,89,0.22,14,7.77,-20.59;39.18;0.59;-22;39.18;1.29;26.47;17.22;-0.35;26.94;17.84;0.12;42.06;-4.75;38.47
1787986425654966,149257,0,255,89,0.22,14,7.77,-20.59;39.18;0.59;-22;39.18;1.29;26.47;17.22;-0.35;26.94;17.84;0.12;42.06;-4.75;38.47
1787986425674756,149266,0,255,89,0.22,14,7.77,-20.59;39.18;0.59;-22;39.18;1.29;26.47;17.22;-0.35;26.94;17.84;0.12;42.06;-4.75;38.47
1787986425695076,149275,0,255,89,0.22,14,7.77,-20.59;39.18;0.59;-22;39.18;1.29;26.47;17.22;-0.35;26.94;17.84;0.12;42.06;-4.75;38.47
1787986425714110,149284,0,255,89,0.22,14,7.77,-20.59;39.18;0.59;-22;39.18;1.29;26.47;17.22;-0.35;26.94;17.84;0.12;42.06;-4.75;38.47
1787986425736253,149293,0,255,89,0.22,14,7.77,-20.59;39.18;0.59;-22;39.18;1.29;26.47;17.22;-0.35;26.94;17.84;0.12;42.06;-4.75;38.47
1787986425754960,149302,0,255,89,0.22,14,7.77,-20.59;39.18;0.59;-22;39.18;1.29;26.47;17.22;-0.35;26.94;17.84;0.12;42.06;-4.75;38.47
1787986425773982,149311,0,255,89,0.22,14,7.77,-20.59;39.18;0.59;-22;39.18;1.29;26.47;17.22;-0.35;26.94;17.84;0.12;42.06;-4.75;38.47
1787986425796577,149320,0,255,89,0.22,14,7.77,-20.59;39.18;0.59;-22;39.18;1.29;26.47;17.22;-0.35;26.94;17.84;0.12;42.06;-4.75;38.47
1787986425815052,149329,0,255,89,0.22,14,7.77,-20.59;39.18;0.59;-22;39.18;1.29;26.47;17.22;-0.35;26.94;17.84;0.12;42.06;-4.75;38.47
1787986425838139,149332,0,255,89,0.22,14,7.77,-20.59;39.18;0.59;-22;39.18;1.29;26.47;17.22;-0.35;26.94;17.84;0.12;42.06;-4.75;38.47
1787986425855379,149348,0,255,89,0.32,14.04,7.54,-20.59;39.18;0.82;-22;39.18;1.29;26.47;17.22;-0.35;26.94;17.84;0.12;42.06;-4.75;38.47
1787986425874923,149357,0,255,89,0.32,14.04,7.54,-20.59;39.18;0.82;-22;39.18;1.29;26.47;17.22;-0.35;26.94;17.84;0.12;42.06;-4.75;38.47
1787986425897476,149366,0,255,89,0.32,14.04,7.54,-20.59;39.18;0.82;-22;39.18;1.29;26.47;17.22;-0.35;26.94;17.84;0.12;42.06;-4.75;38.47
1787986425914570,149375,0,255,89,0.32,14.04,7.54,-20.59;39.18;0.82;-22;39.18;1.29;26.47;17.22;-0.35;26.94;17.84;0.12;42.06;-4.75;38.47
1787986425934760,149384,0,255,89,0.32,14.04,7.54,-20.59;39.18;0.82;-22;39.18;1.29;26.47;17.22;-0.35;26.94;17.84;0.12;42.06;-4.75;38.47
1787986425954952,149393,0,255,89,0.32,14.04,7.54,-20.59;39.18;0.82;-22;39.18;1.29;26.47;17.22;-0.35;26.94;17.84;0.12;42.06;-4.75;38.47
1787986425974438,149402,0,255,89,0.32,14.04,7.54,-20.59;39.18;0.82;-22;39.18;1.29;26.47;17.22;-0.35;26.94;17.84;0.12;42.06;-4.75;38.47
1787986425996382,149411,0,255,89,0.32,14.04,7.54,-20.59;39.18;0.82;-22;39.18;1.29;26.47;17.22;-0.35;26.94;17.84;0.12;42.06;-4.75;38.47
1787986426015563,149420,0,255,89,0.32,14.04,7.54,-20.59;39.18;0.82;-22;39.18;1.29;26.47;17.22;-0.35;26.94;17.84;0.12;42.06;-4.75;38.47
1787986426036292,149429,0,255,89,0.32,14.04,7.54,-20.59;39.18;0.82;-22;39.18;1.29;26.47;17.22;-0.35;26.94;17.84;0.12;42.06;-4.75;38.47
1787986426056483,149438,0,255,89,0.32,14.04,7.54,-20.59;39.18;0.82;-22;39.18;1.29;26.47;17.22;-0.35;26.94;17.84;0.12;42.06;-4.75;38.47
1787986426074997,149447,0,255,89,0.32,14.04,7.54,-20.59;39.18;0.82;-22;39.18;1.29;26.47;17.22;-0.35;26.94;17.84;0.12;42.06;-4.75;38.47
1787986426094830,149456,0,255,89,0.32,14.04,7.54,-20.59;39.18;0.82;-22;39.18;1.29;26.47;17.22;-0.35;26.94;17.84;0.12;42.06;-4.75;38.47
1787986426115070,149465,0,255,89,0.32,14.04,7.54,-20.59;39.18;0.82;-22;39.18;1.29;26.47;17.22;-0.35;26.94;17.84;0.12;42.06;-4.75;38.47
1787986426135090,149474,0,255,89,0.32,14.04,7.54,-20.59;39.18;0.82;-22;39.18;1.29;26.47;17.22;-0.35;26.94;17.84;0.12;42.06;-4.75;38.47
1787986426154574,149483,0,255,89,0.32,14.04,7.54,-20.59;39.18;0.82;-22;39.18;1.29;26.47;17.22;-0.35;26.94;17.84;0.12;42.06;-4.75;38.47
1787986426175003,149492,0,255,89,0.32,14.04,7.54,-20.59;39.18;0.82;-22;39.18;1.29;26.47;17.22;-0.35;26.94;17.84;0.12;42.06;-4.75;38.47
1787986426194996,149501,0,255,89,0.32,14.04,7.54,-20.59;39.18;0.82;-22;39.18;1.29;26.47;17.22;-0.35;26.94;17.84;0.12;42.06;-4.75;38.47
1787986426215577,149510,0,255,89,0.32,14.04,7.54,-20.59;39.18;0.82;-22;39.18;1.29;26.47;17.22;-0.35;26.94;17.84;0.12;42.06;-4.75;38.47
1787986426237148,149519,0,255,89,0.32,14.04,7.54,-20.59;39.18;0.82;-22;39.18;1.29;26.47;17.22;-0.35;26.94;17.84;0.12;42.06;-4.75;38.47
1787986426255115,149528,0,255,89,0.32,14.04,7.54,-20.59;39.18;0.82;-22;39.18;1.29;26.47;17.22;-0.35;26.94;17.84;0.12;42.06;-4.75;38.47
1787986426275636,149537,0,255,89,0.32,14.04,7.54,-20.59;39.18;0.82;-22;39.18;1.29;26.47;17.22;-0.35;26.94;17.84;0.12;42.06;-4.75;38.47
1787986426295055,149546,0,255,89,0.32,14.04,7.54,-20.59;39.18;0.82;-22;39.18;1.29;26.47;17.22;-0.35;26.94;17.84;0.12;42.06;-4.75;38.47
1787986426315481,149555,0,255,89,0.32,14.04,7.54,-20.59;39.18;0.82;-22;39.18;1.29;26.47;17.22;-0.35;26.94;17.84;0.12;42.06;-4.75;38.47
1787986426334279,149564,0,255,89,0.32,14.04,7.54,-20.59;39.18;0.82;-22;39.18;1.29;26.47;17.22;-0.35;26.94;17.84;0.12;42.06;-4.75;38.47
1787986426354687,149573,0,255,89,0.32,14.04,7.54,-20.59;39.18;0.82;-22;39.18;1.29;26.47;17.22;-0.35;26.94;17.84;0.12;42.06;-4.75;38.47
1787986426374128,149582,0,255,89,0.32,14.04,7.54,-20.59;39.18;0.82;-22;39.18;1.29;26.47;17.22;-0.35;26.94;17.84;0.12;42.06;-4.75;38.47
1787986426394948,149591,0,255,89,0.32,14.04,7.54,-20.59;39.18;0.82;-22;39.18;1.29;26.47;17.22;-0.35;26.94;17.84;0.12;42.06;-4.75;38.47
1787986426415047,149600,0,255,89,0.32,14.04,7.54,-20.59;39.18;0.82;-22;39.18;1.29;26.47;17.22;-0.35;26.94;17.84;0.12;42.06;-4.75;38.47
1787986426435257,149609,0,255,89,0.32,14.04,7.54,-20.59;39.18;0.82;-22;39.18;1.29;26.47;17.22;-0.35;26.94;17.84;0.12;42.06;-4.75;38.47
1787986426459100,149618,0,255,89,0.32,14.04,7.54,-20.59;39.18;0.82;-22;39.18;1.29;26.47;17.22;-0.35;26.94;17.84;0.12;42.06;-4.75;38.47
1787986426474606,149627,0,255,89,0.32,14.04,7.54,-20.59;39.18;0.82;-22;39.18;1.29;26.47;17.22;-0.35;26.94;17.84;0.12;42.06;-4.75;38.47
1787986426495258,149636,0,255,89,0.32,14.04,7.54,-20.59;39.18;0.82;-22;39.18;1.29;26.47;17.22;-0.35;26.94;17.84;0.12;42.06;-4.75;38.47
1787986426516604,149645,0,255,89,0.32,14.04,7.54,-20.59;39.18;0.82;-22;39.18;1.29;26.47;17.22;-0.35;26.94;17.84;0.12;42.06;-4.75;38.47
1787986426535547,149654,0,255,89,0.32,14.04,7.54,-20.59;39.18;0.82;-22;39.18;1.29;26.47;17.22;-0.35;26.94;17.84;0.12;42.06;-4.75;38.47
1787986426555692,149663,0,255,89,0.32,14.04,7.54,-20.59;39.18;0.82;-22;39.18;1.29;26.47;17.22;-0.35;26.94;17.84;0.12;42.06;-4.75;38.47
1787986426575811,149672,0,255,89,0.32,14.04,7.54,-20.59;39.18;0.82;-22;39.18;1.29;26.47;17.22;-0.35;26.94;17.84;0.12;42.06;-4.75;38.47
1787986426594330,149681,0,255,89,0.32,14.04,7.54,-20.59;39.18;0.82;-22;39.18;1.29;26.47;17.22;-0.35;26.94;17.84;0.12;42.06;-4.75;38.47
1787986426730544,149690,0,255,89,0.32,14.04,7.54,-20.59;39.18;0.82;-22;39.18;1.29;26.47;17.22;-0.35;26.94;17.84;0.12;42.06;-4.75;38.47
1787986426731252,149692,0,255,89,0.32,14.04,7.54,-20.59;39.18;0.82;-22;39.18;1.29;26.47;17.22;-0.35;26.94;17.84;0.12;42.06;-4.75;38.47
1787986426731992,149694,0,255,89,0.32,14.04,7.54,-20.59;39.18;0.82;-22;39.18;1.29;26.47;17.22;-0.35;26.94;17.84;0.12;42.06;-4.75;38.47
1787986426732669,149696,0,255,89,0.32,14.04,7.54,-20.59;39.18;0.82;-22;39.18;1.29;26.47;17.22;-0.35;26.94;17.84;0.12;42.06;-4.75;38.47
1787986426733050,149698,0,255,89,0.32,14.04,7.54,-20.59;39.18;0.82;-22;39.18;1.29;26.47;17.22;-0.35;26.94;17.84;0.12;42.06;-4.75;38.47
1787986426733515,149700,0,255,89,0.32,14.04,7.54,-20.59;39.18;0.82;-22;39.18;1.29;26.47;17.22;-0.35;26.94;17.84;0.12;42.06;-4.75;38.47
1787986426742162,149723,0,255,89,0.32,14.04,7.54,-20.59;39.18;0.82;-22;39.18;1.29;26.47;17.22;-0.35;26.94;17.84;0.12;42.06;-4.75;38.47
1787986426754249,149753,0,255,89,0.32,14.04,7.54,-20.59;39.18;0.82;-22;39.18;1.29;26.47;17.22;-0.35;26.94;17.84;0.12;42.06;-4.75;38.47
1787986426874331,149755,0,255,89,0.32,14.04,7.54,-20.59;39.18;0.82;-22;39.18;1.29;26.47;17.22;-0.35;26.94;17.84;0.12;42.06;-4.75;38.47
1787986426874921,149757,0,255,89,0.32,14.04,7.54,-20.59;39.18;0.82;-22;39.18;1.29;26.47;17.22;-0.35;26.94;17.84;0.12;42.06;-4.75;38.47
1787986426875699,149759,0,255,89,0.32,14.04,7.54,-20.59;39.18;0.82;-22;39.18;1.29;26.47;17.22;-0.35;26.94;17.84;0.12;42.06;-4.75;38.47
1787986426876421,149762,0,255,89,0.32,14.04,7.54,-20.59;39.18;0.82;-22;39.18;1.29;26.47;17.22;-0.35;26.94;17.84;0.12;42.06;-4.75;38.47
1787986426877054,149764,0,255,87,0.29,14.02,7.43,-20.59;39.18;0.59;-22;39.18;1.29;26.47;17.84;-0.35;26.94;17.84;0.12;42.06;-4.75;39.24
1787986426880227,149766,0,255,87,0.29,14.02,7.43,-20.59;39.18;0.59;-22;39.18;1.29;26.47;17.84;-0.35;26.94;17.84;0.12;42.06;-4.75;39.24
1787986426896296,149817,0,255,87,0.29,14.02,7.43,-20.59;39.18;0.59;-22;39.18;1.29;26.47;17.84;-0.35;26.94;17.84;0.12;42.06;-4.75;39.24
1787986426927663,149819,0,255,87,0.29,14.02,7.43,-20.59;39.18;0.59;-22;39.18;1.29;26.47;17.84;-0.35;26.94;17.84;0.12;42.06;-4.75;39.24
1787986427023432,149835,0,255,87,0.29,14.02,7.43,-20.59;39.18;0.59;-22;39.18;1.29;26.47;17.84;-0.35;26.94;17.84;0.12;42.06;-4.75;39.24
1787986427025967,149837,0,255,87,0.29,14.02,7.43,-20.59;39.18;0.59;-22;39.18;1.29;26.47;17.84;-0.35;26.94;17.84;0.12;42.06;-4.75;39.24
1787986427028125,149839,0,255,87,0.29,14.02,7.43,-20.59;39.18;0.59;-22;39.18;1.29;26.47;17.84;-0.35;26.94;17.84;0.12;42.06;-4.75;39.24
1787986427029875,149841,0,255,87,0.29,14.02,7.43,-20.59;39.18;0.59;-22;39.18;1.29;26.47;17.84;-0.35;26.94;17.84;0.12;42.06;-4.75;39.24
1787986427031089,149843,0,255,87,0.29,14.02,7.43,-20.59;39.18;0.59;-22;39.18;1.29;26.47;17.84;-0.35;26.94;17.84;0.12;42.06;-4.75;39.24
1787986427036956,149880,0,255,87,0.29,14.02,7.43,-20.59;39.18;0.59;-22;39.18;1.29;26.47;17.84;-0.35;26.94;17.84;0.12;42.06;-4.75;39.24
1787986427121900,149889,0,255,87,0.29,14.02,7.43,-20.59;39.18;0.59;-22;39.18;1.29;26.47;17.84;-0.35;26.94;17.84;0.12;42.06;-4.75;39.24
1787986427123346,149891,0,255,87,0.29,14.02,7.43,-20.59;39.18;0.59;-22;39.18;1.29;26.47;17.84;-0.35;26.94;17.84;0.12;42.06;-4.75;39.24
1787986427124930,149893,0,255,87,0.29,14.02,7.43,-20.59;39.18;0.59;-22;39.18;1.29;26.47;17.84;-0.35;26.94;17.84;0.12;42.06;-4.75;39.24
1787986427126372,149895,0,255,87,0.29,14.02,7.43,-20.59;39.18;0.59;-22;39.18;1.29;26.47;17.84;-0.35;26.94;17.84;0.12;42.06;-4.75;39.24
1787986427134284,149918,0,255,87,0.29,14.02,7.43,-20.59;39.18;0.59;-22;39.18;1.29;26.47;17.84;-0.35;26.94;17.84;0.12;42.06;-4.75;39.24
1787986427265660,149927,0,255,87,0.29,14.02,7.43,-20.59;39.18;0.59;-22;39.18;1.29;26.47;17.84;-0.35;26.94;17.84;0.12;42.06;-4.75;39.24
1787986427267506,149929,0,255,87,0.29,14.02,7.43,-20.59;39.18;0.59;-22;39.18;1.29;26.47;17.84;-0.35;26.94;17.84;0.12;42.06;-4.75;39.24
1787986427269030,149931,0,255,87,0.29,14.02,7.43,-20.59;39.18;0.59;-22;39.18;1.29;26.47;17.84;-0.35;26.94;17.84;0.12;42.06;-4.75;39.24
1787986427270581,149933,0,255,87,0.29,14.02,7.43,-20.59;39.18;0.59;-22;39.18;1.29;26.47;17.84;-0.35;26.94;17.84;0.12;42.06;-4.75;39.24
1787986427271831,149935,0,255,87,0.29,14.02,7.43,-20.59;39.18;0.59;-22;39.18;1.29;26.47;17.84;-0.35;26.94;17.84;0.12;42.06;-4.75;39.24
1787986427272377,149937,0,255,87,0.29,14.02,7.43,-20.59;39.18;0.59;-22;39.18;1.29;26.47;17.84;-0.35;26.94;17.84;0.12;42.06;-4.75;39.24
1787986427277630,149981,0,255,87,0.29,14.02,7.43,-20.59;39.18;0.59;-22;39.18;1.29;26.47;17.84;-0.35;26.94;17.84;0.12;42.06;-4.75;39.24
1787986427330041,149990,0,255,87,0.29,14.02,7.43,-20.59;39.18;0.59;-22;39.18;1.29;26.47;17.84;-0.35;26.94;17.84;0.12;42.06;-4.75;39.24
1787986427330661,149992,0,255,87,0.29,14.02,7.43,-20.59;39.18;0.59;-22;39.18;1.29;26.47;17.84;-0.35;26.94;17.84;0.12;42.06;-4.75;39.24
1787986427338462,150008,0,255,87,0.29,14.02,7.43,-20.59;39.18;0.59;-22;39.18;1.29;26.47;17.84;-0.35;26.94;17.84;0.12;42.06;-4.75;39.24
1787986427503923,150019,0,255,87,0.29,14.02,7.43,-20.59;39.18;0.59;-22;39.18;1.29;26.47;17.84;-0.35;26.94;17.84;0.12;42.06;-4.75;39.24
1787986427505406,150021,0,255,87,0.29,14.02,7.43,-20.59;39.18;0.59;-22;39.18;1.29;26.47;17.84;-0.35;26.94;17.84;0.12;42.06;-4.75;39.24
1787986427511344,150044,0,255,87,0.29,14.02,7.43,-20.59;39.18;0.59;-22;39.18;1.29;26.47;17.84;-0.35;26.94;17.84;0.12;42.06;-4.75;39.24
1787986427543453,150053,0,255,87,0.29,14.02,7.43,-20.59;39.18;0.59;-22;39.18;1.29;26.47;17.84;-0.35;26.94;17.84;0.12;42.06;-4.75;39.24
1787986427545039,150055,0,255,87,0.29,14.02,7.43,-20.59;39.18;0.59;-22;39.18;1.29;26.47;17.84;-0.35;26.94;17.84;0.12;42.06;-4.75;39.24
1787986427546558,150057,0,255,87,0.29,14.02,7.43,-20.59;39.18;0.59;-22;39.18;1.29;26.47;17.84;-0.35;26.94;17.84;0.12;42.06;-4.75;39.24
1787986427547858,150059,0,255,87,0.29,14.02,7.43,-20.59;39.18;0.59;-22;39.18;1.29;26.47;17.84;-0.35;26.94;17.84;0.12;42.06;-4.75;39.24
1787986427548738,150061,0,255,87,0.29,14.02,7.43,-20.59;39.18;0.59;-22;39.18;1.29;26.47;17.84;-0.35;26.94;17.84;0.12;42.06;-4.75;39.24
1787986427549662,150063,0,255,87,0.29,14.02,7.43,-20.59;39.18;0.59;-22;39.18;1.29;26.47;17.84;-0.35;26.94;17.84;0.12;42.06;-4.75;39.24
1787986427556930,150107,0,255,87,0.29,14.02,7.43,-20.59;39.18;0.59;-22;39.18;1.29;26.47;17.84;-0.35;26.94;17.84;0.12;42.06;-4.75;39.24
1787986427688414,150116,0,255,87,0.29,14.02,7.43,-20.59;39.18;0.59;-22;39.18;1.29;26.47;17.84;-0.35;26.94;17.84;0.12;42.06;-4.75;39.24
1787986427690790,150118,0,255,87,0.29,14.02,7.43,-20.59;39.18;0.59;-22;39.18;1.29;26.47;17.84;-0.35;26.94;17.84;0.12;42.06;-4.75;39.24
1787986427692364,150120,0,255,87,0.29,14.02,7.43,-20.59;39.18;0.59;-22;39.18;1.29;26.47;17.84;-0.35;26.94;17.84;0.12;42.06;-4.75;39.24
1787986427693999,150122,0,255,87,0.29,14.02,7.43,-20.59;39.18;0.59;-22;39.18;1.29;26.47;17.84;-0.35;26.94;17.84;0.12;42.06;-4.75;39.24
1787986427694936,150124,0,255,87,0.29,14.02,7.43,-20.59;39.18;0.59;-22;39.18;1.29;26.47;17.84;-0.35;26.94;17.84;0.12;42.06;-4.75;39.24
1787986427695661,150126,0,255,87,0.29,14.02,7.43,-20.59;39.18;0.59;-22;39.18;1.29;26.47;17.84;-0.35;26.94;17.84;0.12;42.06;-4.75;39.24
1787986427702065,150170,0,255,87,0.29,14.02,7.43,-20.59;39.18;0.59;-22;39.18;1.29;26.47;17.84;-0.35;26.94;17.84;0.12;42.06;-4.75;39.24
1787986427716309,150179,0,255,87,0.29,14.02,7.43,-20.59;39.18;0.59;-22;39.18;1.29;26.47;17.84;-0.35;26.94;17.84;0.12;42.06;-4.75;39.24
1787986427735192,150188,0,255,87,0.29,14.02,7.43,-20.59;39.18;0.59;-22;39.18;1.29;26.47;17.84;-0.35;26.94;17.84;0.12;42.06;-4.75;39.24
1787986427754496,150197,0,255,87,0.29,14.02,7.43,-20.59;39.18;0.59;-22;39.18;1.29;26.47;17.84;-0.35;26.94;17.84;0.12;42.06;-4.75;39.24
1787986427883977,150206,0,255,87,0.29,14.02,7.43,-20.59;39.18;0.59;-22;39.18;1.29;26.47;17.84;-0.35;26.94;17.84;0.12;42.06;-4.75;39.24
1787986427885307,150208,0,255,87,0.29,14.02,7.43,-20.59;39.18;0.59;-22;39.18;1.29;26.47;17.84;-0.35;26.94;17.84;0.12;42.06;-4.75;39.24
1787986427886817,150210,0,255,87,0.29,14.02,7.43,-20.59;39.18;0.59;-22;39.18;1.29;26.47;17.84;-0.35;26.94;17.84;0.12;42.06;-4.75;39.24
1787986427887968,150213,0,255,87,0.29,14.02,7.43,-20.59;39.18;0.59;-22;39.18;1.29;26.47;17.84;-0.35;26.94;17.84;0.12;42.06;-4.75;39.24
1787986427889338,150215,0,255,92,0.31,14.06,7.28,-20.59;39.18;0.82;-22;39.18;1.29;26.47;17.84;-0.35;26.94;17.84;0.12;23.71;-4.75;38.47
1787986427890306,150217,0,255,92,0.31,14.06,7.28,-20.59;39.18;0.82;-22;39.18;1.29;26.47;17.84;-0.35;26.94;17.84;0.12;23.71;-4.75;38.47
1787986427896351,150261,0,255,92,0.31,14.06,7.28,-20.59;39.18;0.82;-22;39.18;1.29;26.47;17.84;-0.35;26.94;17.84;0.12;23.71;-4.75;38.47
1787986427914883,150270,0,255,92,0.31,14.06,7.28,-20.59;39.18;0.82;-22;39.18;1.29;26.47;17.84;-0.35;26.94;17.84;0.12;23.71;-4.75;38.47
1787986427936599,150279,0,255,92,0.31,14.06,7.28,-20.59;39.18;0.82;-22;39.18;1.29;26.47;17.84;-0.35;26.94;17.84;0.12;23.71;-4.75;38.47
1787986427954596,150288,0,255,92,0.31,14.06,7.28,-20.59;39.18;0.82;-22;39.18;1.29;26.47;17.84;-0.35;26.94;17.84;0.12;23.71;-4.75;38.47
1787986428087613,150297,0,255,92,0.31,14.06,7.28,-20.59;39.18;0.82;-22;39.18;1.29;26.47;17.84;-0.35;26.94;17.84;0.12;23.71;-4.75;38.47
1787986428089129,150299,0,255,92,0.31,14.06,7.28,-20.59;39.18;0.82;-22;39.18;1.29;26.47;17.84;-0.35;26.94;17.84;0.12;23.71;-4.75;38.47
1787986428090430,150301,0,255,92,0.31,14.06,7.28,-20.59;39.18;0.82;-22;39.18;1.29;26.47;17.84;-0.35;26.94;17.84;0.12;23.71;-4.75;38.47
1787986428091988,150303,0,255,92,0.31,14.06,7.28,-20.59;39.18;0.82;-22;39.18;1.29;26.47;17.84;-0.35;26.94;17.84;0.12;23.71;-4.75;38.47
1787986428093258,150305,0,255,92,0.31,14.06,7.28,-20.59;39.18;0.82;-22;39.18;1.29;26.47;17.84;-0.35;26.94;17.84;0.12;23.71;-4.75;38.47
1787986428094576,150307,0,255,92,0.31,14.06,7.28,-20.59;39.18;0.82;-22;39.18;1.29;26.47;17.84;-0.35;26.94;17.84;0.12;23.71;-4.75;38.47
1787986428100460,150309,0,255,92,0.31,14.06,7.28,-20.59;39.18;0.82;-22;39.18;1.29;26.47;17.84;-0.35;26.94;17.84;0.12;23.71;-4.75;38.47
1787986428131300,150360,0,255,92,0.31,14.06,7.28,-20.59;39.18;0.82;-22;39.18;1.29;26.47;17.84;-0.35;26.94;17.84;0.12;23.71;-4.75;38.47
1787986428137102,150362,0,255,92,0.31,14.06,7.28,-20.59;39.18;0.82;-22;39.18;1.29;26.47;17.84;-0.35;26.94;17.84;0.12;23.71;-4.75;38.47
1787986428156316,150378,0,255,92,0.31,14.06,7.28,-20.59;39.18;0.82;-22;39.18;1.29;26.47;17.84;-0.35;26.94;17.84;0.12;23.71;-4.75;38.47
1787986428176054,150387,0,255,92,0.31,14.06,7.28,-20.59;39.18;0.82;-22;39.18;1.29;26.47;17.84;-0.35;26.94;17.84;0.12;23.71;-4.75;38.47
1787986428195078,150396,0,255,92,0.31,14.06,7.28,-20.59;39.18;0.82;-22;39.18;1.29;26.47;17.84;-0.35;26.94;17.84;0.12;23.71;-4.75;38.47
1787986428215268,150405,0,255,92,0.31,14.06,7.28,-20.59;39.18;0.82;-22;39.18;1.29;26.47;17.84;-0.35;26.94;17.84;0.12;23.71;-4.75;38.47
1787986428235411,150414,0,255,92,0.31,14.06,7.28,-20.59;39.18;0.82;-22;39.18;1.29;26.47;17.84;-0.35;26.94;17.84;0.12;23.71;-4.75;38.47
1787986428255282,150423,0,255,92,0.31,14.06,7.28,-20.59;39.18;0.82;-22;39.18;1.29;26.47;17.84;-0.35;26.94;17.84;0.12;23.71;-4.75;38.47
1787986428276714,150432,0,255,92,0.31,14.06,7.28,-20.59;39.18;0.82;-22;39.18;1.29;26.47;17.84;-0.35;26.94;17.84;0.12;23.71;-4.75;38.47
1787986428296204,150441,0,255,92,0.31,14.06,7.28,-20.59;39.18;0.82;-22;39.18;1.29;26.47;17.84;-0.35;26.94;17.84;0.12;23.71;-4.75;38.47
1787986428314658,150450,0,255,92,0.31,14.06,7.28,-20.59;39.18;0.82;-22;39.18;1.29;26.47;17.84;-0.35;26.94;17.84;0.12;23.71;-4.75;38.47
1787986428335116,150459,0,255,92,0.31,14.06,7.28,-20.59;39.18;0.82;-22;39.18;1.29;26.47;17.84;-0.35;26.94;17.84;0.12;23.71;-4.75;38.47
1787986428354518,150468,0,255,92,0.31,14.06,7.28,-20.59;39.18;0.82;-22;39.18;1.29;26.47;17.84;-0.35;26.94;17.84;0.12;23.71;-4.75;38.47
1787986428377787,150477,0,255,92,0.31,14.06,7.28,-20.59;39.18;0.82;-22;39.18;1.29;26.47;17.84;-0.35;26.94;17.84;0.12;23.71;-4.75;38.47
1787986428396190,150486,0,255,92,0.31,14.06,7.28,-20.59;39.18;0.82;-22;39.18;1.29;26.47;17.84;-0.35;26.94;17.84;0.12;23.71;-4.75;38.47
1787986428415860,150495,0,255,92,0.31,14.06,7.28,-20.59;39.18;0.82;-22;39.18;1.29;26.47;17.84;-0.35;26.94;17.84;0.12;23.71;-4.75;38.47
1787986428436685,150504,0,255,92,0.31,14.06,7.28,-20.59;39.18;0.82;-22;39.18;1.29;26.47;17.84;-0.35;26.94;17.84;0.12;23.71;-4.75;38.47
1787986428455349,150513,0,255,92,0.31,14.06,7.28,-20.59;39.18;0.82;-22;39.18;1.29;26.47;17.84;-0.35;26.94;17.84;0.12;23.71;-4.75;38.47
1787986428474602,150522,0,255,92,0.31,14.06,7.28,-20.59;39.18;0.82;-22;39.18;1.29;26.47;17.84;-0.35;26.94;17.84;0.12;23.71;-4.75;38.47
1787986428496174,150531,0,255,92,0.31,14.06,7.28,-20.59;39.18;0.82;-22;39.18;1.29;26.47;17.84;-0.35;26.94;17.84;0.12;23.71;-4.75;38.47
1787986428515690,150540,0,255,92,0.31,14.06,7.28,-20.59;39.18;0.82;-22;39.18;1.29;26.47;17.84;-0.35;26.94;17.84;0.12;23.71;-4.75;38.47
1787986428534473,150549,0,255,92,0.31,14.06,7.28,-20.59;39.18;0.82;-22;39.18;1.29;26.47;17.84;-0.35;26.94;17.84;0.12;23.71;-4.75;38.47
1787986428555623,150558,0,255,92,0.31,14.06,7.28,-20.59;39.18;0.82;-22;39.18;1.29;26.47;17.84;-0.35;26.94;17.84;0.12;23.71;-4.75;38.47
1787986428575873,150567,0,255,92,0.31,14.06,7.28,-20.59;39.18;0.82;-22;39.18;1.29;26.47;17.84;-0.35;26.94;17.84;0.12;23.71;-4.75;38.47
1787986428595943,150576,0,255,92,0.31,14.06,7.28,-20.59;39.18;0.82;-22;39.18;1.29;26.47;17.84;-0.35;26.94;17.84;0.12;23.71;-4.75;38.47
1787986428616815,150585,0,255,92,0.31,14.06,7.28,-20.59;39.18;0.82;-22;39.18;1.29;26.47;17.84;-0.35;26.94;17.84;0.12;23.71;-4.75;38.47
1787986428635261,150594,0,255,92,0.31,14.06,7.28,-20.59;39.18;0.82;-22;39.18;1.29;26.47;17.84;-0.35;26.94;17.84;0.12;23.71;-4.75;38.47
1787986428664245,150603,0,255,92,0.31,14.06,7.28,-20.59;39.18;0.82;-22;39.18;1.29;26.47;17.84;-0.35;26.94;17.84;0.12;23.71;-4.75;38.47
1787986428675060,150612,0,255,92,0.31,14.06,7.28,-20.59;39.18;0.82;-22;39.18;1.29;26.47;17.84;-0.35;26.94;17.84;0.12;23.71;-4.75;38.47
1787986428694763,150621,0,255,92,0.31,14.06,7.28,-20.59;39.18;0.82;-22;39.18;1.29;26.47;17.84;-0.35;26.94;17.84;0.12;23.71;-4.75;38.47
1787986428716185,150630,0,255,92,0.31,14.06,7.28,-20.59;39.18;0.82;-22;39.18;1.29;26.47;17.84;-0.35;26.94;17.84;0.12;23.71;-4.75;38.47
1787986428735706,150639,0,255,92,0.31,14.06,7.28,-20.59;39.18;0.82;-22;39.18;1.29;26.47;17.84;-0.35;26.94;17.84;0.12;23.71;-4.75;38.47
1787986428756591,150648,0,255,92,0.31,14.06,7.28,-20.59;39.18;0.82;-22;39.18;1.29;26.47;17.84;-0.35;26.94;17.84;0.12;23.71;-4.75;38.47
1787986428774855,150657,0,255,92,0.31,14.06,7.28,-20.59;39.18;0.82;-22;39.18;1.29;26.47;17.84;-0.35;26.94;17.84;0.12;23.71;-4.75;38.47
1787986428797044,150666,0,255,92,0.31,14.06,7.28,-20.59;39.18;0.82;-22;39.18;1.29;26.47;17.84;-0.35;26.94;17.84;0.12;23.71;-4.75;38.47
1787986428818989,150675,0,255,92,0.31,14.06,7.28,-20.59;39.18;0.82;-22;39.18;1.29;26.47;17.84;-0.35;26.94;17.84;0.12;23.71;-4.75;38.47
1787986428835381,150685,0,255,92,0.31,14.06,7.28,-20.59;39.18;0.82;-22;39.18;1.29;26.47;17.84;-0.35;26.94;17.84;0.12;23.71;-4.75;38.47
1787986428853982,150694,0,255,92,0.29,14.09,7.14,-20.59;39.18;0.82;-22;39.18;1.29;26.47;17.84;-0.35;26.94;17.84;0.12;3.82;-4.75;38.47
1787986428875882,150703,0,255,92,0.29,14.09,7.14,-20.59;39.18;0.82;-22;39.18;1.29;26.47;17.84;-0.35;26.94;17.84;0.12;3.82;-4.75;38.47
1787986428895021,150712,0,255,92,0.29,14.09,7.14,-20.59;39.18;0.82;-22;39.18;1.29;26.47;17.84;-0.35;26.94;17.84;0.12;3.82;-4.75;38.47
1787986428914973,150721,0,255,92,0.29,14.09,7.14,-20.59;39.18;0.82;-22;39.18;1.29;26.47;17.84;-0.35;26.94;17.84;0.12;3.82;-4.75;38.47
1787986428935504,150730,0,255,92,0.29,14.09,7.14,-20.59;39.18;0.82;-22;39.18;1.29;26.47;17.84;-0.35;26.94;17.84;0.12;3.82;-4.75;38.47
1787986428954970,150739,0,255,92,0.29,14.09,7.14,-20.59;39.18;0.82;-22;39.18;1.29;26.47;17.84;-0.35;26.94;17.84;0.12;3.82;-4.75;38.47
1787986428974491,150748,0,255,92,0.29,14.09,7.14,-20.59;39.18;0.82;-22;39.18;1.29;26.47;17.84;-0.35;26.94;17.84;0.12;3.82;-4.75;38.47
1787986428995074,150757,0,255,92,0.29,14.09,7.14,-20.59;39.18;0.82;-22;39.18;1.29;26.47;17.84;-0.35;26.94;17.84;0.12;3.82;-4.75;38.47
1787986429015514,150766,0,255,92,0.29,14.09,7.14,-20.59;39.18;0.82;-22;39.18;1.29;26.47;17.84;-0.35;26.94;17.84;0.12;3.82;-4.75;38.47
1787986429036373,150775,0,255,92,0.29,14.09,7.14,-20.59;39.18;0.82;-22;39.18;1.29;26.47;17.84;-0.35;26.94;17.84;0.12;3.82;-4.75;38.47
1787986429054493,150784,0,255,92,0.29,14.09,7.14,-20.59;39.18;0.82;-22;39.18;1.29;26.47;17.84;-0.35;26.94;17.84;0.12;3.82;-4.75;38.47
1787986429075186,150793,0,255,92,0.29,14.09,7.14,-20.59;39.18;0.82;-22;39.18;1.29;26.47;17.84;-0.35;26.94;17.84;0.12;3.82;-4.75;38.47
1787986429095198,150802,0,255,92,0.29,14.09,7.14,-20.59;39.18;0.82;-22;39.18;1.29;26.47;17.84;-0.35;26.94;17.84;0.12;3.82;-4.75;38.47
1787986429115832,150811,0,255,92,0.29,14.09,7.14,-20.59;39.18;0.82;-22;39.18;1.29;26.47;17.84;-0.35;26.94;17.84;0.12;3.82;-4.75;38.47
1787986429139725,150820,0,255,92,0.29,14.09,7.14,-20.59;39.18;0.82;-22;39.18;1.29;26.47;17.84;-0.35;26.94;17.84;0.12;3.82;-4.75;38.47
1787986429157601,150829,0,255,92,0.29,14.09,7.14,-20.59;39.18;0.82;-22;39.18;1.29;26.47;17.84;-0.35;26.94;17.84;0.12;3.82;-4.75;38.47
1787986429175110,150838,0,255,92,0.29,14.09,7.14,-20.59;39.18;0.82;-22;39.18;1.29;26.47;17.84;-0.35;26.94;17.84;0.12;3.82;-4.75;38.47
1787986429194378,150847,0,255,92,0.29,14.09,7.14,-20.59;39.18;0.82;-22;39.18;1.29;26.47;17.84;-0.35;26.94;17.84;0.12;3.82;-4.75;38.47
1787986429217160,150856,0,255,92,0.29,14.09,7.14,-20.59;39.18;0.82;-22;39.18;1.29;26.47;17.84;-0.35;26.94;17.84;0.12;3.82;-4.75;38.47
1787986429234452,150865,0,255,92,0.29,14.09,7.14,-20.59;39.18;0.82;-22;39.18;1.29;26.47;17.84;-0.35;26.94;17.84;0.12;3.82;-4.75;38.47
1787986429266430,150874,0,255,92,0.29,14.09,7.14,-20.59;39.18;0.82;-22;39.18;1.29;26.47;17.84;-0.35;26.94;17.84;0.12;3.82;-4.75;38.47
1787986429274825,150883,0,255,92,0.29,14.09,7.14,-20.59;39.18;0.82;-22;39.18;1.29;26.47;17.84;-0.35;26.94;17.84;0.12;3.82;-4.75;38.47
1787986429294980,150892,0,255,92,0.29,14.09,7.14,-20.59;39.18;0.82;-22;39.18;1.29;26.47;17.84;-0.35;26.94;17.84;0.12;3.82;-4.75;38.47
1787986429315780,150901,0,255,92,0.29,14.09,7.14,-20.59;39.18;0.82;-22;39.18;1.29;26.47;17.84;-0.35;26.94;17.84;0.12;3.82;-4.75;38.47
1787986429334677,150910,0,255,92,0.29,14.09,7.14,-20.59;39.18;0.82;-22;39.18;1.29;26.47;17.84;-0.35;26.94;17.84;0.12;3.82;-4.75;38.47
1787986429354268,150919,0,255,92,0.29,14.09,7.14,-20.59;39.18;0.82;-22;39.18;1.29;26.47;17.84;-0.35;26.94;17.84;0.12;3.82;-4.75;38.47
1787986429377255,150928,0,255,92,0.29,14.09,7.14,-20.59;39.18;0.82;-22;39.18;1.29;26.47;17.84;-0.35;26.94;17.84;0.12;3.82;-4.75;38.47
1787986429394538,150937,0,255,92,0.29,14.09,7.14,-20.59;39.18;0.82;-22;39.18;1.29;26.47;17.84;-0.35;26.94;17.84;0.12;3.82;-4.75;38.47
1787986429414833,150946,0,255,92,0.29,14.09,7.14,-20.59;39.18;0.82;-22;39.18;1.29;26.47;17.84;-0.35;26.94;17.84;0.12;3.82;-4.75;38.47
1787986429434879,150955,0,255,92,0.29,14.09,7.14,-20.59;39.18;0.82;-22;39.18;1.29;26.47;17.84;-0.35;26.94;17.84;0.12;3.82;-4.75;38.47
1787986429454804,150964,0,255,92,0.29,14.09,7.14,-20.59;39.18;0.82;-22;39.18;1.29;26.47;17.84;-0.35;26.94;17.84;0.12;3.82;-4.75;38.47
1787986429476263,150973,0,255,92,0.29,14.09,7.14,-20.59;39.18;0.82;-22;39.18;1.29;26.47;17.84;-0.35;26.94;17.84;0.12;3.82;-4.75;38.47
1787986429496412,150975,0,255,92,0.29,14.09,7.14,-20.59;39.18;0.82;-22;39.18;1.29;26.47;17.84;-0.35;26.94;17.84;0.12;3.82;-4.75;38.47
1787986429516214,150984,0,255,92,0.29,14.09,7.14,-20.59;39.18;0.82;-22;39.18;1.29;26.47;17.84;-0.35;26.94;17.84;0.12;3.82;-4.75;38.47
1787986429537646,151000,0,255,92,0.29,14.09,7.14,-20.59;39.18;0.82;-22;39.18;1.29;26.47;17.84;-0.35;26.94;17.84;0.12;3.82;-4.75;38.47
1787986429555633,151009,0,255,92,0.29,14.09,7.14,-20.59;39.18;0.82;-22;39.18;1.29;26.47;17.84;-0.35;26.94;17.84;0.12;3.82;-4.75;38.47
1787986429576088,151018,0,255,92,0.29,14.09,7.14,-20.59;39.18;0.82;-22;39.18;1.29;26.47;17.84;-0.35;26.94;17.84;0.12;3.82;-4.75;38.47
1787986429601187,151027,0,255,92,0.29,14.09,7.14,-20.59;39.18;0.82;-22;39.18;1.29;26.47;17.84;-0.35;26.94;17.84;0.12;3.82;-4.75;38.47
1787986429616988,151036,0,255,92,0.29,14.09,7.14,-20.59;39.18;0.82;-22;39.18;1.29;26.47;17.84;-0.35;26.94;17.84;0.12;3.82;-4.75;38.47
1787986429634846,151045,0,255,92,0.29,14.09,7.14,-20.59;39.18;0.82;-22;39.18;1.29;26.47;17.84;-0.35;26.94;17.84;0.12;3.82;-4.75;38.47
1787986429657401,151054,0,255,92,0.29,14.09,7.14,-20.59;39.18;0.82;-22;39.18;1.29;26.47;17.84;-0.35;26.94;17.84;0.12;3.82;-4.75;38.47
1787986429674517,151063,0,255,92,0.29,14.09,7.14,-20.59;39.18;0.82;-22;39.18;1.29;26.47;17.84;-0.35;26.94;17.84;0.12;3.82;-4.75;38.47
1787986429695148,151072,0,255,92,0.29,14.09,7.14,-20.59;39.18;0.82;-22;39.18;1.29;26.47;17.84;-0.35;26.94;17.84;0.12;3.82;-4.75;38.47
1787986429715169,151081,0,255,92,0.29,14.09,7.14,-20.59;39.18;0.82;-22;39.18;1.29;26.47;17.84;-0.35;26.94;17.84;0.12;3.82;-4.75;38.47
1787986429735609,151090,0,255,92,0.29,14.09,7.14,-20.59;39.18;0.82;-22;39.18;1.29;26.47;17.84;-0.35;26.94;17.84;0.12;3.82;-4.75;38.47
1787986429755240,151099,0,255,92,0.29,14.09,7.14,-20.59;39.18;0.82;-22;39.18;1.29;26.47;17.84;-0.35;26.94;17.84;0.12;3.82;-4.75;38.47
1787986429775646,151108,0,255,92,0.29,14.09,7.14,-20.59;39.18;0.82;-22;39.18;1.29;26.47;17.84;-0.35;26.94;17.84;0.12;3.82;-4.75;38.47
1787986429795144,151117,0,255,92,0.29,14.09,7.14,-20.59;39.18;0.82;-22;39.18;1.29;26.47;17.84;-0.35;26.94;17.84;0.12;3.82;-4.75;38.47
1787986429816078,151126,0,255,92,0.29,14.09,7.14,-20.59;39.18;0.82;-22;39.18;1.29;26.47;17.84;-0.35;26.94;17.84;0.12;3.82;-4.75;38.47
1787986429835819,151136,0,255,92,0.29,14.09,7.14,-20.59;39.18;0.82;-22;39.18;1.29;26.47;17.84;-0.35;26.94;17.84;0.12;3.82;-4.75;38.47
1787986429854276,151145,0,255,92,0.29,14.05,7.07,-20.59;39.18;0.82;-22;39.18;1.29;26.47;17.22;-0.35;26.94;17.84;0.12;3.82;-4.75;38.47
1787986429874680,151154,0,255,92,0.29,14.05,7.07,-20.59;39.18;0.82;-22;39.18;1.29;26.47;17.22;-0.35;26.94;17.84;0.12;3.82;-4.75;38.47
1787986429895126,151163,0,255,92,0.29,14.05,7.07,-20.59;39.18;0.82;-22;39.18;1.29;26.47;17.22;-0.35;26.94;17.84;0.12;3.82;-4.75;38.47
1787986429914949,151172,0,255,92,0.29,14.05,7.07,-20.59;39.18;0.82;-22;39.18;1.29;26.47;17.22;-0.35;26.94;17.84;0.12;3.82;-4.75;38.47
1787986429935628,151181,0,255,92,0.29,14.05,7.07,-20.59;39.18;0.82;-22;39.18;1.29;26.47;17.22;-0.35;26.94;17.84;0.12;3.82;-4.75;38.47
1787986429960115,151190,0,255,92,0.29,14.05,7.07,-20.59;39.18;0.82;-22;39.18;1.29;26.47;17.22;-0.35;26.94;17.84;0.12;3.82;-4.75;38.47
1787986429976373,151199,0,255,92,0.29,14.05,7.07,-20.59;39.18;0.82;-22;39.18;1.29;26.47;17.22;-0.35;26.94;17.84;0.12;3.82;-4.75;38.47
1787986429996921,151208,0,255,92,0.29,14.05,7.07,-20.59;39.18;0.82;-22;39.18;1.29;26.47;17.22;-0.35;26.94;17.84;0.12;3.82;-4.75;38.47
1787986430015427,151217,0,255,92,0.29,14.05,7.07,-20.59;39.18;0.82;-22;39.18;1.29;26.47;17.22;-0.35;26.94;17.84;0.12;3.82;-4.75;38.47
1787986430036616,151226,0,255,92,0.29,14.05,7.07,-20.59;39.18;0.82;-22;39.18;1.29;26.47;17.22;-0.35;26.94;17.84;0.12;3.82;-4.75;38.47
1787986430054839,151235,0,255,92,0.29,14.05,7.07,-20.59;39.18;0.82;-22;39.18;1.29;26.47;17.22;-0.35;26.94;17.84;0.12;3.82;-4.75;38.47
1787986430074914,151244,0,255,92,0.29,14.05,7.07,-20.59;39.18;0.82;-22;39.18;1.29;26.47;17.22;-0.35;26.94;17.84;0.12;3.82;-4.75;38.47
1787986430095634,151253,0,255,92,0.29,14.05,7.07,-20.59;39.18;0.82;-22;39.18;1.29;26.47;17.22;-0.35;26.94;17.84;0.12;3.82;-4.75;38.47
1787986430115664,151262,0,255,92,0.29,14.05,7.07,-20.59;39.18;0.82;-22;39.18;1.29;26.47;17.22;-0.35;26.94;17.84;0.12;3.82;-4.75;38.47
1787986430135021,151271,0,255,92,0.29,14.05,7.07,-20.59;39.18;0.82;-22;39.18;1.29;26.47;17.22;-0.35;26.94;17.84;0.12;3.82;-4.75;38.47
1787986430156330,151280,0,255,92,0.29,14.05,7.07,-20.59;39.18;0.82;-22;39.18;1.29;26.47;17.22;-0.35;26.94;17.84;0.12;3.82;-4.75;38.47
1787986430175488,151289,0,255,92,0.29,14.05,7.07,-20.59;39.18;0.82;-22;39.18;1.29;26.47;17.22;-0.35;26.94;17.84;0.12;3.82;-4.75;38.47
1787986430196399,151298,0,255,92,0.29,14.05,7.07,-20.59;39.18;0.82;-22;39.18;1.29;26.47;17.22;-0.35;26.94;17.84;0.12;3.82;-4.75;38.47
1787986430214535,151307,0,255,92,0.29,14.05,7.07,-20.59;39.18;0.82;-22;39.18;1.29;26.47;17.22;-0.35;26.94;17.84;0.12;3.82;-4.75;38.47
1787986430234743,151316,0,255,92,0.29,14.05,7.07,-20.59;39.18;0.82;-22;39.18;1.29;26.47;17.22;-0.35;26.94;17.84;0.12;3.82;-4.75;38.47
1787986430255548,151325,0,255,92,0.29,14.05,7.07,-20.59;39.18;0.82;-22;39.18;1.29;26.47;17.22;-0.35;26.94;17.84;0.12;3.82;-4.75;38.47
1787986430275617,151334,0,255,92,0.29,14.05,7.07,-20.59;39.18;0.82;-22;39.18;1.29;26.47;17.22;-0.35;26.94;17.84;0.12;3.82;-4.75;38.47
1787986430296479,151336,0,255,92,0.29,14.05,7.07,-20.59;39.18;0.82;-22;39.18;1.29;26.47;17.22;-0.35;26.94;17.84;0.12;3.82;-4.75;38.47
1787986430315927,151352,0,255,92,0.29,14.05,7.07,-20.59;39.18;0.82;-22;39.18;1.29;26.47;17.22;-0.35;26.94;17.84;0.12;3.82;-4.75;38.47
1787986430335055,151361,0,255,92,0.29,14.05,7.07,-20.59;39.18;0.82;-22;39.18;1.29;26.47;17.22;-0.35;26.94;17.84;0.12;3.82;-4.75;38.47
1787986430354816,151370,0,255,92,0.29,14.05,7.07,-20.59;39.18;0.82;-22;39.18;1.29;26.47;17.22;-0.35;26.94;17.84;0.12;3.82;-4.75;38.47
1787986430375508,151379,0,255,92,0.29,14.05,7.07,-20.59;39.18;0.82;-22;39.18;1.29;26.47;17.22;-0.35;26.94;17.84;0.12;3.82;-4.75;38.47
1787986430394995,151388,0,255,92,0.29,14.05,7.07,-20.59;39.18;0.82;-22;39.18;1.29;26.47;17.22;-0.35;26.94;17.84;0.12;3.82;-4.75;38.47
1787986430418954,151397,0,255,92,0.29,14.05,7.07,-20.59;39.18;0.82;-22;39.18;1.29;26.47;17.22;-0.35;26.94;17.84;0.12;3.82;-4.75;38.47
1787986430436928,151406,0,255,92,0.29,14.05,7.07,-20.59;39.18;0.82;-22;39.18;1.29;26.47;17.22;-0.35;26.94;17.84;0.12;3.82;-4.75;38.47
1787986430455048,151415,0,255,92,0.29,14.05,7.07,-20.59;39.18;0.82;-22;39.18;1.29;26.47;17.22;-0.35;26.94;17.84;0.12;3.82;-4.75;38.47
1787986430475242,151424,0,255,92,0.29,14.05,7.07,-20.59;39.18;0.82;-22;39.18;1.29;26.47;17.22;-0.35;26.94;17.84;0.12;3.82;-4.75;38.47
1787986430495848,151433,0,255,92,0.29,14.05,7.07,-20.59;39.18;0.82;-22;39.18;1.29;26.47;17.22;-0.35;26.94;17.84;0.12;3.82;-4.75;38.47
1787986430515188,151442,0,255,92,0.29,14.05,7.07,-20.59;39.18;0.82;-22;39.18;1.29;26.47;17.22;-0.35;26.94;17.84;0.12;3.82;-4.75;38.47
1787986430534381,151451,0,255,92,0.29,14.05,7.07,-20.59;39.18;0.82;-22;39.18;1.29;26.47;17.22;-0.35;26.94;17.84;0.12;3.82;-4.75;38.47
1787986430555135,151460,0,255,92,0.29,14.05,7.07,-20.59;39.18;0.82;-22;39.18;1.29;26.47;17.22;-0.35;26.94;17.84;0.12;3.82;-4.75;38.47
1787986430575683,151469,0,255,92,0.29,14.05,7.07,-20.59;39.18;0.82;-22;39.18;1.29;26.47;17.22;-0.35;26.94;17.84;0.12;3.82;-4.75;38.47
1787986430595128,151478,0,255,92,0.29,14.05,7.07,-20.59;39.18;0.82;-22;39.18;1.29;26.47;17.22;-0.35;26.94;17.84;0.12;3.82;-4.75;38.47
1787986430615930,151487,0,255,92,0.29,14.05,7.07,-20.59;39.18;0.82;-22;39.18;1.29;26.47;17.22;-0.35;26.94;17.84;0.12;3.82;-4.75;38.47
1787986430635378,151496,0,255,92,0.29,14.05,7.07,-20.59;39.18;0.82;-22;39.18;1.29;26.47;17.22;-0.35;26.94;17.84;0.12;3.82;-4.75;38.47
1787986430655752,151505,0,255,92,0.29,14.05,7.07,-20.59;39.18;0.82;-22;39.18;1.29;26.47;17.22;-0.35;26.94;17.84;0.12;3.82;-4.75;38.47
1787986430676325,151514,0,255,92,0.29,14.05,7.07,-20.59;39.18;0.82;-22;39.18;1.29;26.47;17.22;-0.35;26.94;17.84;0.12;3.82;-4.75;38.47
1787986430696257,151523,0,255,92,0.29,14.05,7.07,-20.59;39.18;0.82;-22;39.18;1.29;26.47;17.22;-0.35;26.94;17.84;0.12;3.82;-4.75;38.47
1787986430715349,151532,0,255,92,0.29,14.05,7.07,-20.59;39.18;0.82;-22;39.18;1.29;26.47;17.22;-0.35;26.94;17.84;0.12;3.82;-4.75;38.47
1787986430734782,151541,0,255,92,0.29,14.05,7.07,-20.59;39.18;0.82;-22;39.18;1.29;26.47;17.22;-0.35;26.94;17.84;0.12;3.82;-4.75;38.47
1787986430754808,151550,0,255,92,0.29,14.05,7.07,-20.59;39.18;0.82;-22;39.18;1.29;26.47;17.22;-0.35;26.94;17.84;0.12;3.82;-4.75;38.47
1787986430775272,151559,0,255,92,0.29,14.05,7.07,-20.59;39.18;0.82;-22;39.18;1.29;26.47;17.22;-0.35;26.94;17.84;0.12;3.82;-4.75;38.47
1787986430795388,151568,0,255,92,0.29,14.05,7.07,-20.59;39.18;0.82;-22;39.18;1.29;26.47;17.22;-0.35;26.94;17.84;0.12;3.82;-4.75;38.47
1787986430815844,151577,0,255,92,0.29,14.05,7.07,-20.59;39.18;0.82;-22;39.18;1.29;26.47;17.22;-0.35;26.94;17.84;0.12;3.82;-4.75;38.47
1787986430834434,151587,0,255,92,0.29,14.05,7.07,-20.59;39.18;0.82;-22;39.18;1.29;26.47;17.22;-0.35;26.94;17.84;0.12;3.82;-4.75;38.47
1787986430855832,151596,0,255,92,0.28,14,7,-20.59;39.18;0.82;-22;39.18;1.29;26.47;17.22;-0.35;26.94;17.84;0.12;3.82;-4.75;38.47
1787986430876392,151605,0,255,92,0.28,14,7,-20.59;39.18;0.82;-22;39.18;1.29;26.47;17.22;-0.35;26.94;17.84;0.12;3.82;-4.75;38.47
1787986430895108,151614,0,255,92,0.28,14,7,-20.59;39.18;0.82;-22;39.18;1.29;26.47;17.22;-0.35;26.94;17.84;0.12;3.82;-4.75;38.47
1787986430916756,151623,0,255,92,0.28,14,7,-20.59;39.18;0.82;-22;39.18;1.29;26.47;17.22;-0.35;26.94;17.84;0.12;3.82;-4.75;38.47
1787986430935084,151632,0,255,92,0.28,14,7,-20.59;39.18;0.82;-22;39.18;1.29;26.47;17.22;-0.35;26.94;17.84;0.12;3.82;-4.75;38.47
1787986430955133,151641,0,255,92,0.28,14,7,-20.59;39.18;0.82;-22;39.18;1.29;26.47;17.22;-0.35;26.94;17.84;0.12;3.82;-4.75;38.47
1787986430979304,151650,0,255,92,0.28,14,7,-20.59;39.18;0.82;-22;39.18;1.29;26.47;17.22;-0.35;26.94;17.84;0.12;3.82;-4.75;38.47
1787986430994545,151659,0,255,92,0.28,14,7,-20.59;39.18;0.82;-22;39.18;1.29;26.47;17.22;-0.35;26.94;17.84;0.12;3.82;-4.75;38.47
1787986431015489,151668,0,255,92,0.28,14,7,-20.59;39.18;0.82;-22;39.18;1.29;26.47;17.22;-0.35;26.94;17.84;0.12;3.82;-4.75;38.47
1787986431035261,151677,0,255,92,0.28,14,7,-20.59;39.18;0.82;-22;39.18;1.29;26.47;17.22;-0.35;26.94;17.84;0.12;3.82;-4.75;38.47
1787986431058852,151686,0,255,92,0.28,14,7,-20.59;39.18;0.82;-22;39.18;1.29;26.47;17.22;-0.35;26.94;17.84;0.12;3.82;-4.75;38.47
1787986431075984,151695,0,255,92,0.28,14,7,-20.59;39.18;0.82;-22;39.18;1.29;26.47;17.22;-0.35;26.94;17.84;0.12;3.82;-4.75;38.47
1787986431094677,151704,0,255,92,0.28,14,7,-20.59;39.18;0.82;-22;39.18;1.29;26.47;17.22;-0.35;26.94;17.84;0.12;3.82;-4.75;38.47
1787986431115227,151713,0,255,92,0.28,14,7,-20.59;39.18;0.82;-22;39.18;1.29;26.47;17.22;-0.35;26.94;17.84;0.12;3.82;-4.75;38.47
1787986431139670,151722,0,255,92,0.28,14,7,-20.59;39.18;0.82;-22;39.18;1.29;26.47;17.22;-0.35;26.94;17.84;0.12;3.82;-4.75;38.47
1787986431154863,151731,0,255,92,0.28,14,7,-20.59;39.18;0.82;-22;39.18;1.29;26.47;17.22;-0.35;26.94;17.84;0.12;3.82;-4.75;38.47
1787986431174083,151740,0,255,92,0.28,14,7,-20.59;39.18;0.82;-22;39.18;1.29;26.47;17.22;-0.35;26.94;17.84;0.12;3.82;-4.75;38.47
1787986431195573,151749,0,255,92,0.28,14,7,-20.59;39.18;0.82;-22;39.18;1.29;26.47;17.22;-0.35;26.94;17.84;0.12;3.82;-4.75;38.47
1787986431214545,151758,0,255,92,0.28,14,7,-20.59;39.18;0.82;-22;39.18;1.29;26.47;17.22;-0.35;26.94;17.84;0.12;3.82;-4.75;38.47
1787986431234917,151767,0,255,92,0.28,14,7,-20.59;39.18;0.82;-22;39.18;1.29;26.47;17.22;-0.35;26.94;17.84;0.12;3.82;-4.75;38.47
1787986431255212,151776,0,255,92,0.28,14,7,-20.59;39.18;0.82;-22;39.18;1.29;26.47;17.22;-0.35;26.94;17.84;0.12;3.82;-4.75;38.47
1787986431275758,151785,0,255,92,0.28,14,7,-20.59;39.18;0.82;-22;39.18;1.29;26.47;17.22;-0.35;26.94;17.84;0.12;3.82;-4.75;38.47
1787986431295530,151794,0,255,92,0.28,14,7,-20.59;39.18;0.82;-22;39.18;1.29;26.47;17.22;-0.35;26.94;17.84;0.12;3.82;-4.75;38.47
1787986431315366,151803,0,255,92,0.28,14,7,-20.59;39.18;0.82;-22;39.18;1.29;26.47;17.22;-0.35;26.94;17.84;0.12;3.82;-4.75;38.47
1787986431334538,151812,0,255,92,0.28,14,7,-20.59;39.18;0.82;-22;39.18;1.29;26.47;17.22;-0.35;26.94;17.84;0.12;3.82;-4.75;38.47
1787986431359721,151821,0,255,92,0.28,14,7,-20.59;39.18;0.82;-22;39.18;1.29;26.47;17.22;-0.35;26.94;17.84;0.12;3.82;-4.75;38.47
1787986431374961,151830,0,255,92,0.28,14,7,-20.59;39.18;0.82;-22;39.18;1.29;26.47;17.22;-0.35;26.94;17.84;0.12;3.82;-4.75;38.47
1787986431394618,151839,0,255,92,0.28,14,7,-20.59;39.18;0.82;-22;39.18;1.29;26.47;17.22;-0.35;26.94;17.84;0.12;3.82;-4.75;38.47
1787986431416120,151848,0,255,92,0.28,14,7,-20.59;39.18;0.82;-22;39.18;1.29;26.47;17.22;-0.35;26.94;17.84;0.12;3.82;-4.75;38.47
1787986431434448,151857,0,255,92,0.28,14,7,-20.59;39.18;0.82;-22;39.18;1.29;26.47;17.22;-0.35;26.94;17.84;0.12;3.82;-4.75;38.47
1787986431455956,151866,0,255,92,0.28,14,7,-20.59;39.18;0.82;-22;39.18;1.29;26.47;17.22;-0.35;26.94;17.84;0.12;3.82;-4.75;38.47
1787986431475174,151875,0,255,92,0.28,14,7,-20.59;39.18;0.82;-22;39.18;1.29;26.47;17.22;-0.35;26.94;17.84;0.12;3.82;-4.75;38.47
1787986431496233,151884,0,255,92,0.28,14,7,-20.59;39.18;0.82;-22;39.18;1.29;26.47;17.22;-0.35;26.94;17.84;0.12;3.82;-4.75;38.47
1787986431520907,151893,0,255,92,0.28,14,7,-20.59;39.18;0.82;-22;39.18;1.29;26.47;17.22;-0.35;26.94;17.84;0.12;3.82;-4.75;38.47
1787986431534911,151902,0,255,92,0.28,14,7,-20.59;39.18;0.82;-22;39.18;1.29;26.47;17.22;-0.35;26.94;17.84;0.12;3.82;-4.75;38.47
1787986431554074,151911,0,255,92,0.28,14,7,-20.59;39.18;0.82;-22;39.18;1.29;26.47;17.22;-0.35;26.94;17.84;0.12;3.82;-4.75;38.47
1787986431577027,151920,0,255,92,0.28,14,7,-20.59;39.18;0.82;-22;39.18;1.29;26.47;17.22;-0.35;26.94;17.84;0.12;3.82;-4.75;38.47
1787986431595441,151929,0,255,92,0.28,14,7,-20.59;39.18;0.82;-22;39.18;1.29;26.47;17.22;-0.35;26.94;17.84;0.12;3.82;-4.75;38.47
1787986431614130,151938,0,255,92,0.28,14,7,-20.59;39.18;0.82;-22;39.18;1.29;26.47;17.22;-0.35;26.94;17.84;0.12;3.82;-4.75;38.47
1787986431635799,151947,0,255,92,0.28,14,7,-20.59;39.18;0.82;-22;39.18;1.29;26.47;17.22;-0.35;26.94;17.84;0.12;3.82;-4.75;38.47
1787986431654981,151956,0,255,92,0.28,14,7,-20.59;39.18;0.82;-22;39.18;1.29;26.47;17.22;-0.35;26.94;17.84;0.12;3.82;-4.75;38.47
1787986431675135,151965,0,255,92,0.28,14,7,-20.59;39.18;0.82;-22;39.18;1.29;26.47;17.22;-0.35;26.94;17.84;0.12;3.82;-4.75;38.47
1787986431695948,151974,0,255,92,0.28,14,7,-20.59;39.18;0.82;-22;39.18;1.29;26.47;17.22;-0.35;26.94;17.84;0.12;3.82;-4.75;38.47
1787986431715551,151983,0,255,92,0.28,14,7,-20.59;39.18;0.82;-22;39.18;1.29;26.47;17.22;-0.35;26.94;17.84;0.12;3.82;-4.75;38.47
1787986431734723,151992,0,255,92,0.28,14,7,-20.59;39.18;0.82;-22;39.18;1.29;26.47;17.22;-0.35;26.94;17.84;0.12;3.82;-4.75;38.47
1787986431754755,152001,0,255,92,0.28,14,7,-20.59;39.18;0.82;-22;39.18;1.29;26.47;17.22;-0.35;26.94;17.84;0.12;3.82;-4.75;38.47
1787986431774440,152010,0,255,92,0.28,14,7,-20.59;39.18;0.82;-22;39.18;1.29;26.47;17.22;-0.35;26.94;17.84;0.12;3.82;-4.75;38.47
1787986431797306,152019,0,255,92,0.28,14,7,-20.59;39.18;0.82;-22;39.18;1.29;26.47;17.22;-0.35;26.94;17.84;0.12;3.82;-4.75;38.47
1787986431815930,152028,0,255,92,0.28,14,7,-20.59;39.18;0.82;-22;39.18;1.29;26.47;17.22;-0.35;26.94;17.84;0.12;3.82;-4.75;38.47
1787986431834597,152038,0,255,92,0.28,14,7,-20.59;39.18;0.82;-22;39.18;1.29;26.47;17.22;-0.35;26.94;17.84;0.12;3.82;-4.75;38.47
1787986431856240,152047,0,255,91,0.32,15.09,6.85,-20.59;39.18;0.59;-22;39.8;1.29;26.47;17.22;-0.35;26.47;18.47;0.35;3.82;-4.75;38.47
1787986431875183,152056,0,255,91,0.32,15.09,6.85,-20.59;39.18;0.59;-22;39.8;1.29;26.47;17.22;-0.35;26.47;18.47;0.35;3.82;-4.75;38.47
1787986431894943,152065,0,255,91,0.32,15.09,6.85,-20.59;39.18;0.59;-22;39.8;1.29;26.47;17.22;-0.35;26.47;18.47;0.35;3.82;-4.75;38.47
1787986431914420,152074,0,255,91,0.32,15.09,6.85,-20.59;39.18;0.59;-22;39.8;1.29;26.47;17.22;-0.35;26.47;18.47;0.35;3.82;-4.75;38.47
1787986431934301,152083,0,255,91,0.32,15.09,6.85,-20.59;39.18;0.59;-22;39.8;1.29;26.47;17.22;-0.35;26.47;18.47;0.35;3.82;-4.75;38.47
1787986431955356,152092,0,255,91,0.32,15.09,6.85,-20.59;39.18;0.59;-22;39.8;1.29;26.47;17.22;-0.35;26.47;18.47;0.35;3.82;-4.75;38.47
1787986431975267,152101,0,255,91,0.32,15.09,6.85,-20.59;39.18;0.59;-22;39.8;1.29;26.47;17.22;-0.35;26.47;18.47;0.35;3.82;-4.75;38.47
1787986431995375,152110,0,255,91,0.32,15.09,6.85,-20.59;39.18;0.59;-22;39.8;1.29;26.47;17.22;-0.35;26.47;18.47;0.35;3.82;-4.75;38.47
1787986432015323,152119,0,255,91,0.32,15.09,6.85,-20.59;39.18;0.59;-22;39.8;1.29;26.47;17.22;-0.35;26.47;18.47;0.35;3.82;-4.75;38.47
1787986432034962,152128,0,255,91,0.32,15.09,6.85,-20.59;39.18;0.59;-22;39.8;1.29;26.47;17.22;-0.35;26.47;18.47;0.35;3.82;-4.75;38.47
1787986432053946,152137,0,255,91,0.32,15.09,6.85,-20.59;39.18;0.59;-22;39.8;1.29;26.47;17.22;-0.35;26.47;18.47;0.35;3.82;-4.75;38.47
1787986432073957,152146,0,255,91,0.32,15.09,6.85,-20.59;39.18;0.59;-22;39.8;1.29;26.47;17.22;-0.35;26.47;18.47;0.35;3.82;-4.75;38.47
1787986432095528,152155,0,255,91,0.32,15.09,6.85,-20.59;39.18;0.59;-22;39.8;1.29;26.47;17.22;-0.35;26.47;18.47;0.35;3.82;-4.75;38.47
1787986432115271,152164,0,255,91,0.32,15.09,6.85,-20.59;39.18;0.59;-22;39.8;1.29;26.47;17.22;-0.35;26.47;18.47;0.35;3.82;-4.75;38.47
1787986432135635,152173,0,255,91,0.32,15.09,6.85,-20.59;39.18;0.59;-22;39.8;1.29;26.47;17.22;-0.35;26.47;18.47;0.35;3.82;-4.75;38.47
1787986432155620,152182,0,255,91,0.32,15.09,6.85,-20.59;39.18;0.59;-22;39.8;1.29;26.47;17.22;-0.35;26.47;18.47;0.35;3.82;-4.75;38.47
1787986432177012,152191,0,255,91,0.32,15.09,6.85,-20.59;39.18;0.59;-22;39.8;1.29;26.47;17.22;-0.35;26.47;18.47;0.35;3.82;-4.75;38.47
1787986432194832,152200,0,255,91,0.32,15.09,6.85,-20.59;39.18;0.59;-22;39.8;1.29;26.47;17.22;-0.35;26.47;18.47;0.35;3.82;-4.75;38.47
1787986432214022,152209,0,255,91,0.32,15.09,6.85,-20.59;39.18;0.59;-22;39.8;1.29;26.47;17.22;-0.35;26.47;18.47;0.35;3.82;-4.75;38.47
1787986432235462,152218,0,255,91,0.32,15.09,6.85,-20.59;39.18;0.59;-22;39.8;1.29;26.47;17.22;-0.35;26.47;18.47;0.35;3.82;-4.75;38.47
1787986432254665,152227,0,255,91,0.32,15.09,6.85,-20.59;39.18;0.59;-22;39.8;1.29;26.47;17.22;-0.35;26.47;18.47;0.35;3.82;-4.75;38.47
1787986432275224,152236,0,255,91,0.32,15.09,6.85,-20.59;39.18;0.59;-22;39.8;1.29;26.47;17.22;-0.35;26.47;18.47;0.35;3.82;-4.75;38.47
1787986432296394,152245,0,255,91,0.32,15.09,6.85,-20.59;39.18;0.59;-22;39.8;1.29;26.47;17.22;-0.35;26.47;18.47;0.35;3.82;-4.75;38.47
1787986432314891,152254,0,255,91,0.32,15.09,6.85,-20.59;39.18;0.59;-22;39.8;1.29;26.47;17.22;-0.35;26.47;18.47;0.35;3.82;-4.75;38.47
1787986432334220,152263,0,255,91,0.32,15.09,6.85,-20.59;39.18;0.59;-22;39.8;1.29;26.47;17.22;-0.35;26.47;18.47;0.35;3.82;-4.75;38.47
1787986432355555,152272,0,255,91,0.32,15.09,6.85,-20.59;39.18;0.59;-22;39.8;1.29;26.47;17.22;-0.35;26.47;18.47;0.35;3.82;-4.75;38.47
1787986432374828,152281,0,255,91,0.32,15.09,6.85,-20.59;39.18;0.59;-22;39.8;1.29;26.47;17.22;-0.35;26.47;18.47;0.35;3.82;-4.75;38.47
1787986432396221,152290,0,255,91,0.32,15.09,6.85,-20.59;39.18;0.59;-22;39.8;1.29;26.47;17.22;-0.35;26.47;18.47;0.35;3.82;-4.75;38.47
1787986432415971,152299,0,255,91,0.32,15.09,6.85,-20.59;39.18;0.59;-22;39.8;1.29;26.47;17.22;-0.35;26.47;18.47;0.35;3.82;-4.75;38.47
1787986432434817,152308,0,255,91,0.32,15.09,6.85,-20.59;39.18;0.59;-22;39.8;1.29;26.47;17.22;-0.35;26.47;18.47;0.35;3.82;-4.75;38.47
1787986432457214,152317,0,255,91,0.32,15.09,6.85,-20.59;39.18;0.59;-22;39.8;1.29;26.47;17.22;-0.35;26.47;18.47;0.35;3.82;-4.75;38.47
1787986432475125,152326,0,255,91,0.32,15.09,6.85,-20.59;39.18;0.59;-22;39.8;1.29;26.47;17.22;-0.35;26.47;18.47;0.35;3.82;-4.75;38.47
1787986432494452,152335,0,255,91,0.32,15.09,6.85,-20.59;39.18;0.59;-22;39.8;1.29;26.47;17.22;-0.35;26.47;18.47;0.35;3.82;-4.75;38.47
1787986432515508,152344,0,255,91,0.32,15.09,6.85,-20.59;39.18;0.59;-22;39.8;1.29;26.47;17.22;-0.35;26.47;18.47;0.35;3.82;-4.75;38.47
1787986432535448,152353,0,255,91,0.32,15.09,6.85,-20.59;39.18;0.59;-22;39.8;1.29;26.47;17.22;-0.35;26.47;18.47;0.35;3.82;-4.75;38.47
1787986432554476,152362,0,255,91,0.32,15.09,6.85,-20.59;39.18;0.59;-22;39.8;1.29;26.47;17.22;-0.35;26.47;18.47;0.35;3.82;-4.75;38.47
1787986432574877,152371,0,255,91,0.32,15.09,6.85,-20.59;39.18;0.59;-22;39.8;1.29;26.47;17.22;-0.35;26.47;18.47;0.35;3.82;-4.75;38.47
1787986432595081,152380,0,255,91,0.32,15.09,6.85,-20.59;39.18;0.59;-22;39.8;1.29;26.47;17.22;-0.35;26.47;18.47;0.35;3.82;-4.75;38.47
1787986432616246,152389,0,255,91,0.32,15.09,6.85,-20.59;39.18;0.59;-22;39.8;1.29;26.47;17.22;-0.35;26.47;18.47;0.35;3.82;-4.75;38.47
1787986432635646,152398,0,255,91,0.32,15.09,6.85,-20.59;39.18;0.59;-22;39.8;1.29;26.47;17.22;-0.35;26.47;18.47;0.35;3.82;-4.75;38.47
1787986432654604,152407,0,255,91,0.32,15.09,6.85,-20.59;39.18;0.59;-22;39.8;1.29;26.47;17.22;-0.35;26.47;18.47;0.35;3.82;-4.75;38.47
1787986432676394,152416,0,255,91,0.32,15.09,6.85,-20.59;39.18;0.59;-22;39.8;1.29;26.47;17.22;-0.35;26.47;18.47;0.35;3.82;-4.75;38.47
1787986432693849,152425,0,255,91,0.32,15.09,6.85,-20.59;39.18;0.59;-22;39.8;1.29;26.47;17.22;-0.35;26.47;18.47;0.35;3.82;-4.75;38.47
1787986432714456,152434,0,255,91,0.32,15.09,6.85,-20.59;39.18;0.59;-22;39.8;1.29;26.47;17.22;-0.35;26.47;18.47;0.35;3.82;-4.75;38.47
1787986432734455,152443,0,255,91,0.32,15.09,6.85,-20.59;39.18;0.59;-22;39.8;1.29;26.47;17.22;-0.35;26.47;18.47;0.35;3.82;-4.75;38.47
1787986432754721,152452,0,255,91,0.32,15.09,6.85,-20.59;39.18;0.59;-22;39.8;1.29;26.47;17.22;-0.35;26.47;18.47;0.35;3.82;-4.75;38.47
1787986432774419,152461,0,255,91,0.32,15.09,6.85,-20.59;39.18;0.59;-22;39.8;1.29;26.47;17.22;-0.35;26.47;18.47;0.35;3.82;-4.75;38.47
1787986432798261,152470,0,255,91,0.32,15.09,6.85,-20.59;39.18;0.59;-22;39.8;1.29;26.47;17.22;-0.35;26.47;18.47;0.35;3.82;-4.75;38.47
1787986432815473,152479,0,255,91,0.32,15.09,6.85,-20.59;39.18;0.59;-22;39.8;1.29;26.47;17.22;-0.35;26.47;18.47;0.35;3.82;-4.75;38.47
1787986432912503,152482,0,255,91,0.32,15.09,6.85,-20.59;39.18;0.59;-22;39.8;1.29;26.47;17.22;-0.35;26.47;18.47;0.35;3.82;-4.75;38.47
1787986432914322,152484,0,255,91,-0.16,13.89,2.21,-21.53;39.18;0.59;-21.53;41.06;0.82;26.47;17.22;0.35;25.53;17.22;0.12;3.82;-4.24;38.47
1787986432916138,152486,0,255,91,-0.16,13.89,2.21,-21.53;39.18;0.59;-21.53;41.06;0.82;26.47;17.22;0.35;25.53;17.22;0.12;3.82;-4.24;38.47
1787986432917650,152488,0,255,91,-0.16,13.89,2.21,-21.53;39.18;0.59;-21.53;41.06;0.82;26.47;17.22;0.35;25.53;17.22;0.12;3.82;-4.24;38.47
1787986432924881,152525,0,255,91,-0.16,13.89,2.21,-21.53;39.18;0.59;-21.53;41.06;0.82;26.47;17.22;0.35;25.53;17.22;0.12;3.82;-4.24;38.47
1787986432934255,152534,0,255,91,-0.16,13.89,2.21,-21.53;39.18;0.59;-21.53;41.06;0.82;26.47;17.22;0.35;25.53;17.22;0.12;3.82;-4.24;38.47
1787986433055073,152543,0,255,91,-0.16,13.89,2.21,-21.53;39.18;0.59;-21.53;41.06;0.82;26.47;17.22;0.35;25.53;17.22;0.12;3.82;-4.24;38.47
1787986433056469,152545,0,255,91,-0.16,13.89,2.21,-21.53;39.18;0.59;-21.53;41.06;0.82;26.47;17.22;0.35;25.53;17.22;0.12;3.82;-4.24;38.47
1787986433058230,152547,0,255,91,-0.16,13.89,2.21,-21.53;39.18;0.59;-21.53;41.06;0.82;26.47;17.22;0.35;25.53;17.22;0.12;3.82;-4.24;38.47
1787986433059725,152549,0,255,91,-0.16,13.89,2.21,-21.53;39.18;0.59;-21.53;41.06;0.82;26.47;17.22;0.35;25.53;17.22;0.12;3.82;-4.24;38.47
1787986433061313,152551,0,255,91,-0.16,13.89,2.21,-21.53;39.18;0.59;-21.53;41.06;0.82;26.47;17.22;0.35;25.53;17.22;0.12;3.82;-4.24;38.47
1787986433066384,152581,0,255,91,-0.16,13.89,2.21,-21.53;39.18;0.59;-21.53;41.06;0.82;26.47;17.22;0.35;25.53;17.22;0.12;3.82;-4.24;38.47
1787986433074339,152597,0,255,91,-0.16,13.89,2.21,-21.53;39.18;0.59;-21.53;41.06;0.82;26.47;17.22;0.35;25.53;17.22;0.12;3.82;-4.24;38.47
1787986433185791,152606,0,255,91,-0.16,13.89,2.21,-21.53;39.18;0.59;-21.53;41.06;0.82;26.47;17.22;0.35;25.53;17.22;0.12;3.82;-4.24;38.47
1787986433187578,152608,0,255,91,-0.16,13.89,2.21,-21.53;39.18;0.59;-21.53;41.06;0.82;26.47;17.22;0.35;25.53;17.22;0.12;3.82;-4.24;38.47
1787986433188868,152610,0,255,91,-0.16,13.89,2.21,-21.53;39.18;0.59;-21.53;41.06;0.82;26.47;17.22;0.35;25.53;17.22;0.12;3.82;-4.24;38.47
1787986433190467,152612,0,255,91,-0.16,13.89,2.21,-21.53;39.18;0.59;-21.53;41.06;0.82;26.47;17.22;0.35;25.53;17.22;0.12;3.82;-4.24;38.47
1787986433191784,152614,0,255,91,-0.16,13.89,2.21,-21.53;39.18;0.59;-21.53;41.06;0.82;26.47;17.22;0.35;25.53;17.22;0.12;3.82;-4.24;38.47
1787986433196471,152644,0,255,91,-0.16,13.89,2.21,-21.53;39.18;0.59;-21.53;41.06;0.82;26.47;17.22;0.35;25.53;17.22;0.12;3.82;-4.24;38.47
1787986433214953,152653,0,255,91,-0.16,13.89,2.21,-21.53;39.18;0.59;-21.53;41.06;0.82;26.47;17.22;0.35;25.53;17.22;0.12;3.82;-4.24;38.47
1787986433318806,152662,0,255,91,-0.16,13.89,2.21,-21.53;39.18;0.59;-21.53;41.06;0.82;26.47;17.22;0.35;25.53;17.22;0.12;3.82;-4.24;38.47
1787986433319900,152664,0,255,91,-0.16,13.89,2.21,-21.53;39.18;0.59;-21.53;41.06;0.82;26.47;17.22;0.35;25.53;17.22;0.12;3.82;-4.24;38.47
1787986433320742,152666,0,255,91,-0.16,13.89,2.21,-21.53;39.18;0.59;-21.53;41.06;0.82;26.47;17.22;0.35;25.53;17.22;0.12;3.82;-4.24;38.47
1787986433321427,152668,0,255,91,-0.16,13.89,2.21,-21.53;39.18;0.59;-21.53;41.06;0.82;26.47;17.22;0.35;25.53;17.22;0.12;3.82;-4.24;38.47
1787986433324131,152670,0,255,91,-0.16,13.89,2.21,-21.53;39.18;0.59;-21.53;41.06;0.82;26.47;17.22;0.35;25.53;17.22;0.12;3.82;-4.24;38.47
1787986433336310,152707,0,255,91,-0.16,13.89,2.21,-21.53;39.18;0.59;-21.53;41.06;0.82;26.47;17.22;0.35;25.53;17.22;0.12;3.82;-4.24;38.47
1787986433354681,152716,0,255,91,-0.16,13.89,2.21,-21.53;39.18;0.59;-21.53;41.06;0.82;26.47;17.22;0.35;25.53;17.22;0.12;3.82;-4.24;38.47
1787986433459243,152718,0,255,91,-0.16,13.89,2.21,-21.53;39.18;0.59;-21.53;41.06;0.82;26.47;17.22;0.35;25.53;17.22;0.12;3.82;-4.24;38.47
1787986433460915,152720,0,255,91,-0.16,13.89,2.21,-21.53;39.18;0.59;-21.53;41.06;0.82;26.47;17.22;0.35;25.53;17.22;0.12;3.82;-4.24;38.47
1787986433462033,152722,0,255,91,-0.16,13.89,2.21,-21.53;39.18;0.59;-21.53;41.06;0.82;26.47;17.22;0.35;25.53;17.22;0.12;3.82;-4.24;38.47
1787986433463132,152724,0,255,91,-0.16,13.89,2.21,-21.53;39.18;0.59;-21.53;41.06;0.82;26.47;17.22;0.35;25.53;17.22;0.12;3.82;-4.24;38.47
1787986433463931,152726,0,255,91,-0.16,13.89,2.21,-21.53;39.18;0.59;-21.53;41.06;0.82;26.47;17.22;0.35;25.53;17.22;0.12;3.82;-4.24;38.47
1787986433478987,152770,0,255,91,-0.16,13.89,2.21,-21.53;39.18;0.59;-21.53;41.06;0.82;26.47;17.22;0.35;25.53;17.22;0.12;3.82;-4.24;38.47
1787986433505872,152772,0,255,91,-0.16,13.89,2.21,-21.53;39.18;0.59;-21.53;41.06;0.82;26.47;17.22;0.35;25.53;17.22;0.12;3.82;-4.24;38.47
1787986433589174,152774,0,255,91,-0.16,13.89,2.21,-21.53;39.18;0.59;-21.53;41.06;0.82;26.47;17.22;0.35;25.53;17.22;0.12;3.82;-4.24;38.47
1787986433594150,152776,0,255,91,-0.16,13.89,2.21,-21.53;39.18;0.59;-21.53;41.06;0.82;26.47;17.22;0.35;25.53;17.22;0.12;3.82;-4.24;38.47
1787986433595609,152778,0,255,91,-0.16,13.89,2.21,-21.53;39.18;0.59;-21.53;41.06;0.82;26.47;17.22;0.35;25.53;17.22;0.12;3.82;-4.24;38.47
1787986433596822,152780,0,255,91,-0.16,13.89,2.21,-21.53;39.18;0.59;-21.53;41.06;0.82;26.47;17.22;0.35;25.53;17.22;0.12;3.82;-4.24;38.47
1787986433602577,152817,0,255,91,-0.16,13.89,2.21,-21.53;39.18;0.59;-21.53;41.06;0.82;26.47;17.22;0.35;25.53;17.22;0.12;3.82;-4.24;38.47
1787986433618035,152826,0,255,91,-0.16,13.89,2.21,-21.53;39.18;0.59;-21.53;41.06;0.82;26.47;17.22;0.35;25.53;17.22;0.12;3.82;-4.24;38.47
1787986433726422,152835,0,255,91,-0.16,13.89,2.21,-21.53;39.18;0.59;-21.53;41.06;0.82;26.47;17.22;0.35;25.53;17.22;0.12;3.82;-4.24;38.47
1787986433727024,152837,0,255,91,-0.16,13.89,2.21,-21.53;39.18;0.59;-21.53;41.06;0.82;26.47;17.22;0.35;25.53;17.22;0.12;3.82;-4.24;38.47
1787986433727470,152839,0,255,91,-0.16,13.89,2.21,-21.53;39.18;0.59;-21.53;41.06;0.82;26.47;17.22;0.35;25.53;17.22;0.12;3.82;-4.24;38.47
1787986433727980,152841,0,255,91,-0.16,13.89,2.21,-21.53;39.18;0.59;-21.53;41.06;0.82;26.47;17.22;0.35;25.53;17.22;0.12;3.82;-4.24;38.47
1787986433728494,152843,0,255,91,-0.16,13.89,2.21,-21.53;39.18;0.59;-21.53;41.06;0.82;26.47;17.22;0.35;25.53;17.22;0.12;3.82;-4.24;38.47
1787986433735107,152880,0,255,91,-0.16,13.89,2.21,-21.53;39.18;0.59;-21.53;41.06;0.82;26.47;17.22;0.35;25.53;17.22;0.12;3.82;-4.24;38.47
1787986433754359,152889,0,255,91,-0.16,13.89,2.21,-21.53;39.18;0.59;-21.53;41.06;0.82;26.47;17.22;0.35;25.53;17.22;0.12;3.82;-4.24;38.47
1787986433776404,152898,0,255,91,-0.16,13.89,2.21,-21.53;39.18;0.59;-21.53;41.06;0.82;26.47;17.22;0.35;25.53;17.22;0.12;3.82;-4.24;38.47
1787986433795708,152907,0,255,91,-0.16,13.89,2.21,-21.53;39.18;0.59;-21.53;41.06;0.82;26.47;17.22;0.35;25.53;17.22;0.12;3.82;-4.24;38.47
1787986433898615,152916,0,255,91,-0.16,13.89,2.21,-21.53;39.18;0.59;-21.53;41.06;0.82;26.47;17.22;0.35;25.53;17.22;0.12;3.82;-4.24;38.47
1787986433902793,152919,0,255,91,-0.16,13.89,2.21,-21.53;39.18;0.59;-21.53;41.06;0.82;26.47;17.22;0.35;25.53;17.22;0.12;3.82;-4.24;38.47
1787986433904423,152921,0,255,91,1.13,14.2,-0.52,-20.59;40.43;3.88;-22.47;38.55;-2.94;26.94;15.96;0.59;25.53;18.47;0.35;3.82;-4.24;38.47
1787986433906248,152923,0,255,91,1.13,14.2,-0.52,-20.59;40.43;3.88;-22.47;38.55;-2.94;26.94;15.96;0.59;25.53;18.47;0.35;3.82;-4.24;38.47
1787986433907771,152925,0,255,91,1.13,14.2,-0.52,-20.59;40.43;3.88;-22.47;38.55;-2.94;26.94;15.96;0.59;25.53;18.47;0.35;3.82;-4.24;38.47
1787986433916991,152962,0,255,91,1.13,14.2,-0.52,-20.59;40.43;3.88;-22.47;38.55;-2.94;26.94;15.96;0.59;25.53;18.47;0.35;3.82;-4.24;38.47
1787986433935339,152971,0,255,91,1.13,14.2,-0.52,-20.59;40.43;3.88;-22.47;38.55;-2.94;26.94;15.96;0.59;25.53;18.47;0.35;3.82;-4.24;38.47
1787986434067462,152980,0,255,91,1.13,14.2,-0.52,-20.59;40.43;3.88;-22.47;38.55;-2.94;26.94;15.96;0.59;25.53;18.47;0.35;3.82;-4.24;38.47
1787986434069504,152982,0,255,91,1.13,14.2,-0.52,-20.59;40.43;3.88;-22.47;38.55;-2.94;26.94;15.96;0.59;25.53;18.47;0.35;3.82;-4.24;38.47
1787986434071143,152984,0,255,91,1.13,14.2,-0.52,-20.59;40.43;3.88;-22.47;38.55;-2.94;26.94;15.96;0.59;25.53;18.47;0.35;3.82;-4.24;38.47
1787986434072371,152986,0,255,91,1.13,14.2,-0.52,-20.59;40.43;3.88;-22.47;38.55;-2.94;26.94;15.96;0.59;25.53;18.47;0.35;3.82;-4.24;38.47
1787986434073673,152988,0,255,91,1.13,14.2,-0.52,-20.59;40.43;3.88;-22.47;38.55;-2.94;26.94;15.96;0.59;25.53;18.47;0.35;3.82;-4.24;38.47
1787986434074897,152990,0,255,91,1.13,14.2,-0.52,-20.59;40.43;3.88;-22.47;38.55;-2.94;26.94;15.96;0.59;25.53;18.47;0.35;3.82;-4.24;38.47
1787986434080742,153034,0,255,91,1.13,14.2,-0.52,-20.59;40.43;3.88;-22.47;38.55;-2.94;26.94;15.96;0.59;25.53;18.47;0.35;3.82;-4.24;38.47
1787986434094075,153043,0,255,91,1.13,14.2,-0.52,-20.59;40.43;3.88;-22.47;38.55;-2.94;26.94;15.96;0.59;25.53;18.47;0.35;3.82;-4.24;38.47
1787986434234240,153052,0,255,91,1.13,14.2,-0.52,-20.59;40.43;3.88;-22.47;38.55;-2.94;26.94;15.96;0.59;25.53;18.47;0.35;3.82;-4.24;38.47
1787986434234798,153054,0,255,91,1.13,14.2,-0.52,-20.59;40.43;3.88;-22.47;38.55;-2.94;26.94;15.96;0.59;25.53;18.47;0.35;3.82;-4.24;38.47
1787986434236887,153056,0,255,91,1.13,14.2,-0.52,-20.59;40.43;3.88;-22.47;38.55;-2.94;26.94;15.96;0.59;25.53;18.47;0.35;3.82;-4.24;38.47
1787986434237335,153058,0,255,91,1.13,14.2,-0.52,-20.59;40.43;3.88;-22.47;38.55;-2.94;26.94;15.96;0.59;25.53;18.47;0.35;3.82;-4.24;38.47
1787986434237764,153060,0,255,91,1.13,14.2,-0.52,-20.59;40.43;3.88;-22.47;38.55;-2.94;26.94;15.96;0.59;25.53;18.47;0.35;3.82;-4.24;38.47
1787986434238185,153062,0,255,91,1.13,14.2,-0.52,-20.59;40.43;3.88;-22.47;38.55;-2.94;26.94;15.96;0.59;25.53;18.47;0.35;3.82;-4.24;38.47
1787986434242747,153064,0,255,91,1.13,14.2,-0.52,-20.59;40.43;3.88;-22.47;38.55;-2.94;26.94;15.96;0.59;25.53;18.47;0.35;3.82;-4.24;38.47
1787986434263761,153115,0,255,91,1.13,14.2,-0.52,-20.59;40.43;3.88;-22.47;38.55;-2.94;26.94;15.96;0.59;25.53;18.47;0.35;3.82;-4.24;38.47
1787986434276554,153124,0,255,91,1.13,14.2,-0.52,-20.59;40.43;3.88;-22.47;38.55;-2.94;26.94;15.96;0.59;25.53;18.47;0.35;3.82;-4.24;38.47
1787986434405985,153126,0,255,91,1.13,14.2,-0.52,-20.59;40.43;3.88;-22.47;38.55;-2.94;26.94;15.96;0.59;25.53;18.47;0.35;3.82;-4.24;38.47
1787986434410769,153128,0,255,91,1.13,14.2,-0.52,-20.59;40.43;3.88;-22.47;38.55;-2.94;26.94;15.96;0.59;25.53;18.47;0.35;3.82;-4.24;38.47
1787986434412161,153130,0,255,91,1.13,14.2,-0.52,-20.59;40.43;3.88;-22.47;38.55;-2.94;26.94;15.96;0.59;25.53;18.47;0.35;3.82;-4.24;38.47
1787986434413907,153132,0,255,91,1.13,14.2,-0.52,-20.59;40.43;3.88;-22.47;38.55;-2.94;26.94;15.96;0.59;25.53;18.47;0.35;3.82;-4.24;38.47
1787986434415238,153134,0,255,91,1.13,14.2,-0.52,-20.59;40.43;3.88;-22.47;38.55;-2.94;26.94;15.96;0.59;25.53;18.47;0.35;3.82;-4.24;38.47
1787986434416208,153136,0,255,91,1.13,14.2,-0.52,-20.59;40.43;3.88;-22.47;38.55;-2.94;26.94;15.96;0.59;25.53;18.47;0.35;3.82;-4.24;38.47
1787986434422983,153180,0,255,91,1.13,14.2,-0.52,-20.59;40.43;3.88;-22.47;38.55;-2.94;26.94;15.96;0.59;25.53;18.47;0.35;3.82;-4.24;38.47
1787986434435072,153196,0,255,91,1.13,14.2,-0.52,-20.59;40.43;3.88;-22.47;38.55;-2.94;26.94;15.96;0.59;25.53;18.47;0.35;3.82;-4.24;38.47
1787986434580921,153205,0,255,91,1.13,14.2,-0.52,-20.59;40.43;3.88;-22.47;38.55;-2.94;26.94;15.96;0.59;25.53;18.47;0.35;3.82;-4.24;38.47
1787986434581830,153207,0,255,91,1.13,14.2,-0.52,-20.59;40.43;3.88;-22.47;38.55;-2.94;26.94;15.96;0.59;25.53;18.47;0.35;3.82;-4.24;38.47
1787986434582715,153209,0,255,91,1.13,14.2,-0.52,-20.59;40.43;3.88;-22.47;38.55;-2.94;26.94;15.96;0.59;25.53;18.47;0.35;3.82;-4.24;38.47
1787986434583518,153211,0,255,91,1.13,14.2,-0.52,-20.59;40.43;3.88;-22.47;38.55;-2.94;26.94;15.96;0.59;25.53;18.47;0.35;3.82;-4.24;38.47
1787986434584464,153213,0,255,91,1.13,14.2,-0.52,-20.59;40.43;3.88;-22.47;38.55;-2.94;26.94;15.96;0.59;25.53;18.47;0.35;3.82;-4.24;38.47
1787986434585414,153215,0,255,91,1.13,14.2,-0.52,-20.59;40.43;3.88;-22.47;38.55;-2.94;26.94;15.96;0.59;25.53;18.47;0.35;3.82;-4.24;38.47
1787986434586195,153217,0,255,91,1.13,14.2,-0.52,-20.59;40.43;3.88;-22.47;38.55;-2.94;26.94;15.96;0.59;25.53;18.47;0.35;3.82;-4.24;38.47
1787986434595033,153261,0,255,91,1.13,14.2,-0.52,-20.59;40.43;3.88;-22.47;38.55;-2.94;26.94;15.96;0.59;25.53;18.47;0.35;3.82;-4.24;38.47
1787986434616810,153270,0,255,91,1.13,14.2,-0.52,-20.59;40.43;3.88;-22.47;38.55;-2.94;26.94;15.96;0.59;25.53;18.47;0.35;3.82;-4.24;38.47
1787986434749484,153279,0,255,91,1.13,14.2,-0.52,-20.59;40.43;3.88;-22.47;38.55;-2.94;26.94;15.96;0.59;25.53;18.47;0.35;3.82;-4.24;38.47
1787986434750026,153281,0,255,91,1.13,14.2,-0.52,-20.59;40.43;3.88;-22.47;38.55;-2.94;26.94;15.96;0.59;25.53;18.47;0.35;3.82;-4.24;38.47
1787986434750453,153283,0,255,91,1.13,14.2,-0.52,-20.59;40.43;3.88;-22.47;38.55;-2.94;26.94;15.96;0.59;25.53;18.47;0.35;3.82;-4.24;38.47
1787986434750920,153285,0,255,91,1.13,14.2,-0.52,-20.59;40.43;3.88;-22.47;38.55;-2.94;26.94;15.96;0.59;25.53;18.47;0.35;3.82;-4.24;38.47
1787986434751412,153287,0,255,91,1.13,14.2,-0.52,-20.59;40.43;3.88;-22.47;38.55;-2.94;26.94;15.96;0.59;25.53;18.47;0.35;3.82;-4.24;38.47
1787986434751952,153289,0,255,91,1.13,14.2,-0.52,-20.59;40.43;3.88;-22.47;38.55;-2.94;26.94;15.96;0.59;25.53;18.47;0.35;3.82;-4.24;38.47
1787986434763247,153333,0,255,91,1.13,14.2,-0.52,-20.59;40.43;3.88;-22.47;38.55;-2.94;26.94;15.96;0.59;25.53;18.47;0.35;3.82;-4.24;38.47
1787986434774308,153342,0,255,91,1.13,14.2,-0.52,-20.59;40.43;3.88;-22.47;38.55;-2.94;26.94;15.96;0.59;25.53;18.47;0.35;3.82;-4.24;38.47
1787986434915896,153351,0,255,91,1.13,14.2,-0.52,-20.59;40.43;3.88;-22.47;38.55;-2.94;26.94;15.96;0.59;25.53;18.47;0.35;3.82;-4.24;38.47
1787986434917493,153353,0,255,91,1.13,14.2,-0.52,-20.59;40.43;3.88;-22.47;38.55;-2.94;26.94;15.96;0.59;25.53;18.47;0.35;3.82;-4.24;38.47
1787986434918739,153356,0,255,91,1.13,14.2,-0.52,-20.59;40.43;3.88;-22.47;38.55;-2.94;26.94;15.96;0.59;25.53;18.47;0.35;3.82;-4.24;38.47
1787986434920188,153358,0,255,91,-0.23,14.39,-4.42,-18.24;42.31;7.65;-24.35;38.55;-7.18;28.35;14.71;0.82;25.53;19.73;-1.06;3.82;-4.24;38.47
1787986434921372,153360,0,255,91,-0.23,14.39,-4.42,-18.24;42.31;7.65;-24.35;38.55;-7.18;28.35;14.71;0.82;25.53;19.73;-1.06;3.82;-4.24;38.47
1787986434921786,153362,0,255,91,-0.23,14.39,-4.42,-18.24;42.31;7.65;-24.35;38.55;-7.18;28.35;14.71;0.82;25.53;19.73;-1.06;3.82;-4.24;38.47
1787986434922315,153364,0,255,91,-0.23,14.39,-4.42,-18.24;42.31;7.65;-24.35;38.55;-7.18;28.35;14.71;0.82;25.53;19.73;-1.06;3.82;-4.24;38.47
1787986434935838,153415,0,255,91,-0.23,14.39,-4.42,-18.24;42.31;7.65;-24.35;38.55;-7.18;28.35;14.71;0.82;25.53;19.73;-1.06;3.82;-4.24;38.47
1787986434956274,153424,0,255,91,-0.23,14.39,-4.42,-18.24;42.31;7.65;-24.35;38.55;-7.18;28.35;14.71;0.82;25.53;19.73;-1.06;3.82;-4.24;38.47
1787986435088255,153433,0,255,91,-0.23,14.39,-4.42,-18.24;42.31;7.65;-24.35;38.55;-7.18;28.35;14.71;0.82;25.53;19.73;-1.06;3.82;-4.24;38.47
1787986435090236,153435,0,255,91,-0.23,14.39,-4.42,-18.24;42.31;7.65;-24.35;38.55;-7.18;28.35;14.71;0.82;25.53;19.73;-1.06;3.82;-4.24;38.47
1787986435091715,153437,0,255,91,-0.23,14.39,-4.42,-18.24;42.31;7.65;-24.35;38.55;-7.18;28.35;14.71;0.82;25.53;19.73;-1.06;3.82;-4.24;38.47
1787986435093157,153439,0,255,91,-0.23,14.39,-4.42,-18.24;42.31;7.65;-24.35;38.55;-7.18;28.35;14.71;0.82;25.53;19.73;-1.06;3.82;-4.24;38.47
1787986435094142,153441,0,255,91,-0.23,14.39,-4.42,-18.24;42.31;7.65;-24.35;38.55;-7.18;28.35;14.71;0.82;25.53;19.73;-1.06;3.82;-4.24;38.47
1787986435095140,153443,0,255,91,-0.23,14.39,-4.42,-18.24;42.31;7.65;-24.35;38.55;-7.18;28.35;14.71;0.82;25.53;19.73;-1.06;3.82;-4.24;38.47
1787986435100823,153487,0,255,91,-0.23,14.39,-4.42,-18.24;42.31;7.65;-24.35;38.55;-7.18;28.35;14.71;0.82;25.53;19.73;-1.06;3.82;-4.24;38.47
1787986435114214,153496,0,255,91,-0.23,14.39,-4.42,-18.24;42.31;7.65;-24.35;38.55;-7.18;28.35;14.71;0.82;25.53;19.73;-1.06;3.82;-4.24;38.47
1787986435256171,153498,0,255,91,-0.23,14.39,-4.42,-18.24;42.31;7.65;-24.35;38.55;-7.18;28.35;14.71;0.82;25.53;19.73;-1.06;3.82;-4.24;38.47
1787986435256716,153500,0,255,91,-0.23,14.39,-4.42,-18.24;42.31;7.65;-24.35;38.55;-7.18;28.35;14.71;0.82;25.53;19.73;-1.06;3.82;-4.24;38.47
1787986435257133,153502,0,255,91,-0.23,14.39,-4.42,-18.24;42.31;7.65;-24.35;38.55;-7.18;28.35;14.71;0.82;25.53;19.73;-1.06;3.82;-4.24;38.47
1787986435257616,153504,0,255,91,-0.23,14.39,-4.42,-18.24;42.31;7.65;-24.35;38.55;-7.18;28.35;14.71;0.82;25.53;19.73;-1.06;3.82;-4.24;38.47
1787986435258033,153506,0,255,91,-0.23,14.39,-4.42,-18.24;42.31;7.65;-24.35;38.55;-7.18;28.35;14.71;0.82;25.53;19.73;-1.06;3.82;-4.24;38.47
1787986435258543,153508,0,255,91,-0.23,14.39,-4.42,-18.24;42.31;7.65;-24.35;38.55;-7.18;28.35;14.71;0.82;25.53;19.73;-1.06;3.82;-4.24;38.47
1787986435259142,153510,0,255,91,-0.23,14.39,-4.42,-18.24;42.31;7.65;-24.35;38.55;-7.18;28.35;14.71;0.82;25.53;19.73;-1.06;3.82;-4.24;38.47
1787986435275732,153568,0,255,91,-0.23,14.39,-4.42,-18.24;42.31;7.65;-24.35;38.55;-7.18;28.35;14.71;0.82;25.53;19.73;-1.06;3.82;-4.24;38.47
1787986435295102,153577,0,255,91,-0.23,14.39,-4.42,-18.24;42.31;7.65;-24.35;38.55;-7.18;28.35;14.71;0.82;25.53;19.73;-1.06;3.82;-4.24;38.47
1787986435424432,153579,0,255,91,-0.23,14.39,-4.42,-18.24;42.31;7.65;-24.35;38.55;-7.18;28.35;14.71;0.82;25.53;19.73;-1.06;3.82;-4.24;38.47
1787986435425683,153581,0,255,91,-0.23,14.39,-4.42,-18.24;42.31;7.65;-24.35;38.55;-7.18;28.35;14.71;0.82;25.53;19.73;-1.06;3.82;-4.24;38.47
1787986435427117,153583,0,255,91,-0.23,14.39,-4.42,-18.24;42.31;7.65;-24.35;38.55;-7.18;28.35;14.71;0.82;25.53;19.73;-1.06;3.82;-4.24;38.47
1787986435428583,153585,0,255,91,-0.23,14.39,-4.42,-18.24;42.31;7.65;-24.35;38.55;-7.18;28.35;14.71;0.82;25.53;19.73;-1.06;3.82;-4.24;38.47
1787986435429699,153587,0,255,91,-0.23,14.39,-4.42,-18.24;42.31;7.65;-24.35;38.55;-7.18;28.35;14.71;0.82;25.53;19.73;-1.06;3.82;-4.24;38.47
1787986435430809,153589,0,255,91,-0.23,14.39,-4.42,-18.24;42.31;7.65;-24.35;38.55;-7.18;28.35;14.71;0.82;25.53;19.73;-1.06;3.82;-4.24;38.47
1787986435438141,153640,0,255,91,-0.23,14.39,-4.42,-18.24;42.31;7.65;-24.35;38.55;-7.18;28.35;14.71;0.82;25.53;19.73;-1.06;3.82;-4.24;38.47
1787986435455514,153649,0,255,91,-0.23,14.39,-4.42,-18.24;42.31;7.65;-24.35;38.55;-7.18;28.35;14.71;0.82;25.53;19.73;-1.06;3.82;-4.24;38.47
1787986435593907,153651,0,255,91,-0.23,14.39,-4.42,-18.24;42.31;7.65;-24.35;38.55;-7.18;28.35;14.71;0.82;25.53;19.73;-1.06;3.82;-4.24;38.47
1787986435595536,153653,0,255,91,-0.23,14.39,-4.42,-18.24;42.31;7.65;-24.35;38.55;-7.18;28.35;14.71;0.82;25.53;19.73;-1.06;3.82;-4.24;38.47
1787986435597176,153655,0,255,91,-0.23,14.39,-4.42,-18.24;42.31;7.65;-24.35;38.55;-7.18;28.35;14.71;0.82;25.53;19.73;-1.06;3.82;-4.24;38.47
1787986435598599,153657,0,255,91,-0.23,14.39,-4.42,-18.24;42.31;7.65;-24.35;38.55;-7.18;28.35;14.71;0.82;25.53;19.73;-1.06;3.82;-4.24;38.47
1787986435599794,153659,0,255,91,-0.23,14.39,-4.42,-18.24;42.31;7.65;-24.35;38.55;-7.18;28.35;14.71;0.82;25.53;19.73;-1.06;3.82;-4.24;38.47
1787986435601007,153661,0,255,91,-0.23,14.39,-4.42,-18.24;42.31;7.65;-24.35;38.55;-7.18;28.35;14.71;0.82;25.53;19.73;-1.06;3.82;-4.24;38.47
1787986435607478,153712,0,255,91,-0.23,14.39,-4.42,-18.24;42.31;7.65;-24.35;38.55;-7.18;28.35;14.71;0.82;25.53;19.73;-1.06;3.82;-4.24;38.47
1787986435720421,153714,0,255,91,-0.23,14.39,-4.42,-18.24;42.31;7.65;-24.35;38.55;-7.18;28.35;14.71;0.82;25.53;19.73;-1.06;3.82;-4.24;38.47
1787986435721542,153716,0,255,91,-0.23,14.39,-4.42,-18.24;42.31;7.65;-24.35;38.55;-7.18;28.35;14.71;0.82;25.53;19.73;-1.06;3.82;-4.24;38.47
1787986435841196,153718,0,255,91,-0.23,14.39,-4.42,-18.24;42.31;7.65;-24.35;38.55;-7.18;28.35;14.71;0.82;25.53;19.73;-1.06;3.82;-4.24;38.47
1787986435842614,153720,0,255,91,-0.23,14.39,-4.42,-18.24;42.31;7.65;-24.35;38.55;-7.18;28.35;14.71;0.82;25.53;19.73;-1.06;3.82;-4.24;38.47
1787986435843862,153722,0,255,91,-0.23,14.39,-4.42,-18.24;42.31;7.65;-24.35;38.55;-7.18;28.35;14.71;0.82;25.53;19.73;-1.06;3.82;-4.24;38.47
1787986435844721,153724,0,255,91,-0.23,14.39,-4.42,-18.24;42.31;7.65;-24.35;38.55;-7.18;28.35;14.71;0.82;25.53;19.73;-1.06;3.82;-4.24;38.47
1787986435845601,153726,0,255,91,-0.23,14.39,-4.42,-18.24;42.31;7.65;-24.35;38.55;-7.18;28.35;14.71;0.82;25.53;19.73;-1.06;3.82;-4.24;38.47
1787986435846336,153728,0,255,91,-0.23,14.39,-4.42,-18.24;42.31;7.65;-24.35;38.55;-7.18;28.35;14.71;0.82;25.53;19.73;-1.06;3.82;-4.24;38.47
1787986435852891,153779,0,255,91,-0.23,14.39,-4.42,-18.24;42.31;7.65;-24.35;38.55;-7.18;28.35;14.71;0.82;25.53;19.73;-1.06;3.82;-4.24;38.47
1787986435853492,153781,0,255,91,-0.23,14.39,-4.42,-18.24;42.31;7.65;-24.35;38.55;-7.18;28.35;14.71;0.82;25.53;19.73;-1.06;3.82;-4.24;38.47
1787986435939970,153783,0,255,91,-0.23,14.39,-4.42,-18.24;42.31;7.65;-24.35;38.55;-7.18;28.35;14.71;0.82;25.53;19.73;-1.06;3.82;-4.24;38.47
1787986435941357,153786,0,255,91,-0.23,14.39,-4.42,-18.24;42.31;7.65;-24.35;38.55;-7.18;28.35;14.71;0.82;25.53;19.73;-1.06;3.82;-4.24;38.47
1787986435943202,153788,0,255,92,0.23,13.47,4.69,-21.53;38.55;-1.29;-20.59;41.06;3.65;26;18.47;-0.35;27.41;15.96;0.59;3.82;-4.75;38.47
1787986435944719,153790,0,255,92,0.23,13.47,4.69,-21.53;38.55;-1.29;-20.59;41.06;3.65;26;18.47;-0.35;27.41;15.96;0.59;3.82;-4.75;38.47
1787986435945814,153792,0,255,92,0.23,13.47,4.69,-21.53;38.55;-1.29;-20.59;41.06;3.65;26;18.47;-0.35;27.41;15.96;0.59;3.82;-4.75;38.47
1787986435946875,153794,0,255,92,0.23,13.47,4.69,-21.53;38.55;-1.29;-20.59;41.06;3.65;26;18.47;-0.35;27.41;15.96;0.59;3.82;-4.75;38.47
1787986435952044,153831,0,255,92,0.23,13.47,4.69,-21.53;38.55;-1.29;-20.59;41.06;3.65;26;18.47;-0.35;27.41;15.96;0.59;3.82;-4.75;38.47
1787986435956926,153868,0,255,92,0.23,13.47,4.69,-21.53;38.55;-1.29;-20.59;41.06;3.65;26;18.47;-0.35;27.41;15.96;0.59;3.82;-4.75;38.47
1787986435981642,153870,0,255,92,0.23,13.47,4.69,-21.53;38.55;-1.29;-20.59;41.06;3.65;26;18.47;-0.35;27.41;15.96;0.59;3.82;-4.75;38.47
1787986436103195,153872,0,255,92,0.23,13.47,4.69,-21.53;38.55;-1.29;-20.59;41.06;3.65;26;18.47;-0.35;27.41;15.96;0.59;3.82;-4.75;38.47
1787986436105276,153874,0,255,92,0.23,13.47,4.69,-21.53;38.55;-1.29;-20.59;41.06;3.65;26;18.47;-0.35;27.41;15.96;0.59;3.82;-4.75;38.47
1787986436107093,153876,0,255,92,0.23,13.47,4.69,-21.53;38.55;-1.29;-20.59;41.06;3.65;26;18.47;-0.35;27.41;15.96;0.59;3.82;-4.75;38.47
1787986436107961,153878,0,255,92,0.23,13.47,4.69,-21.53;38.55;-1.29;-20.59;41.06;3.65;26;18.47;-0.35;27.41;15.96;0.59;3.82;-4.75;38.47
1787986436109080,153880,0,255,92,0.23,13.47,4.69,-21.53;38.55;-1.29;-20.59;41.06;3.65;26;18.47;-0.35;27.41;15.96;0.59;3.82;-4.75;38.47
1787986436110031,153882,0,255,92,0.23,13.47,4.69,-21.53;38.55;-1.29;-20.59;41.06;3.65;26;18.47;-0.35;27.41;15.96;0.59;3.82;-4.75;38.47
1787986436117805,153940,0,255,92,0.23,13.47,4.69,-21.53;38.55;-1.29;-20.59;41.06;3.65;26;18.47;-0.35;27.41;15.96;0.59;3.82;-4.75;38.47
1787986436134437,153949,0,255,92,0.23,13.47,4.69,-21.53;38.55;-1.29;-20.59;41.06;3.65;26;18.47;-0.35;27.41;15.96;0.59;3.82;-4.75;38.47
1787986436279521,153958,0,255,92,0.23,13.47,4.69,-21.53;38.55;-1.29;-20.59;41.06;3.65;26;18.47;-0.35;27.41;15.96;0.59;3.82;-4.75;38.47
1787986436280233,153960,0,255,92,0.23,13.47,4.69,-21.53;38.55;-1.29;-20.59;41.06;3.65;26;18.47;-0.35;27.41;15.96;0.59;3.82;-4.75;38.47
1787986436281019,153962,0,255,92,0.23,13.47,4.69,-21.53;38.55;-1.29;-20.59;41.06;3.65;26;18.47;-0.35;27.41;15.96;0.59;3.82;-4.75;38.47
1787986436281567,153964,0,255,92,0.23,13.47,4.69,-21.53;38.55;-1.29;-20.59;41.06;3.65;26;18.47;-0.35;27.41;15.96;0.59;3.82;-4.75;38.47
1787986436282135,153966,0,255,92,0.23,13.47,4.69,-21.53;38.55;-1.29;-20.59;41.06;3.65;26;18.47;-0.35;27.41;15.96;0.59;3.82;-4.75;38.47
1787986436282661,153968,0,255,92,0.23,13.47,4.69,-21.53;38.55;-1.29;-20.59;41.06;3.65;26;18.47;-0.35;27.41;15.96;0.59;3.82;-4.75;38.47
1787986436284030,153977,0,255,92,0.23,13.47,4.69,-21.53;38.55;-1.29;-20.59;41.06;3.65;26;18.47;-0.35;27.41;15.96;0.59;3.82;-4.75;38.47
1787986436295432,154021,0,255,92,0.23,13.47,4.69,-21.53;38.55;-1.29;-20.59;41.06;3.65;26;18.47;-0.35;27.41;15.96;0.59;3.82;-4.75;38.47
1787986436484829,154030,0,255,92,0.23,13.47,4.69,-21.53;38.55;-1.29;-20.59;41.06;3.65;26;18.47;-0.35;27.41;15.96;0.59;3.82;-4.75;38.47
1787986436486613,154032,0,255,92,0.23,13.47,4.69,-21.53;38.55;-1.29;-20.59;41.06;3.65;26;18.47;-0.35;27.41;15.96;0.59;3.82;-4.75;38.47
1787986436487963,154034,0,255,92,0.23,13.47,4.69,-21.53;38.55;-1.29;-20.59;41.06;3.65;26;18.47;-0.35;27.41;15.96;0.59;3.82;-4.75;38.47
1787986436489273,154036,0,255,92,0.23,13.47,4.69,-21.53;38.55;-1.29;-20.59;41.06;3.65;26;18.47;-0.35;27.41;15.96;0.59;3.82;-4.75;38.47
1787986436490852,154038,0,255,92,0.23,13.47,4.69,-21.53;38.55;-1.29;-20.59;41.06;3.65;26;18.47;-0.35;27.41;15.96;0.59;3.82;-4.75;38.47
1787986436492091,154040,0,255,92,0.23,13.47,4.69,-21.53;38.55;-1.29;-20.59;41.06;3.65;26;18.47;-0.35;27.41;15.96;0.59;3.82;-4.75;38.47
1787986436492994,154042,0,255,92,0.23,13.47,4.69,-21.53;38.55;-1.29;-20.59;41.06;3.65;26;18.47;-0.35;27.41;15.96;0.59;3.82;-4.75;38.47
1787986436496356,154065,0,255,92,0.23,13.47,4.69,-21.53;38.55;-1.29;-20.59;41.06;3.65;26;18.47;-0.35;27.41;15.96;0.59;3.82;-4.75;38.47
1787986436496895,154067,0,255,92,0.23,13.47,4.69,-21.53;38.55;-1.29;-20.59;41.06;3.65;26;18.47;-0.35;27.41;15.96;0.59;3.82;-4.75;38.47
1787986436501449,154111,0,255,92,0.23,13.47,4.69,-21.53;38.55;-1.29;-20.59;41.06;3.65;26;18.47;-0.35;27.41;15.96;0.59;3.82;-4.75;38.47
1787986436515402,154120,0,255,92,0.23,13.47,4.69,-21.53;38.55;-1.29;-20.59;41.06;3.65;26;18.47;-0.35;27.41;15.96;0.59;3.82;-4.75;38.47
1787986436535493,154129,0,255,92,0.23,13.47,4.69,-21.53;38.55;-1.29;-20.59;41.06;3.65;26;18.47;-0.35;27.41;15.96;0.59;3.82;-4.75;38.47
1787986436555152,154138,0,255,92,0.23,13.47,4.69,-21.53;38.55;-1.29;-20.59;41.06;3.65;26;18.47;-0.35;27.41;15.96;0.59;3.82;-4.75;38.47
1787986436688687,154147,0,255,92,0.23,13.47,4.69,-21.53;38.55;-1.29;-20.59;41.06;3.65;26;18.47;-0.35;27.41;15.96;0.59;3.82;-4.75;38.47
1787986436689221,154149,0,255,92,0.23,13.47,4.69,-21.53;38.55;-1.29;-20.59;41.06;3.65;26;18.47;-0.35;27.41;15.96;0.59;3.82;-4.75;38.47
1787986436689739,154151,0,255,92,0.23,13.47,4.69,-21.53;38.55;-1.29;-20.59;41.06;3.65;26;18.47;-0.35;27.41;15.96;0.59;3.82;-4.75;38.47
1787986436690270,154153,0,255,92,0.23,13.47,4.69,-21.53;38.55;-1.29;-20.59;41.06;3.65;26;18.47;-0.35;27.41;15.96;0.59;3.82;-4.75;38.47
1787986436690699,154155,0,255,92,0.23,13.47,4.69,-21.53;38.55;-1.29;-20.59;41.06;3.65;26;18.47;-0.35;27.41;15.96;0.59;3.82;-4.75;38.47
1787986436691207,154157,0,255,92,0.23,13.47,4.69,-21.53;38.55;-1.29;-20.59;41.06;3.65;26;18.47;-0.35;27.41;15.96;0.59;3.82;-4.75;38.47
1787986436697939,154166,0,255,92,0.23,13.47,4.69,-21.53;38.55;-1.29;-20.59;41.06;3.65;26;18.47;-0.35;27.41;15.96;0.59;3.82;-4.75;38.47
1787986436714129,154210,0,255,92,0.23,13.47,4.69,-21.53;38.55;-1.29;-20.59;41.06;3.65;26;18.47;-0.35;27.41;15.96;0.59;3.82;-4.75;38.47
1787986436734402,154219,0,255,92,0.23,13.47,4.69,-21.53;38.55;-1.29;-20.59;41.06;3.65;26;18.47;-0.35;27.41;15.96;0.59;3.82;-4.75;38.47
1787986436755946,154228,0,255,92,0.23,13.47,4.69,-21.53;38.55;-1.29;-20.59;41.06;3.65;26;18.47;-0.35;27.41;15.96;0.59;3.82;-4.75;38.47
1787986436774383,154237,0,255,92,0.23,13.47,4.69,-21.53;38.55;-1.29;-20.59;41.06;3.65;26;18.47;-0.35;27.41;15.96;0.59;3.82;-4.75;38.47
1787986436895065,154239,0,255,92,0.23,13.47,4.69,-21.53;38.55;-1.29;-20.59;41.06;3.65;26;18.47;-0.35;27.41;15.96;0.59;3.82;-4.75;38.47
1787986436895906,154241,0,255,92,0.23,13.47,4.69,-21.53;38.55;-1.29;-20.59;41.06;3.65;26;18.47;-0.35;27.41;15.96;0.59;3.82;-4.75;38.47
1787986436896860,154244,0,255,92,0.23,13.47,4.69,-21.53;38.55;-1.29;-20.59;41.06;3.65;26;18.47;-0.35;27.41;15.96;0.59;3.82;-4.75;38.47
1787986436897808,154246,0,255,92,0.05,14.04,12.85,-25.29;37.29;-11.18;-16.82;44.2;9.29;26.47;20.98;-2.47;28.82;13.45;1.29;3.82;-4.24;38.47
1787986436898708,154248,0,255,92,0.05,14.04,12.85,-25.29;37.29;-11.18;-16.82;44.2;9.29;26.47;20.98;-2.47;28.82;13.45;1.29;3.82;-4.24;38.47
1787986436902534,154250,0,255,92,0.05,14.04,12.85,-25.29;37.29;-11.18;-16.82;44.2;9.29;26.47;20.98;-2.47;28.82;13.45;1.29;3.82;-4.24;38.47
1787986436917962,154301,0,255,92,0.05,14.04,12.85,-25.29;37.29;-11.18;-16.82;44.2;9.29;26.47;20.98;-2.47;28.82;13.45;1.29;3.82;-4.24;38.47
1787986436934625,154310,0,255,92,0.05,14.04,12.85,-25.29;37.29;-11.18;-16.82;44.2;9.29;26.47;20.98;-2.47;28.82;13.45;1.29;3.82;-4.24;38.47
1787986436955166,154319,0,255,92,0.05,14.04,12.85,-25.29;37.29;-11.18;-16.82;44.2;9.29;26.47;20.98;-2.47;28.82;13.45;1.29;3.82;-4.24;38.47
1787986436975643,154328,0,255,92,0.05,14.04,12.85,-25.29;37.29;-11.18;-16.82;44.2;9.29;26.47;20.98;-2.47;28.82;13.45;1.29;3.82;-4.24;38.47
1787986437099516,154330,0,255,92,0.05,14.04,12.85,-25.29;37.29;-11.18;-16.82;44.2;9.29;26.47;20.98;-2.47;28.82;13.45;1.29;3.82;-4.24;38.47
1787986437102038,154332,0,255,92,0.05,14.04,12.85,-25.29;37.29;-11.18;-16.82;44.2;9.29;26.47;20.98;-2.47;28.82;13.45;1.29;3.82;-4.24;38.47
1787986437104162,154334,0,255,92,0.05,14.04,12.85,-25.29;37.29;-11.18;-16.82;44.2;9.29;26.47;20.98;-2.47;28.82;13.45;1.29;3.82;-4.24;38.47
1787986437106345,154336,0,255,92,0.05,14.04,12.85,-25.29;37.29;-11.18;-16.82;44.2;9.29;26.47;20.98;-2.47;28.82;13.45;1.29;3.82;-4.24;38.47
1787986437108078,154338,0,255,92,0.05,14.04,12.85,-25.29;37.29;-11.18;-16.82;44.2;9.29;26.47;20.98;-2.47;28.82;13.45;1.29;3.82;-4.24;38.47
1787986437109364,154340,0,255,92,0.05,14.04,12.85,-25.29;37.29;-11.18;-16.82;44.2;9.29;26.47;20.98;-2.47;28.82;13.45;1.29;3.82;-4.24;38.47
1787986437117062,154384,0,255,92,0.05,14.04,12.85,-25.29;37.29;-11.18;-16.82;44.2;9.29;26.47;20.98;-2.47;28.82;13.45;1.29;3.82;-4.24;38.47
1787986437140657,154393,0,255,92,0.05,14.04,12.85,-25.29;37.29;-11.18;-16.82;44.2;9.29;26.47;20.98;-2.47;28.82;13.45;1.29;3.82;-4.24;38.47
1787986437154971,154402,0,255,92,0.05,14.04,12.85,-25.29;37.29;-11.18;-16.82;44.2;9.29;26.47;20.98;-2.47;28.82;13.45;1.29;3.82;-4.24;38.47
1787986437175674,154411,0,255,92,0.05,14.04,12.85,-25.29;37.29;-11.18;-16.82;44.2;9.29;26.47;20.98;-2.47;28.82;13.45;1.29;3.82;-4.24;38.47
1787986437304515,154420,0,255,92,0.05,14.04,12.85,-25.29;37.29;-11.18;-16.82;44.2;9.29;26.47;20.98;-2.47;28.82;13.45;1.29;3.82;-4.24;38.47
1787986437306110,154422,0,255,92,0.05,14.04,12.85,-25.29;37.29;-11.18;-16.82;44.2;9.29;26.47;20.98;-2.47;28.82;13.45;1.29;3.82;-4.24;38.47
1787986437307508,154424,0,255,92,0.05,14.04,12.85,-25.29;37.29;-11.18;-16.82;44.2;9.29;26.47;20.98;-2.47;28.82;13.45;1.29;3.82;-4.24;38.47
1787986437308574,154426,0,255,92,0.05,14.04,12.85,-25.29;37.29;-11.18;-16.82;44.2;9.29;26.47;20.98;-2.47;28.82;13.45;1.29;3.82;-4.24;38.47
1787986437309383,154428,0,255,92,0.05,14.04,12.85,-25.29;37.29;-11.18;-16.82;44.2;9.29;26.47;20.98;-2.47;28.82;13.45;1.29;3.82;-4.24;38.47
1787986437310181,154430,0,255,92,0.05,14.04,12.85,-25.29;37.29;-11.18;-16.82;44.2;9.29;26.47;20.98;-2.47;28.82;13.45;1.29;3.82;-4.24;38.47
1787986437318116,154474,0,255,92,0.05,14.04,12.85,-25.29;37.29;-11.18;-16.82;44.2;9.29;26.47;20.98;-2.47;28.82;13.45;1.29;3.82;-4.24;38.47
1787986437334443,154483,0,255,92,0.05,14.04,12.85,-25.29;37.29;-11.18;-16.82;44.2;9.29;26.47;20.98;-2.47;28.82;13.45;1.29;3.82;-4.24;38.47
1787986437354900,154492,0,255,92,0.05,14.04,12.85,-25.29;37.29;-11.18;-16.82;44.2;9.29;26.47;20.98;-2.47;28.82;13.45;1.29;3.82;-4.24;38.47
1787986437374866,154501,0,255,92,0.05,14.04,12.85,-25.29;37.29;-11.18;-16.82;44.2;9.29;26.47;20.98;-2.47;28.82;13.45;1.29;3.82;-4.24;38.47
1787986437508502,154510,0,255,92,0.05,14.04,12.85,-25.29;37.29;-11.18;-16.82;44.2;9.29;26.47;20.98;-2.47;28.82;13.45;1.29;3.82;-4.24;38.47
1787986437509569,154512,0,255,92,0.05,14.04,12.85,-25.29;37.29;-11.18;-16.82;44.2;9.29;26.47;20.98;-2.47;28.82;13.45;1.29;3.82;-4.24;38.47
1787986437510418,154514,0,255,92,0.05,14.04,12.85,-25.29;37.29;-11.18;-16.82;44.2;9.29;26.47;20.98;-2.47;28.82;13.45;1.29;3.82;-4.24;38.47
1787986437511272,154516,0,255,92,0.05,14.04,12.85,-25.29;37.29;-11.18;-16.82;44.2;9.29;26.47;20.98;-2.47;28.82;13.45;1.29;3.82;-4.24;38.47
1787986437512066,154518,0,255,92,0.05,14.04,12.85,-25.29;37.29;-11.18;-16.82;44.2;9.29;26.47;20.98;-2.47;28.82;13.45;1.29;3.82;-4.24;38.47
1787986437512640,154520,0,255,92,0.05,14.04,12.85,-25.29;37.29;-11.18;-16.82;44.2;9.29;26.47;20.98;-2.47;28.82;13.45;1.29;3.82;-4.24;38.47
1787986437521946,154557,0,255,92,0.05,14.04,12.85,-25.29;37.29;-11.18;-16.82;44.2;9.29;26.47;20.98;-2.47;28.82;13.45;1.29;3.82;-4.24;38.47
1787986437535406,154573,0,255,92,0.05,14.04,12.85,-25.29;37.29;-11.18;-16.82;44.2;9.29;26.47;20.98;-2.47;28.82;13.45;1.29;3.82;-4.24;38.47
1787986437554806,154582,0,255,92,0.05,14.04,12.85,-25.29;37.29;-11.18;-16.82;44.2;9.29;26.47;20.98;-2.47;28.82;13.45;1.29;3.82;-4.24;38.47
1787986437575715,154591,0,255,92,0.05,14.04,12.85,-25.29;37.29;-11.18;-16.82;44.2;9.29;26.47;20.98;-2.47;28.82;13.45;1.29;3.82;-4.24;38.47
1787986437712377,154600,0,255,92,0.05,14.04,12.85,-25.29;37.29;-11.18;-16.82;44.2;9.29;26.47;20.98;-2.47;28.82;13.45;1.29;3.82;-4.24;38.47
1787986437713857,154602,0,255,92,0.05,14.04,12.85,-25.29;37.29;-11.18;-16.82;44.2;9.29;26.47;20.98;-2.47;28.82;13.45;1.29;3.82;-4.24;38.47
1787986437715306,154604,0,255,92,0.05,14.04,12.85,-25.29;37.29;-11.18;-16.82;44.2;9.29;26.47;20.98;-2.47;28.82;13.45;1.29;3.82;-4.24;38.47
1787986437716459,154606,0,255,92,0.05,14.04,12.85,-25.29;37.29;-11.18;-16.82;44.2;9.29;26.47;20.98;-2.47;28.82;13.45;1.29;3.82;-4.24;38.47
1787986437717579,154608,0,255,92,0.05,14.04,12.85,-25.29;37.29;-11.18;-16.82;44.2;9.29;26.47;20.98;-2.47;28.82;13.45;1.29;3.82;-4.24;38.47
1787986437718433,154610,0,255,92,0.05,14.04,12.85,-25.29;37.29;-11.18;-16.82;44.2;9.29;26.47;20.98;-2.47;28.82;13.45;1.29;3.82;-4.24;38.47
1787986437719398,154612,0,255,92,0.05,14.04,12.85,-25.29;37.29;-11.18;-16.82;44.2;9.29;26.47;20.98;-2.47;28.82;13.45;1.29;3.82;-4.24;38.47
1787986437735720,154663,0,255,92,0.05,14.04,12.85,-25.29;37.29;-11.18;-16.82;44.2;9.29;26.47;20.98;-2.47;28.82;13.45;1.29;3.82;-4.24;38.47
1787986437754392,154672,0,255,92,0.05,14.04,12.85,-25.29;37.29;-11.18;-16.82;44.2;9.29;26.47;20.98;-2.47;28.82;13.45;1.29;3.82;-4.24;38.47
1787986437774714,154681,0,255,92,0.05,14.04,12.85,-25.29;37.29;-11.18;-16.82;44.2;9.29;26.47;20.98;-2.47;28.82;13.45;1.29;3.82;-4.24;38.47
1787986437796390,154690,0,255,92,0.05,14.04,12.85,-25.29;37.29;-11.18;-16.82;44.2;9.29;26.47;20.98;-2.47;28.82;13.45;1.29;3.82;-4.24;38.47
1787986437918399,154692,0,255,92,0.05,14.04,12.85,-25.29;37.29;-11.18;-16.82;44.2;9.29;26.47;20.98;-2.47;28.82;13.45;1.29;3.82;-4.24;38.47
1787986437920601,154695,0,255,92,0.05,14.04,12.85,-25.29;37.29;-11.18;-16.82;44.2;9.29;26.47;20.98;-2.47;28.82;13.45;1.29;3.82;-4.24;38.47
1787986437922830,154697,0,255,92,0.08,14.06,12.45,-25.29;37.29;-10.94;-16.82;43.57;9.29;26.47;20.98;-2.47;28.82;13.45;1.29;3.82;-4.75;38.47
1787986437924515,154699,0,255,92,0.08,14.06,12.45,-25.29;37.29;-10.94;-16.82;43.57;9.29;26.47;20.98;-2.47;28.82;13.45;1.29;3.82;-4.75;38.47
1787986437926178,154701,0,255,92,0.08,14.06,12.45,-25.29;37.29;-10.94;-16.82;43.57;9.29;26.47;20.98;-2.47;28.82;13.45;1.29;3.82;-4.75;38.47
1787986437927472,154703,0,255,92,0.08,14.06,12.45,-25.29;37.29;-10.94;-16.82;43.57;9.29;26.47;20.98;-2.47;28.82;13.45;1.29;3.82;-4.75;38.47
1787986437934213,154747,0,255,92,0.08,14.06,12.45,-25.29;37.29;-10.94;-16.82;43.57;9.29;26.47;20.98;-2.47;28.82;13.45;1.29;3.82;-4.75;38.47
1787986437955530,154756,0,255,92,0.08,14.06,12.45,-25.29;37.29;-10.94;-16.82;43.57;9.29;26.47;20.98;-2.47;28.82;13.45;1.29;3.82;-4.75;38.47
1787986437975035,154765,0,255,92,0.08,14.06,12.45,-25.29;37.29;-10.94;-16.82;43.57;9.29;26.47;20.98;-2.47;28.82;13.45;1.29;3.82;-4.75;38.47
1787986437995395,154774,0,255,92,0.08,14.06,12.45,-25.29;37.29;-10.94;-16.82;43.57;9.29;26.47;20.98;-2.47;28.82;13.45;1.29;3.82;-4.75;38.47
1787986438123563,154783,0,255,92,0.08,14.06,12.45,-25.29;37.29;-10.94;-16.82;43.57;9.29;26.47;20.98;-2.47;28.82;13.45;1.29;3.82;-4.75;38.47
1787986438125224,154785,0,255,92,0.08,14.06,12.45,-25.29;37.29;-10.94;-16.82;43.57;9.29;26.47;20.98;-2.47;28.82;13.45;1.29;3.82;-4.75;38.47
1787986438126979,154787,0,255,92,0.08,14.06,12.45,-25.29;37.29;-10.94;-16.82;43.57;9.29;26.47;20.98;-2.47;28.82;13.45;1.29;3.82;-4.75;38.47
1787986438128833,154789,0,255,92,0.08,14.06,12.45,-25.29;37.29;-10.94;-16.82;43.57;9.29;26.47;20.98;-2.47;28.82;13.45;1.29;3.82;-4.75;38.47
1787986438129880,154791,0,255,92,0.08,14.06,12.45,-25.29;37.29;-10.94;-16.82;43.57;9.29;26.47;20.98;-2.47;28.82;13.45;1.29;3.82;-4.75;38.47
1787986438130898,154793,0,255,92,0.08,14.06,12.45,-25.29;37.29;-10.94;-16.82;43.57;9.29;26.47;20.98;-2.47;28.82;13.45;1.29;3.82;-4.75;38.47
1787986438143135,154837,0,255,92,0.08,14.06,12.45,-25.29;37.29;-10.94;-16.82;43.57;9.29;26.47;20.98;-2.47;28.82;13.45;1.29;3.82;-4.75;38.47
1787986438155103,154846,0,255,92,0.08,14.06,12.45,-25.29;37.29;-10.94;-16.82;43.57;9.29;26.47;20.98;-2.47;28.82;13.45;1.29;3.82;-4.75;38.47
1787986438176113,154855,0,255,92,0.08,14.06,12.45,-25.29;37.29;-10.94;-16.82;43.57;9.29;26.47;20.98;-2.47;28.82;13.45;1.29;3.82;-4.75;38.47
1787986438195463,154864,0,255,92,0.08,14.06,12.45,-25.29;37.29;-10.94;-16.82;43.57;9.29;26.47;20.98;-2.47;28.82;13.45;1.29;3.82;-4.75;38.47
1787986438327719,154873,0,255,92,0.08,14.06,12.45,-25.29;37.29;-10.94;-16.82;43.57;9.29;26.47;20.98;-2.47;28.82;13.45;1.29;3.82;-4.75;38.47
1787986438328983,154875,0,255,92,0.08,14.06,12.45,-25.29;37.29;-10.94;-16.82;43.57;9.29;26.47;20.98;-2.47;28.82;13.45;1.29;3.82;-4.75;38.47
1787986438330239,154877,0,255,92,0.08,14.06,12.45,-25.29;37.29;-10.94;-16.82;43.57;9.29;26.47;20.98;-2.47;28.82;13.45;1.29;3.82;-4.75;38.47
1787986438331406,154879,0,255,92,0.08,14.06,12.45,-25.29;37.29;-10.94;-16.82;43.57;9.29;26.47;20.98;-2.47;28.82;13.45;1.29;3.82;-4.75;38.47
1787986438332416,154881,0,255,92,0.08,14.06,12.45,-25.29;37.29;-10.94;-16.82;43.57;9.29;26.47;20.98;-2.47;28.82;13.45;1.29;3.82;-4.75;38.47
1787986438333183,154883,0,255,92,0.08,14.06,12.45,-25.29;37.29;-10.94;-16.82;43.57;9.29;26.47;20.98;-2.47;28.82;13.45;1.29;3.82;-4.75;38.47
1787986438340982,154927,0,255,92,0.08,14.06,12.45,-25.29;37.29;-10.94;-16.82;43.57;9.29;26.47;20.98;-2.47;28.82;13.45;1.29;3.82;-4.75;38.47
1787986438355659,154936,0,255,92,0.08,14.06,12.45,-25.29;37.29;-10.94;-16.82;43.57;9.29;26.47;20.98;-2.47;28.82;13.45;1.29;3.82;-4.75;38.47
1787986438374683,154945,0,255,92,0.08,14.06,12.45,-25.29;37.29;-10.94;-16.82;43.57;9.29;26.47;20.98;-2.47;28.82;13.45;1.29;3.82;-4.75;38.47
1787986438395040,154954,0,255,92,0.08,14.06,12.45,-25.29;37.29;-10.94;-16.82;43.57;9.29;26.47;20.98;-2.47;28.82;13.45;1.29;3.82;-4.75;38.47
1787986438532753,154963,0,255,92,0.08,14.06,12.45,-25.29;37.29;-10.94;-16.82;43.57;9.29;26.47;20.98;-2.47;28.82;13.45;1.29;3.82;-4.75;38.47
1787986438535808,154965,0,255,92,0.08,14.06,12.45,-25.29;37.29;-10.94;-16.82;43.57;9.29;26.47;20.98;-2.47;28.82;13.45;1.29;3.82;-4.75;38.47
1787986438538039,154967,0,255,92,0.08,14.06,12.45,-25.29;37.29;-10.94;-16.82;43.57;9.29;26.47;20.98;-2.47;28.82;13.45;1.29;3.82;-4.75;38.47
1787986438539461,154969,0,255,92,0.08,14.06,12.45,-25.29;37.29;-10.94;-16.82;43.57;9.29;26.47;20.98;-2.47;28.82;13.45;1.29;3.82;-4.75;38.47
1787986438540767,154971,0,255,92,0.08,14.06,12.45,-25.29;37.29;-10.94;-16.82;43.57;9.29;26.47;20.98;-2.47;28.82;13.45;1.29;3.82;-4.75;38.47
1787986438542020,154973,0,255,92,0.08,14.06,12.45,-25.29;37.29;-10.94;-16.82;43.57;9.29;26.47;20.98;-2.47;28.82;13.45;1.29;3.82;-4.75;38.47
1787986438543091,154975,0,255,92,0.08,14.06,12.45,-25.29;37.29;-10.94;-16.82;43.57;9.29;26.47;20.98;-2.47;28.82;13.45;1.29;3.82;-4.75;38.47
1787986438556345,155019,0,255,92,0.08,14.06,12.45,-25.29;37.29;-10.94;-16.82;43.57;9.29;26.47;20.98;-2.47;28.82;13.45;1.29;3.82;-4.75;38.47
1787986438578057,155035,0,255,92,0.08,14.06,12.45,-25.29;37.29;-10.94;-16.82;43.57;9.29;26.47;20.98;-2.47;28.82;13.45;1.29;3.82;-4.75;38.47
1787986438594899,155037,0,255,92,0.08,14.06,12.45,-25.29;37.29;-10.94;-16.82;43.57;9.29;26.47;20.98;-2.47;28.82;13.45;1.29;3.82;-4.75;38.47
1787986438614935,155046,0,255,92,0.08,14.06,12.45,-25.29;37.29;-10.94;-16.82;43.57;9.29;26.47;20.98;-2.47;28.82;13.45;1.29;3.82;-4.75;38.47
1787986438736754,155055,0,255,92,0.08,14.06,12.45,-25.29;37.29;-10.94;-16.82;43.57;9.29;26.47;20.98;-2.47;28.82;13.45;1.29;3.82;-4.75;38.47
1787986438737346,155057,0,255,92,0.08,14.06,12.45,-25.29;37.29;-10.94;-16.82;43.57;9.29;26.47;20.98;-2.47;28.82;13.45;1.29;3.82;-4.75;38.47
1787986438737874,155059,0,255,92,0.08,14.06,12.45,-25.29;37.29;-10.94;-16.82;43.57;9.29;26.47;20.98;-2.47;28.82;13.45;1.29;3.82;-4.75;38.47
1787986438738326,155061,0,255,92,0.08,14.06,12.45,-25.29;37.29;-10.94;-16.82;43.57;9.29;26.47;20.98;-2.47;28.82;13.45;1.29;3.82;-4.75;38.47
1787986438738865,155063,0,255,92,0.08,14.06,12.45,-25.29;37.29;-10.94;-16.82;43.57;9.29;26.47;20.98;-2.47;28.82;13.45;1.29;3.82;-4.75;38.47
1787986438739391,155065,0,255,92,0.08,14.06,12.45,-25.29;37.29;-10.94;-16.82;43.57;9.29;26.47;20.98;-2.47;28.82;13.45;1.29;3.82;-4.75;38.47
1787986438753828,155109,0,255,92,0.08,14.06,12.45,-25.29;37.29;-10.94;-16.82;43.57;9.29;26.47;20.98;-2.47;28.82;13.45;1.29;3.82;-4.75;38.47
1787986438775176,155125,0,255,92,0.08,14.06,12.45,-25.29;37.29;-10.94;-16.82;43.57;9.29;26.47;20.98;-2.47;28.82;13.45;1.29;3.82;-4.75;38.47
1787986438795402,155127,0,255,92,0.08,14.06,12.45,-25.29;37.29;-10.94;-16.82;43.57;9.29;26.47;20.98;-2.47;28.82;13.45;1.29;3.82;-4.75;38.47
1787986438815496,155136,0,255,92,0.08,14.06,12.45,-25.29;37.29;-10.94;-16.82;43.57;9.29;26.47;20.98;-2.47;28.82;13.45;1.29;3.82;-4.75;38.47
1787986438942286,155146,0,255,92,0.08,14.06,12.45,-25.29;37.29;-10.94;-16.82;43.57;9.29;26.47;20.98;-2.47;28.82;13.45;1.29;3.82;-4.75;38.47
1787986438942941,155148,0,255,92,0.05,14.07,12.14,-25.29;37.29;-10.94;-16.82;43.57;9.29;26.47;21.61;-2.47;28.82;13.45;1.53;3.82;-4.75;38.47
1787986438943543,155150,0,255,92,0.05,14.07,12.14,-25.29;37.29;-10.94;-16.82;43.57;9.29;26.47;21.61;-2.47;28.82;13.45;1.53;3.82;-4.75;38.47
1787986438944107,155152,0,255,92,0.05,14.07,12.14,-25.29;37.29;-10.94;-16.82;43.57;9.29;26.47;21.61;-2.47;28.82;13.45;1.53;3.82;-4.75;38.47
1787986438944604,155154,0,255,92,0.05,14.07,12.14,-25.29;37.29;-10.94;-16.82;43.57;9.29;26.47;21.61;-2.47;28.82;13.45;1.53;3.82;-4.75;38.47
1787986438945208,155156,0,255,92,0.05,14.07,12.14,-25.29;37.29;-10.94;-16.82;43.57;9.29;26.47;21.61;-2.47;28.82;13.45;1.53;3.82;-4.75;38.47
1787986438957521,155200,0,255,92,0.05,14.07,12.14,-25.29;37.29;-10.94;-16.82;43.57;9.29;26.47;21.61;-2.47;28.82;13.45;1.53;3.82;-4.75;38.47
1787986438975956,155216,0,255,92,0.05,14.07,12.14,-25.29;37.29;-10.94;-16.82;43.57;9.29;26.47;21.61;-2.47;28.82;13.45;1.53;3.82;-4.75;38.47
1787986438995784,155225,0,255,92,0.05,14.07,12.14,-25.29;37.29;-10.94;-16.82;43.57;9.29;26.47;21.61;-2.47;28.82;13.45;1.53;3.82;-4.75;38.47
1787986439016776,155227,0,255,92,0.05,14.07,12.14,-25.29;37.29;-10.94;-16.82;43.57;9.29;26.47;21.61;-2.47;28.82;13.45;1.53;3.82;-4.75;38.47
1787986439150081,155236,0,255,92,0.05,14.07,12.14,-25.29;37.29;-10.94;-16.82;43.57;9.29;26.47;21.61;-2.47;28.82;13.45;1.53;3.82;-4.75;38.47
1787986439152186,155238,0,255,92,0.05,14.07,12.14,-25.29;37.29;-10.94;-16.82;43.57;9.29;26.47;21.61;-2.47;28.82;13.45;1.53;3.82;-4.75;38.47
1787986439153480,155240,0,255,92,0.05,14.07,12.14,-25.29;37.29;-10.94;-16.82;43.57;9.29;26.47;21.61;-2.47;28.82;13.45;1.53;3.82;-4.75;38.47
1787986439154916,155242,0,255,92,0.05,14.07,12.14,-25.29;37.29;-10.94;-16.82;43.57;9.29;26.47;21.61;-2.47;28.82;13.45;1.53;3.82;-4.75;38.47
1787986439156117,155244,0,255,92,0.05,14.07,12.14,-25.29;37.29;-10.94;-16.82;43.57;9.29;26.47;21.61;-2.47;28.82;13.45;1.53;3.82;-4.75;38.47
1787986439157035,155246,0,255,92,0.05,14.07,12.14,-25.29;37.29;-10.94;-16.82;43.57;9.29;26.47;21.61;-2.47;28.82;13.45;1.53;3.82;-4.75;38.47
1787986439163606,155290,0,255,92,0.05,14.07,12.14,-25.29;37.29;-10.94;-16.82;43.57;9.29;26.47;21.61;-2.47;28.82;13.45;1.53;3.82;-4.75;38.47
1787986439175939,155299,0,255,92,0.05,14.07,12.14,-25.29;37.29;-10.94;-16.82;43.57;9.29;26.47;21.61;-2.47;28.82;13.45;1.53;3.82;-4.75;38.47
1787986439195337,155308,0,255,92,0.05,14.07,12.14,-25.29;37.29;-10.94;-16.82;43.57;9.29;26.47;21.61;-2.47;28.82;13.45;1.53;3.82;-4.75;38.47
1787986439215007,155317,0,255,92,0.05,14.07,12.14,-25.29;37.29;-10.94;-16.82;43.57;9.29;26.47;21.61;-2.47;28.82;13.45;1.53;3.82;-4.75;38.47
1787986439352017,155326,0,255,92,0.05,14.07,12.14,-25.29;37.29;-10.94;-16.82;43.57;9.29;26.47;21.61;-2.47;28.82;13.45;1.53;3.82;-4.75;38.47
1787986439353195,155328,0,255,92,0.05,14.07,12.14,-25.29;37.29;-10.94;-16.82;43.57;9.29;26.47;21.61;-2.47;28.82;13.45;1.53;3.82;-4.75;38.47
1787986439354326,155330,0,255,92,0.05,14.07,12.14,-25.29;37.29;-10.94;-16.82;43.57;9.29;26.47;21.61;-2.47;28.82;13.45;1.53;3.82;-4.75;38.47
1787986439355174,155332,0,255,92,0.05,14.07,12.14,-25.29;37.29;-10.94;-16.82;43.57;9.29;26.47;21.61;-2.47;28.82;13.45;1.53;3.82;-4.75;38.47
1787986439355967,155334,0,255,92,0.05,14.07,12.14,-25.29;37.29;-10.94;-16.82;43.57;9.29;26.47;21.61;-2.47;28.82;13.45;1.53;3.82;-4.75;38.47
1787986439356661,155336,0,255,92,0.05,14.07,12.14,-25.29;37.29;-10.94;-16.82;43.57;9.29;26.47;21.61;-2.47;28.82;13.45;1.53;3.82;-4.75;38.47
1787986439357424,155338,0,255,92,0.05,14.07,12.14,-25.29;37.29;-10.94;-16.82;43.57;9.29;26.47;21.61;-2.47;28.82;13.45;1.53;3.82;-4.75;38.47
1787986439375612,155389,0,255,92,0.05,14.07,12.14,-25.29;37.29;-10.94;-16.82;43.57;9.29;26.47;21.61;-2.47;28.82;13.45;1.53;3.82;-4.75;38.47
1787986439395789,155398,0,255,92,0.05,14.07,12.14,-25.29;37.29;-10.94;-16.82;43.57;9.29;26.47;21.61;-2.47;28.82;13.45;1.53;3.82;-4.75;38.47
1787986439414374,155407,0,255,92,0.05,14.07,12.14,-25.29;37.29;-10.94;-16.82;43.57;9.29;26.47;21.61;-2.47;28.82;13.45;1.53;3.82;-4.75;38.47
1787986439434891,155416,0,255,92,0.05,14.07,12.14,-25.29;37.29;-10.94;-16.82;43.57;9.29;26.47;21.61;-2.47;28.82;13.45;1.53;3.82;-4.75;38.47
1787986439557952,155418,0,255,92,0.05,14.07,12.14,-25.29;37.29;-10.94;-16.82;43.57;9.29;26.47;21.61;-2.47;28.82;13.45;1.53;3.82;-4.75;38.47
1787986439559412,155420,0,255,92,0.05,14.07,12.14,-25.29;37.29;-10.94;-16.82;43.57;9.29;26.47;21.61;-2.47;28.82;13.45;1.53;3.82;-4.75;38.47
1787986439560832,155422,0,255,92,0.05,14.07,12.14,-25.29;37.29;-10.94;-16.82;43.57;9.29;26.47;21.61;-2.47;28.82;13.45;1.53;3.82;-4.75;38.47
1787986439561979,155424,0,255,92,0.05,14.07,12.14,-25.29;37.29;-10.94;-16.82;43.57;9.29;26.47;21.61;-2.47;28.82;13.45;1.53;3.82;-4.75;38.47
1787986439563315,155426,0,255,92,0.05,14.07,12.14,-25.29;37.29;-10.94;-16.82;43.57;9.29;26.47;21.61;-2.47;28.82;13.45;1.53;3.82;-4.75;38.47
1787986439564666,155428,0,255,92,0.05,14.07,12.14,-25.29;37.29;-10.94;-16.82;43.57;9.29;26.47;21.61;-2.47;28.82;13.45;1.53;3.82;-4.75;38.47
1787986439574176,155472,0,255,92,0.05,14.07,12.14,-25.29;37.29;-10.94;-16.82;43.57;9.29;26.47;21.61;-2.47;28.82;13.45;1.53;3.82;-4.75;38.47
1787986439596729,155481,0,255,92,0.05,14.07,12.14,-25.29;37.29;-10.94;-16.82;43.57;9.29;26.47;21.61;-2.47;28.82;13.45;1.53;3.82;-4.75;38.47
1787986439615596,155490,0,255,92,0.05,14.07,12.14,-25.29;37.29;-10.94;-16.82;43.57;9.29;26.47;21.61;-2.47;28.82;13.45;1.53;3.82;-4.75;38.47
1787986439636018,155499,0,255,92,0.05,14.07,12.14,-25.29;37.29;-10.94;-16.82;43.57;9.29;26.47;21.61;-2.47;28.82;13.45;1.53;3.82;-4.75;38.47
1787986439760952,155508,0,255,92,0.05,14.07,12.14,-25.29;37.29;-10.94;-16.82;43.57;9.29;26.47;21.61;-2.47;28.82;13.45;1.53;3.82;-4.75;38.47
1787986439761506,155510,0,255,92,0.05,14.07,12.14,-25.29;37.29;-10.94;-16.82;43.57;9.29;26.47;21.61;-2.47;28.82;13.45;1.53;3.82;-4.75;38.47
1787986439761909,155512,0,255,92,0.05,14.07,12.14,-25.29;37.29;-10.94;-16.82;43.57;9.29;26.47;21.61;-2.47;28.82;13.45;1.53;3.82;-4.75;38.47
1787986439762401,155514,0,255,92,0.05,14.07,12.14,-25.29;37.29;-10.94;-16.82;43.57;9.29;26.47;21.61;-2.47;28.82;13.45;1.53;3.82;-4.75;38.47
1787986439762791,155516,0,255,92,0.05,14.07,12.14,-25.29;37.29;-10.94;-16.82;43.57;9.29;26.47;21.61;-2.47;28.82;13.45;1.53;3.82;-4.75;38.47
1787986439764832,155518,0,255,92,0.05,14.07,12.14,-25.29;37.29;-10.94;-16.82;43.57;9.29;26.47;21.61;-2.47;28.82;13.45;1.53;3.82;-4.75;38.47
1787986439781599,155562,0,255,92,0.05,14.07,12.14,-25.29;37.29;-10.94;-16.82;43.57;9.29;26.47;21.61;-2.47;28.82;13.45;1.53;3.82;-4.75;38.47
1787986439794743,155571,0,255,92,0.05,14.07,12.14,-25.29;37.29;-10.94;-16.82;43.57;9.29;26.47;21.61;-2.47;28.82;13.45;1.53;3.82;-4.75;38.47
1787986439815107,155580,0,255,92,0.05,14.07,12.14,-25.29;37.29;-10.94;-16.82;43.57;9.29;26.47;21.61;-2.47;28.82;13.45;1.53;3.82;-4.75;38.47
1787986439836913,155590,0,255,92,0.05,14.07,12.14,-25.29;37.29;-10.94;-16.82;43.57;9.29;26.47;21.61;-2.47;28.82;13.45;1.53;3.82;-4.75;38.47
1787986439966670,155599,0,255,92,0.05,14.07,12.14,-25.29;37.29;-10.94;-16.82;43.57;9.29;26.47;21.61;-2.47;28.82;13.45;1.53;3.82;-4.75;38.47
1787986439968721,155601,0,255,92,0.06,14.03,11.93,-25.29;37.29;-11.18;-16.82;43.57;9.29;26.47;20.98;-2.47;28.82;12.82;1.29;3.82;-4.75;38.47
1787986439970393,155603,0,255,92,0.06,14.03,11.93,-25.29;37.29;-11.18;-16.82;43.57;9.29;26.47;20.98;-2.47;28.82;12.82;1.29;3.82;-4.75;38.47
1787986439971721,155605,0,255,92,0.06,14.03,11.93,-25.29;37.29;-11.18;-16.82;43.57;9.29;26.47;20.98;-2.47;28.82;12.82;1.29;3.82;-4.75;38.47
1787986439973006,155607,0,255,92,0.06,14.03,11.93,-25.29;37.29;-11.18;-16.82;43.57;9.29;26.47;20.98;-2.47;28.82;12.82;1.29;3.82;-4.75;38.47
1787986439973859,155609,0,255,92,0.06,14.03,11.93,-25.29;37.29;-11.18;-16.82;43.57;9.29;26.47;20.98;-2.47;28.82;12.82;1.29;3.82;-4.75;38.47
1787986439980518,155654,0,255,92,0.06,14.03,11.93,-25.29;37.29;-11.18;-16.82;43.57;9.29;26.47;20.98;-2.47;28.82;12.82;1.29;3.82;-4.75;38.47
1787986439994364,155657,0,255,92,0.06,14.03,11.93,-25.29;37.29;-11.18;-16.82;43.57;9.29;26.47;20.98;-2.47;28.82;12.82;1.29;3.82;-4.75;38.47
1787986440014950,155660,0,255,92,0.06,14.03,11.93,-25.29;37.29;-11.18;-16.82;43.57;9.29;26.47;20.98;-2.47;28.82;12.82;1.29;3.82;-4.75;38.47
1787986440034963,155663,0,255,92,0.06,14.03,11.93,-25.29;37.29;-11.18;-16.82;43.57;9.29;26.47;20.98;-2.47;28.82;12.82;1.29;3.82;-4.75;38.47
1787986440170543,155666,0,255,92,0.06,14.03,11.93,-25.29;37.29;-11.18;-16.82;43.57;9.29;26.47;20.98;-2.47;28.82;12.82;1.29;3.82;-4.75;38.47
1787986440171314,155668,0,255,92,0.06,14.03,11.93,-25.29;37.29;-11.18;-16.82;43.57;9.29;26.47;20.98;-2.47;28.82;12.82;1.29;3.82;-4.75;38.47
1787986440172075,155670,0,255,92,0.06,14.03,11.93,-25.29;37.29;-11.18;-16.82;43.57;9.29;26.47;20.98;-2.47;28.82;12.82;1.29;3.82;-4.75;38.47
1787986440172822,155672,0,255,92,0.06,14.03,11.93,-25.29;37.29;-11.18;-16.82;43.57;9.29;26.47;20.98;-2.47;28.82;12.82;1.29;3.82;-4.75;38.47
1787986440173473,155674,0,255,92,0.06,14.03,11.93,-25.29;37.29;-11.18;-16.82;43.57;9.29;26.47;20.98;-2.47;28.82;12.82;1.29;3.82;-4.75;38.47
1787986440174321,155676,0,255,92,0.06,14.03,11.93,-25.29;37.29;-11.18;-16.82;43.57;9.29;26.47;20.98;-2.47;28.82;12.82;1.29;3.82;-4.75;38.47
1787986440180134,155679,0,255,92,0.06,14.03,11.93,-25.29;37.29;-11.18;-16.82;43.57;9.29;26.47;20.98;-2.47;28.82;12.82;1.29;3.82;-4.75;38.47
1787986440194431,155687,0,255,92,0.06,14.03,11.93,-25.29;37.29;-11.18;-16.82;43.57;9.29;26.47;20.98;-2.47;28.82;12.82;1.29;3.82;-4.75;38.47
1787986440215232,155690,0,255,92,0.06,14.03,11.93,-25.29;37.29;-11.18;-16.82;43.57;9.29;26.47;20.98;-2.47;28.82;12.82;1.29;3.82;-4.75;38.47
1787986440234237,155693,0,255,92,0.06,14.03,11.93,-25.29;37.29;-11.18;-16.82;43.57;9.29;26.47;20.98;-2.47;28.82;12.82;1.29;3.82;-4.75;38.47
1787986440254573,155696,0,255,92,0.06,14.03,11.93,-25.29;37.29;-11.18;-16.82;43.57;9.29;26.47;20.98;-2.47;28.82;12.82;1.29;3.82;-4.75;38.47
1787986440375218,155698,0,255,92,0.06,14.03,11.93,-25.29;37.29;-11.18;-16.82;43.57;9.29;26.47;20.98;-2.47;28.82;12.82;1.29;3.82;-4.75;38.47
1787986440375616,155700,0,255,92,0.06,14.03,11.93,-25.29;37.29;-11.18;-16.82;43.57;9.29;26.47;20.98;-2.47;28.82;12.82;1.29;3.82;-4.75;38.47
1787986440376062,155702,0,255,92,0.06,14.03,11.93,-25.29;37.29;-11.18;-16.82;43.57;9.29;26.47;20.98;-2.47;28.82;12.82;1.29;3.82;-4.75;38.47
1787986440376534,155704,0,255,92,0.06,14.03,11.93,-25.29;37.29;-11.18;-16.82;43.57;9.29;26.47;20.98;-2.47;28.82;12.82;1.29;3.82;-4.75;38.47
1787986440376950,155706,0,255,92,0.06,14.03,11.93,-25.29;37.29;-11.18;-16.82;43.57;9.29;26.47;20.98;-2.47;28.82;12.82;1.29;3.82;-4.75;38.47
1787986440377406,155708,0,255,92,0.06,14.03,11.93,-25.29;37.29;-11.18;-16.82;43.57;9.29;26.47;20.98;-2.47;28.82;12.82;1.29;3.82;-4.75;38.47
1787986440398551,155717,0,255,92,0.06,14.03,11.93,-25.29;37.29;-11.18;-16.82;43.57;9.29;26.47;20.98;-2.47;28.82;12.82;1.29;3.82;-4.75;38.47
1787986440439855,155719,0,255,92,0.06,14.03,11.93,-25.29;37.29;-11.18;-16.82;43.57;9.29;26.47;20.98;-2.47;28.82;12.82;1.29;3.82;-4.75;38.47
1787986440441443,155721,0,255,92,0.06,14.03,11.93,-25.29;37.29;-11.18;-16.82;43.57;9.29;26.47;20.98;-2.47;28.82;12.82;1.29;3.82;-4.75;38.47
1787986440457654,155726,0,255,92,0.06,14.03,11.93,-25.29;37.29;-11.18;-16.82;43.57;9.29;26.47;20.98;-2.47;28.82;12.82;1.29;3.82;-4.75;38.47
1787986440476061,155728,0,255,92,0.06,14.03,11.93,-25.29;37.29;-11.18;-16.82;43.57;9.29;26.47;20.98;-2.47;28.82;12.82;1.29;3.82;-4.75;38.47
1787986440497524,155732,0,255,92,0.06,14.03,11.93,-25.29;37.29;-11.18;-16.82;43.57;9.29;26.47;20.98;-2.47;28.82;12.82;1.29;3.82;-4.75;38.47
1787986440515557,155735,0,255,92,0.06,14.03,11.93,-25.29;37.29;-11.18;-16.82;43.57;9.29;26.47;20.98;-2.47;28.82;12.82;1.29;3.82;-4.75;38.47
1787986440534922,155738,0,255,92,0.06,14.03,11.93,-25.29;37.29;-11.18;-16.82;43.57;9.29;26.47;20.98;-2.47;28.82;12.82;1.29;3.82;-4.75;38.47
1787986440556538,155741,0,255,92,0.06,14.03,11.93,-25.29;37.29;-11.18;-16.82;43.57;9.29;26.47;20.98;-2.47;28.82;12.82;1.29;3.82;-4.75;38.47
1787986440576303,155744,0,255,92,0.06,14.03,11.93,-25.29;37.29;-11.18;-16.82;43.57;9.29;26.47;20.98;-2.47;28.82;12.82;1.29;3.82;-4.75;38.47
1787986440594867,155747,0,255,92,0.06,14.03,11.93,-25.29;37.29;-11.18;-16.82;43.57;9.29;26.47;20.98;-2.47;28.82;12.82;1.29;3.82;-4.75;38.47
1787986440615699,155750,0,255,92,0.06,14.03,11.93,-25.29;37.29;-11.18;-16.82;43.57;9.29;26.47;20.98;-2.47;28.82;12.82;1.29;3.82;-4.75;38.47
1787986440636176,155753,0,255,92,0.06,14.03,11.93,-25.29;37.29;-11.18;-16.82;43.57;9.29;26.47;20.98;-2.47;28.82;12.82;1.29;3.82;-4.75;38.47
1787986440656054,155756,0,255,92,0.06,14.03,11.93,-25.29;37.29;-11.18;-16.82;43.57;9.29;26.47;20.98;-2.47;28.82;12.82;1.29;3.82;-4.75;38.47
1787986440675860,155759,0,255,92,0.06,14.03,11.93,-25.29;37.29;-11.18;-16.82;43.57;9.29;26.47;20.98;-2.47;28.82;12.82;1.29;3.82;-4.75;38.47
1787986440696539,155762,0,255,92,0.06,14.03,11.93,-25.29;37.29;-11.18;-16.82;43.57;9.29;26.47;20.98;-2.47;28.82;12.82;1.29;3.82;-4.75;38.47
1787986440718229,155765,0,255,92,0.06,14.03,11.93,-25.29;37.29;-11.18;-16.82;43.57;9.29;26.47;20.98;-2.47;28.82;12.82;1.29;3.82;-4.75;38.47
1787986440735583,155768,0,255,92,0.06,14.03,11.93,-25.29;37.29;-11.18;-16.82;43.57;9.29;26.47;20.98;-2.47;28.82;12.82;1.29;3.82;-4.75;38.47
1787986440753636,155771,0,255,92,0.06,14.03,11.93,-25.29;37.29;-11.18;-16.82;43.57;9.29;26.47;20.98;-2.47;28.82;12.82;1.29;3.82;-4.75;38.47
1787986440778004,155774,0,255,92,0.06,14.03,11.93,-25.29;37.29;-11.18;-16.82;43.57;9.29;26.47;20.98;-2.47;28.82;12.82;1.29;3.82;-4.75;38.47
1787986440794784,155777,0,255,92,0.06,14.03,11.93,-25.29;37.29;-11.18;-16.82;43.57;9.29;26.47;20.98;-2.47;28.82;12.82;1.29;3.82;-4.75;38.47
1787986440814071,155780,0,255,92,0.06,14.03,11.93,-25.29;37.29;-11.18;-16.82;43.57;9.29;26.47;20.98;-2.47;28.82;12.82;1.29;3.82;-4.75;38.47
1787986440834727,155784,0,255,92,0.06,14.03,11.93,-25.29;37.29;-11.18;-16.82;43.57;9.29;26.47;20.98;-2.47;28.82;12.82;1.29;3.82;-4.75;38.47
1787986440855538,155787,0,255,92,-0.09,13.88,11.69,-25.29;37.29;-11.18;-16.82;43.57;9.29;26.47;20.98;-2.47;28.82;12.82;1.29;3.82;-4.75;38.47
1787986440876254,155790,0,255,92,-0.09,13.88,11.69,-25.29;37.29;-11.18;-16.82;43.57;9.29;26.47;20.98;-2.47;28.82;12.82;1.29;3.82;-4.75;38.47
1787986440894749,155793,0,255,92,-0.09,13.88,11.69,-25.29;37.29;-11.18;-16.82;43.57;9.29;26.47;20.98;-2.47;28.82;12.82;1.29;3.82;-4.75;38.47
1787986440915761,155796,0,255,92,-0.09,13.88,11.69,-25.29;37.29;-11.18;-16.82;43.57;9.29;26.47;20.98;-2.47;28.82;12.82;1.29;3.82;-4.75;38.47
1787986440950646,155798,0,255,92,-0.09,13.88,11.69,-25.29;37.29;-11.18;-16.82;43.57;9.29;26.47;20.98;-2.47;28.82;12.82;1.29;3.82;-4.75;38.47
1787986440956759,155802,0,255,92,-0.09,13.88,11.69,-25.29;37.29;-11.18;-16.82;43.57;9.29;26.47;20.98;-2.47;28.82;12.82;1.29;3.82;-4.75;38.47
1787986440974231,155805,0,255,92,-0.09,13.88,11.69,-25.29;37.29;-11.18;-16.82;43.57;9.29;26.47;20.98;-2.47;28.82;12.82;1.29;3.82;-4.75;38.47
1787986440996455,155808,0,255,92,-0.09,13.88,11.69,-25.29;37.29;-11.18;-16.82;43.57;9.29;26.47;20.98;-2.47;28.82;12.82;1.29;3.82;-4.75;38.47
1787986441014292,155811,0,255,92,-0.09,13.88,11.69,-25.29;37.29;-11.18;-16.82;43.57;9.29;26.47;20.98;-2.47;28.82;12.82;1.29;3.82;-4.75;38.47
1787986441034737,155814,0,255,92,-0.09,13.88,11.69,-25.29;37.29;-11.18;-16.82;43.57;9.29;26.47;20.98;-2.47;28.82;12.82;1.29;3.82;-4.75;38.47
1787986441057357,155817,0,255,92,-0.09,13.88,11.69,-25.29;37.29;-11.18;-16.82;43.57;9.29;26.47;20.98;-2.47;28.82;12.82;1.29;3.82;-4.75;38.47
1787986441074910,155820,0,255,92,-0.09,13.88,11.69,-25.29;37.29;-11.18;-16.82;43.57;9.29;26.47;20.98;-2.47;28.82;12.82;1.29;3.82;-4.75;38.47
1787986441094656,155823,0,255,92,-0.09,13.88,11.69,-25.29;37.29;-11.18;-16.82;43.57;9.29;26.47;20.98;-2.47;28.82;12.82;1.29;3.82;-4.75;38.47
1787986441115487,155826,0,255,92,-0.09,13.88,11.69,-25.29;37.29;-11.18;-16.82;43.57;9.29;26.47;20.98;-2.47;28.82;12.82;1.29;3.82;-4.75;38.47
1787986441135115,155829,0,255,92,-0.09,13.88,11.69,-25.29;37.29;-11.18;-16.82;43.57;9.29;26.47;20.98;-2.47;28.82;12.82;1.29;3.82;-4.75;38.47
1787986441156601,155832,0,255,92,-0.09,13.88,11.69,-25.29;37.29;-11.18;-16.82;43.57;9.29;26.47;20.98;-2.47;28.82;12.82;1.29;3.82;-4.75;38.47
1787986441174722,155835,0,255,92,-0.09,13.88,11.69,-25.29;37.29;-11.18;-16.82;43.57;9.29;26.47;20.98;-2.47;28.82;12.82;1.29;3.82;-4.75;38.47
1787986441194559,155838,0,255,92,-0.09,13.88,11.69,-25.29;37.29;-11.18;-16.82;43.57;9.29;26.47;20.98;-2.47;28.82;12.82;1.29;3.82;-4.75;38.47
1787986441216925,155841,0,255,92,-0.09,13.88,11.69,-25.29;37.29;-11.18;-16.82;43.57;9.29;26.47;20.98;-2.47;28.82;12.82;1.29;3.82;-4.75;38.47
1787986441234821,155844,0,255,92,-0.09,13.88,11.69,-25.29;37.29;-11.18;-16.82;43.57;9.29;26.47;20.98;-2.47;28.82;12.82;1.29;3.82;-4.75;38.47
1787986441255415,155847,0,255,92,-0.09,13.88,11.69,-25.29;37.29;-11.18;-16.82;43.57;9.29;26.47;20.98;-2.47;28.82;12.82;1.29;3.82;-4.75;38.47
1787986441274863,155850,0,255,92,-0.09,13.88,11.69,-25.29;37.29;-11.18;-16.82;43.57;9.29;26.47;20.98;-2.47;28.82;12.82;1.29;3.82;-4.75;38.47
1787986441294127,155853,0,255,92,-0.09,13.88,11.69,-25.29;37.29;-11.18;-16.82;43.57;9.29;26.47;20.98;-2.47;28.82;12.82;1.29;3.82;-4.75;38.47
1787986441314488,155856,0,255,92,-0.09,13.88,11.69,-25.29;37.29;-11.18;-16.82;43.57;9.29;26.47;20.98;-2.47;28.82;12.82;1.29;3.82;-4.75;38.47
1787986441335052,155859,0,255,92,-0.09,13.88,11.69,-25.29;37.29;-11.18;-16.82;43.57;9.29;26.47;20.98;-2.47;28.82;12.82;1.29;3.82;-4.75;38.47
1787986441355066,155862,0,255,92,-0.09,13.88,11.69,-25.29;37.29;-11.18;-16.82;43.57;9.29;26.47;20.98;-2.47;28.82;12.82;1.29;3.82;-4.75;38.47
1787986441379265,155865,0,255,92,-0.09,13.88,11.69,-25.29;37.29;-11.18;-16.82;43.57;9.29;26.47;20.98;-2.47;28.82;12.82;1.29;3.82;-4.75;38.47
1787986441394611,155868,0,255,92,-0.09,13.88,11.69,-25.29;37.29;-11.18;-16.82;43.57;9.29;26.47;20.98;-2.47;28.82;12.82;1.29;3.82;-4.75;38.47
1787986441414275,155871,0,255,92,-0.09,13.88,11.69,-25.29;37.29;-11.18;-16.82;43.57;9.29;26.47;20.98;-2.47;28.82;12.82;1.29;3.82;-4.75;38.47
1787986441436218,155873,0,255,92,-0.09,13.88,11.69,-25.29;37.29;-11.18;-16.82;43.57;9.29;26.47;20.98;-2.47;28.82;12.82;1.29;3.82;-4.75;38.47
1787986441455133,155877,0,255,92,-0.09,13.88,11.69,-25.29;37.29;-11.18;-16.82;43.57;9.29;26.47;20.98;-2.47;28.82;12.82;1.29;3.82;-4.75;38.47
1787986441475009,155880,0,255,92,-0.09,13.88,11.69,-25.29;37.29;-11.18;-16.82;43.57;9.29;26.47;20.98;-2.47;28.82;12.82;1.29;3.82;-4.75;38.47
1787986441496666,155882,0,255,92,-0.09,13.88,11.69,-25.29;37.29;-11.18;-16.82;43.57;9.29;26.47;20.98;-2.47;28.82;12.82;1.29;3.82;-4.75;38.47
1787986441514438,155886,0,255,92,-0.09,13.88,11.69,-25.29;37.29;-11.18;-16.82;43.57;9.29;26.47;20.98;-2.47;28.82;12.82;1.29;3.82;-4.75;38.47
1787986441534715,155889,0,255,92,-0.09,13.88,11.69,-25.29;37.29;-11.18;-16.82;43.57;9.29;26.47;20.98;-2.47;28.82;12.82;1.29;3.82;-4.75;38.47
1787986441555800,155892,0,255,92,-0.09,13.88,11.69,-25.29;37.29;-11.18;-16.82;43.57;9.29;26.47;20.98;-2.47;28.82;12.82;1.29;3.82;-4.75;38.47
1787986441574711,155895,0,255,92,-0.09,13.88,11.69,-25.29;37.29;-11.18;-16.82;43.57;9.29;26.47;20.98;-2.47;28.82;12.82;1.29;3.82;-4.75;38.47
1787986441598631,155898,0,255,92,-0.09,13.88,11.69,-25.29;37.29;-11.18;-16.82;43.57;9.29;26.47;20.98;-2.47;28.82;12.82;1.29;3.82;-4.75;38.47
1787986441615534,155901,0,255,92,-0.09,13.88,11.69,-25.29;37.29;-11.18;-16.82;43.57;9.29;26.47;20.98;-2.47;28.82;12.82;1.29;3.82;-4.75;38.47
1787986441634664,155904,0,255,92,-0.09,13.88,11.69,-25.29;37.29;-11.18;-16.82;43.57;9.29;26.47;20.98;-2.47;28.82;12.82;1.29;3.82;-4.75;38.47
1787986441656954,155907,0,255,92,-0.09,13.88,11.69,-25.29;37.29;-11.18;-16.82;43.57;9.29;26.47;20.98;-2.47;28.82;12.82;1.29;3.82;-4.75;38.47
1787986441673848,155910,0,255,92,-0.09,13.88,11.69,-25.29;37.29;-11.18;-16.82;43.57;9.29;26.47;20.98;-2.47;28.82;12.82;1.29;3.82;-4.75;38.47
1787986441694187,155913,0,255,92,-0.09,13.88,11.69,-25.29;37.29;-11.18;-16.82;43.57;9.29;26.47;20.98;-2.47;28.82;12.82;1.29;3.82;-4.75;38.47
1787986441715203,155916,0,255,92,-0.09,13.88,11.69,-25.29;37.29;-11.18;-16.82;43.57;9.29;26.47;20.98;-2.47;28.82;12.82;1.29;3.82;-4.75;38.47
1787986441734474,155919,0,255,92,-0.09,13.88,11.69,-25.29;37.29;-11.18;-16.82;43.57;9.29;26.47;20.98;-2.47;28.82;12.82;1.29;3.82;-4.75;38.47
1787986441754776,155922,0,255,92,-0.09,13.88,11.69,-25.29;37.29;-11.18;-16.82;43.57;9.29;26.47;20.98;-2.47;28.82;12.82;1.29;3.82;-4.75;38.47
1787986441775054,155925,0,255,92,-0.09,13.88,11.69,-25.29;37.29;-11.18;-16.82;43.57;9.29;26.47;20.98;-2.47;28.82;12.82;1.29;3.82;-4.75;38.47
1787986441796050,155928,0,255,92,-0.09,13.88,11.69,-25.29;37.29;-11.18;-16.82;43.57;9.29;26.47;20.98;-2.47;28.82;12.82;1.29;3.82;-4.75;38.47
1787986441818667,155931,0,255,92,-0.09,13.88,11.69,-25.29;37.29;-11.18;-16.82;43.57;9.29;26.47;20.98;-2.47;28.82;12.82;1.29;3.82;-4.75;38.47
1787986441835539,155935,0,255,92,-0.09,13.88,11.69,-25.29;37.29;-11.18;-16.82;43.57;9.29;26.47;20.98;-2.47;28.82;12.82;1.29;3.82;-4.75;38.47
1787986441854900,155938,0,255,91,-3.89,8.46,-7.8,3.41;20.35;-0.59;11.88;20.98;1.53;39.18;26.63;-0.82;34;25.37;-0.35;3.82;2.39;-49.47
1787986441875151,155941,0,255,91,-3.89,8.46,-7.8,3.41;20.35;-0.59;11.88;20.98;1.53;39.18;26.63;-0.82;34;25.37;-0.35;3.82;2.39;-49.47
1787986441894179,155944,0,255,91,-3.89,8.46,-7.8,3.41;20.35;-0.59;11.88;20.98;1.53;39.18;26.63;-0.82;34;25.37;-0.35;3.82;2.39;-49.47
1787986441915842,155947,0,255,91,-3.89,8.46,-7.8,3.41;20.35;-0.59;11.88;20.98;1.53;39.18;26.63;-0.82;34;25.37;-0.35;3.82;2.39;-49.47
1787986441936438,155950,0,255,91,-3.89,8.46,-7.8,3.41;20.35;-0.59;11.88;20.98;1.53;39.18;26.63;-0.82;34;25.37;-0.35;3.82;2.39;-49.47
1787986441954500,155953,0,255,91,-3.89,8.46,-7.8,3.41;20.35;-0.59;11.88;20.98;1.53;39.18;26.63;-0.82;34;25.37;-0.35;3.82;2.39;-49.47
1787986441974737,155956,0,255,91,-3.89,8.46,-7.8,3.41;20.35;-0.59;11.88;20.98;1.53;39.18;26.63;-0.82;34;25.37;-0.35;3.82;2.39;-49.47
1787986441995261,155959,0,255,91,-3.89,8.46,-7.8,3.41;20.35;-0.59;11.88;20.98;1.53;39.18;26.63;-0.82;34;25.37;-0.35;3.82;2.39;-49.47
1787986442015340,155962,0,255,91,-3.89,8.46,-7.8,3.41;20.35;-0.59;11.88;20.98;1.53;39.18;26.63;-0.82;34;25.37;-0.35;3.82;2.39;-49.47
1787986442038145,155965,0,255,91,-3.89,8.46,-7.8,3.41;20.35;-0.59;11.88;20.98;1.53;39.18;26.63;-0.82;34;25.37;-0.35;3.82;2.39;-49.47
1787986442054123,155968,0,255,91,-3.89,8.46,-7.8,3.41;20.35;-0.59;11.88;20.98;1.53;39.18;26.63;-0.82;34;25.37;-0.35;3.82;2.39;-49.47
1787986442074180,155971,0,255,91,-3.89,8.46,-7.8,3.41;20.35;-0.59;11.88;20.98;1.53;39.18;26.63;-0.82;34;25.37;-0.35;3.82;2.39;-49.47
1787986442096656,155974,0,255,91,-3.89,8.46,-7.8,3.41;20.35;-0.59;11.88;20.98;1.53;39.18;26.63;-0.82;34;25.37;-0.35;3.82;2.39;-49.47
1787986442114452,155977,0,255,91,-3.89,8.46,-7.8,3.41;20.35;-0.59;11.88;20.98;1.53;39.18;26.63;-0.82;34;25.37;-0.35;3.82;2.39;-49.47
1787986442133751,155980,0,255,91,-3.89,8.46,-7.8,3.41;20.35;-0.59;11.88;20.98;1.53;39.18;26.63;-0.82;34;25.37;-0.35;3.82;2.39;-49.47
1787986442156978,155983,0,255,91,-3.89,8.46,-7.8,3.41;20.35;-0.59;11.88;20.98;1.53;39.18;26.63;-0.82;34;25.37;-0.35;3.82;2.39;-49.47
1787986442175621,155986,0,255,91,-3.89,8.46,-7.8,3.41;20.35;-0.59;11.88;20.98;1.53;39.18;26.63;-0.82;34;25.37;-0.35;3.82;2.39;-49.47
1787986442194746,155989,0,255,91,-3.89,8.46,-7.8,3.41;20.35;-0.59;11.88;20.98;1.53;39.18;26.63;-0.82;34;25.37;-0.35;3.82;2.39;-49.47
1787986442215600,155992,0,255,91,-3.89,8.46,-7.8,3.41;20.35;-0.59;11.88;20.98;1.53;39.18;26.63;-0.82;34;25.37;-0.35;3.82;2.39;-49.47
1787986442234333,155995,0,255,91,-3.89,8.46,-7.8,3.41;20.35;-0.59;11.88;20.98;1.53;39.18;26.63;-0.82;34;25.37;-0.35;3.82;2.39;-49.47
1787986442256313,155998,0,255,91,-3.89,8.46,-7.8,3.41;20.35;-0.59;11.88;20.98;1.53;39.18;26.63;-0.82;34;25.37;-0.35;3.82;2.39;-49.47
1787986442274774,156001,0,255,91,-3.89,8.46,-7.8,3.41;20.35;-0.59;11.88;20.98;1.53;39.18;26.63;-0.82;34;25.37;-0.35;3.82;2.39;-49.47
1787986442294466,156004,0,255,91,-3.89,8.46,-7.8,3.41;20.35;-0.59;11.88;20.98;1.53;39.18;26.63;-0.82;34;25.37;-0.35;3.82;2.39;-49.47
1787986442318928,156007,0,255,91,-3.89,8.46,-7.8,3.41;20.35;-0.59;11.88;20.98;1.53;39.18;26.63;-0.82;34;25.37;-0.35;3.82;2.39;-49.47
1787986442333882,156010,0,255,91,-3.89,8.46,-7.8,3.41;20.35;-0.59;11.88;20.98;1.53;39.18;26.63;-0.82;34;25.37;-0.35;3.82;2.39;-49.47
1787986442354463,156013,0,255,91,-3.89,8.46,-7.8,3.41;20.35;-0.59;11.88;20.98;1.53;39.18;26.63;-0.82;34;25.37;-0.35;3.82;2.39;-49.47
1787986442374579,156016,0,255,91,-3.89,8.46,-7.8,3.41;20.35;-0.59;11.88;20.98;1.53;39.18;26.63;-0.82;34;25.37;-0.35;3.82;2.39;-49.47
1787986442394639,156019,0,255,91,-3.89,8.46,-7.8,3.41;20.35;-0.59;11.88;20.98;1.53;39.18;26.63;-0.82;34;25.37;-0.35;3.82;2.39;-49.47
1787986442416634,156022,0,255,91,-3.89,8.46,-7.8,3.41;20.35;-0.59;11.88;20.98;1.53;39.18;26.63;-0.82;34;25.37;-0.35;3.82;2.39;-49.47
1787986442433870,156025,0,255,91,-3.89,8.46,-7.8,3.41;20.35;-0.59;11.88;20.98;1.53;39.18;26.63;-0.82;34;25.37;-0.35;3.82;2.39;-49.47
1787986442454019,156028,0,255,91,-3.89,8.46,-7.8,3.41;20.35;-0.59;11.88;20.98;1.53;39.18;26.63;-0.82;34;25.37;-0.35;3.82;2.39;-49.47
1787986442475623,156031,0,255,91,-3.89,8.46,-7.8,3.41;20.35;-0.59;11.88;20.98;1.53;39.18;26.63;-0.82;34;25.37;-0.35;3.82;2.39;-49.47
1787986442493696,156040,0,255,91,-3.89,8.46,-7.8,3.41;20.35;-0.59;11.88;20.98;1.53;39.18;26.63;-0.82;34;25.37;-0.35;3.82;2.39;-49.47
1787986442514869,156049,0,255,91,-3.89,8.46,-7.8,3.41;20.35;-0.59;11.88;20.98;1.53;39.18;26.63;-0.82;34;25.37;-0.35;3.82;2.39;-49.47
1787986442536917,156058,0,255,91,-3.89,8.46,-7.8,3.41;20.35;-0.59;11.88;20.98;1.53;39.18;26.63;-0.82;34;25.37;-0.35;3.82;2.39;-49.47
1787986442554913,156067,0,255,91,-3.89,8.46,-7.8,3.41;20.35;-0.59;11.88;20.98;1.53;39.18;26.63;-0.82;34;25.37;-0.35;3.82;2.39;-49.47
1787986442574068,156076,0,255,91,-3.89,8.46,-7.8,3.41;20.35;-0.59;11.88;20.98;1.53;39.18;26.63;-0.82;34;25.37;-0.35;3.82;2.39;-49.47
1787986442596949,156085,0,255,91,-3.89,8.46,-7.8,3.41;20.35;-0.59;11.88;20.98;1.53;39.18;26.63;-0.82;34;25.37;-0.35;3.82;2.39;-49.47
1787986442615115,156094,0,255,91,-3.89,8.46,-7.8,3.41;20.35;-0.59;11.88;20.98;1.53;39.18;26.63;-0.82;34;25.37;-0.35;3.82;2.39;-49.47
1787986442636472,156103,0,255,91,-3.89,8.46,-7.8,3.41;20.35;-0.59;11.88;20.98;1.53;39.18;26.63;-0.82;34;25.37;-0.35;3.82;2.39;-49.47
1787986442654385,156112,0,255,91,-3.89,8.46,-7.8,3.41;20.35;-0.59;11.88;20.98;1.53;39.18;26.63;-0.82;34;25.37;-0.35;3.82;2.39;-49.47
1787986442674665,156121,0,255,91,-3.89,8.46,-7.8,3.41;20.35;-0.59;11.88;20.98;1.53;39.18;26.63;-0.82;34;25.37;-0.35;3.82;2.39;-49.47
1787986442695271,156130,0,255,91,-3.89,8.46,-7.8,3.41;20.35;-0.59;11.88;20.98;1.53;39.18;26.63;-0.82;34;25.37;-0.35;3.82;2.39;-49.47
1787986442714341,156139,0,255,91,-3.89,8.46,-7.8,3.41;20.35;-0.59;11.88;20.98;1.53;39.18;26.63;-0.82;34;25.37;-0.35;3.82;2.39;-49.47
1787986442734340,156148,0,255,91,-3.89,8.46,-7.8,3.41;20.35;-0.59;11.88;20.98;1.53;39.18;26.63;-0.82;34;25.37;-0.35;3.82;2.39;-49.47
1787986442756102,156157,0,255,91,-3.89,8.46,-7.8,3.41;20.35;-0.59;11.88;20.98;1.53;39.18;26.63;-0.82;34;25.37;-0.35;3.82;2.39;-49.47
1787986442775126,156166,0,255,91,-3.89,8.46,-7.8,3.41;20.35;-0.59;11.88;20.98;1.53;39.18;26.63;-0.82;34;25.37;-0.35;3.82;2.39;-49.47
1787986442795023,156175,0,255,91,-3.89,8.46,-7.8,3.41;20.35;-0.59;11.88;20.98;1.53;39.18;26.63;-0.82;34;25.37;-0.35;3.82;2.39;-49.47
1787986442818091,156184,0,255,91,-3.89,8.46,-7.8,3.41;20.35;-0.59;11.88;20.98;1.53;39.18;26.63;-0.82;34;25.37;-0.35;3.82;2.39;-49.47
1787986442836207,156194,0,255,91,-3.89,8.46,-7.8,3.41;20.35;-0.59;11.88;20.98;1.53;39.18;26.63;-0.82;34;25.37;-0.35;3.82;2.39;-49.47
1787986442855448,156203,0,255,91,-3.89,8.46,-7.8,3.41;20.35;-0.59;11.88;20.98;1.53;39.18;26.63;-0.82;34;25.37;-0.35;3.82;2.39;-49.47
1787986442875344,156212,0,255,91,3.26,5.41,-3.03,23.18;23.49;-6;23.18;27.88;7.88;43.41;24.75;0.59;47.18;15.33;0.35;3.82;36.04;-62.47
1787986442894760,156221,0,255,91,3.26,5.41,-3.03,23.18;23.49;-6;23.18;27.88;7.88;43.41;24.75;0.59;47.18;15.33;0.35;3.82;36.04;-62.47
1787986442915715,156230,0,255,91,3.26,5.41,-3.03,23.18;23.49;-6;23.18;27.88;7.88;43.41;24.75;0.59;47.18;15.33;0.35;3.82;36.04;-62.47
1787986442935016,156239,0,255,91,3.26,5.41,-3.03,23.18;23.49;-6;23.18;27.88;7.88;43.41;24.75;0.59;47.18;15.33;0.35;3.82;36.04;-62.47
1787986442954967,156248,0,255,91,3.26,5.41,-3.03,23.18;23.49;-6;23.18;27.88;7.88;43.41;24.75;0.59;47.18;15.33;0.35;3.82;36.04;-62.47
1787986442976409,156257,0,255,91,3.26,5.41,-3.03,23.18;23.49;-6;23.18;27.88;7.88;43.41;24.75;0.59;47.18;15.33;0.35;3.82;36.04;-62.47
1787986442994899,156266,0,255,91,3.26,5.41,-3.03,23.18;23.49;-6;23.18;27.88;7.88;43.41;24.75;0.59;47.18;15.33;0.35;3.82;36.04;-62.47
1787986443014400,156275,0,255,91,3.26,5.41,-3.03,23.18;23.49;-6;23.18;27.88;7.88;43.41;24.75;0.59;47.18;15.33;0.35;3.82;36.04;-62.47
1787986443038707,156284,0,255,91,3.26,5.41,-3.03,23.18;23.49;-6;23.18;27.88;7.88;43.41;24.75;0.59;47.18;15.33;0.35;3.82;36.04;-62.47
1787986443054559,156293,0,255,91,3.26,5.41,-3.03,23.18;23.49;-6;23.18;27.88;7.88;43.41;24.75;0.59;47.18;15.33;0.35;3.82;36.04;-62.47
1787986443074805,156302,0,255,91,3.26,5.41,-3.03,23.18;23.49;-6;23.18;27.88;7.88;43.41;24.75;0.59;47.18;15.33;0.35;3.82;36.04;-62.47
1787986443094409,156311,0,255,91,3.26,5.41,-3.03,23.18;23.49;-6;23.18;27.88;7.88;43.41;24.75;0.59;47.18;15.33;0.35;3.82;36.04;-62.47
1787986443114161,156320,0,255,91,3.26,5.41,-3.03,23.18;23.49;-6;23.18;27.88;7.88;43.41;24.75;0.59;47.18;15.33;0.35;3.82;36.04;-62.47
1787986443135967,156329,0,255,91,3.26,5.41,-3.03,23.18;23.49;-6;23.18;27.88;7.88;43.41;24.75;0.59;47.18;15.33;0.35;3.82;36.04;-62.47
1787986443154762,156338,0,255,91,3.26,5.41,-3.03,23.18;23.49;-6;23.18;27.88;7.88;43.41;24.75;0.59;47.18;15.33;0.35;3.82;36.04;-62.47
1787986443174477,156347,0,255,91,3.26,5.41,-3.03,23.18;23.49;-6;23.18;27.88;7.88;43.41;24.75;0.59;47.18;15.33;0.35;3.82;36.04;-62.47
1787986443198269,156356,0,255,91,3.26,5.41,-3.03,23.18;23.49;-6;23.18;27.88;7.88;43.41;24.75;0.59;47.18;15.33;0.35;3.82;36.04;-62.47
1787986443214940,156365,0,255,91,3.26,5.41,-3.03,23.18;23.49;-6;23.18;27.88;7.88;43.41;24.75;0.59;47.18;15.33;0.35;3.82;36.04;-62.47
1787986443237120,156374,0,255,91,3.26,5.41,-3.03,23.18;23.49;-6;23.18;27.88;7.88;43.41;24.75;0.59;47.18;15.33;0.35;3.82;36.04;-62.47
1787986443256144,156383,0,255,91,3.26,5.41,-3.03,23.18;23.49;-6;23.18;27.88;7.88;43.41;24.75;0.59;47.18;15.33;0.35;3.82;36.04;-62.47
1787986443274254,156392,0,255,91,3.26,5.41,-3.03,23.18;23.49;-6;23.18;27.88;7.88;43.41;24.75;0.59;47.18;15.33;0.35;3.82;36.04;-62.47
1787986443294725,156401,0,255,91,3.26,5.41,-3.03,23.18;23.49;-6;23.18;27.88;7.88;43.41;24.75;0.59;47.18;15.33;0.35;3.82;36.04;-62.47
1787986443314642,156410,0,255,91,3.26,5.41,-3.03,23.18;23.49;-6;23.18;27.88;7.88;43.41;24.75;0.59;47.18;15.33;0.35;3.82;36.04;-62.47
1787986443334159,156419,0,255,91,3.26,5.41,-3.03,23.18;23.49;-6;23.18;27.88;7.88;43.41;24.75;0.59;47.18;15.33;0.35;3.82;36.04;-62.47
1787986443355448,156428,0,255,91,3.26,5.41,-3.03,23.18;23.49;-6;23.18;27.88;7.88;43.41;24.75;0.59;47.18;15.33;0.35;3.82;36.04;-62.47
1787986443374220,156430,0,255,91,3.26,5.41,-3.03,23.18;23.49;-6;23.18;27.88;7.88;43.41;24.75;0.59;47.18;15.33;0.35;3.82;36.04;-62.47
1787986443394304,156446,0,255,91,3.26,5.41,-3.03,23.18;23.49;-6;23.18;27.88;7.88;43.41;24.75;0.59;47.18;15.33;0.35;3.82;36.04;-62.47
1787986443416022,156455,0,255,91,3.26,5.41,-3.03,23.18;23.49;-6;23.18;27.88;7.88;43.41;24.75;0.59;47.18;15.33;0.35;3.82;36.04;-62.47
1787986443435015,156464,0,255,91,3.26,5.41,-3.03,23.18;23.49;-6;23.18;27.88;7.88;43.41;24.75;0.59;47.18;15.33;0.35;3.82;36.04;-62.47
1787986443455395,156473,0,255,91,3.26,5.41,-3.03,23.18;23.49;-6;23.18;27.88;7.88;43.41;24.75;0.59;47.18;15.33;0.35;3.82;36.04;-62.47
1787986443481680,156482,0,255,91,3.26,5.41,-3.03,23.18;23.49;-6;23.18;27.88;7.88;43.41;24.75;0.59;47.18;15.33;0.35;3.82;36.04;-62.47
1787986443494033,156491,0,255,91,3.26,5.41,-3.03,23.18;23.49;-6;23.18;27.88;7.88;43.41;24.75;0.59;47.18;15.33;0.35;3.82;36.04;-62.47
1787986443514155,156500,0,255,91,3.26,5.41,-3.03,23.18;23.49;-6;23.18;27.88;7.88;43.41;24.75;0.59;47.18;15.33;0.35;3.82;36.04;-62.47
1787986443536179,156509,0,255,91,3.26,5.41,-3.03,23.18;23.49;-6;23.18;27.88;7.88;43.41;24.75;0.59;47.18;15.33;0.35;3.82;36.04;-62.47
1787986443554834,156518,0,255,91,3.26,5.41,-3.03,23.18;23.49;-6;23.18;27.88;7.88;43.41;24.75;0.59;47.18;15.33;0.35;3.82;36.04;-62.47
1787986443576377,156527,0,255,91,3.26,5.41,-3.03,23.18;23.49;-6;23.18;27.88;7.88;43.41;24.75;0.59;47.18;15.33;0.35;3.82;36.04;-62.47
1787986443595330,156536,0,255,91,3.26,5.41,-3.03,23.18;23.49;-6;23.18;27.88;7.88;43.41;24.75;0.59;47.18;15.33;0.35;3.82;36.04;-62.47
1787986443615445,156545,0,255,91,3.26,5.41,-3.03,23.18;23.49;-6;23.18;27.88;7.88;43.41;24.75;0.59;47.18;15.33;0.35;3.82;36.04;-62.47
1787986443634973,156554,0,255,91,3.26,5.41,-3.03,23.18;23.49;-6;23.18;27.88;7.88;43.41;24.75;0.59;47.18;15.33;0.35;3.82;36.04;-62.47
1787986443654159,156563,0,255,91,3.26,5.41,-3.03,23.18;23.49;-6;23.18;27.88;7.88;43.41;24.75;0.59;47.18;15.33;0.35;3.82;36.04;-62.47
1787986443675116,156572,0,255,91,3.26,5.41,-3.03,23.18;23.49;-6;23.18;27.88;7.88;43.41;24.75;0.59;47.18;15.33;0.35;3.82;36.04;-62.47
1787986443700069,156581,0,255,91,3.26,5.41,-3.03,23.18;23.49;-6;23.18;27.88;7.88;43.41;24.75;0.59;47.18;15.33;0.35;3.82;36.04;-62.47
1787986443714563,156590,0,255,91,3.26,5.41,-3.03,23.18;23.49;-6;23.18;27.88;7.88;43.41;24.75;0.59;47.18;15.33;0.35;3.82;36.04;-62.47
1787986443734954,156599,0,255,91,3.26,5.41,-3.03,23.18;23.49;-6;23.18;27.88;7.88;43.41;24.75;0.59;47.18;15.33;0.35;3.82;36.04;-62.47
1787986443754060,156608,0,255,91,3.26,5.41,-3.03,23.18;23.49;-6;23.18;27.88;7.88;43.41;24.75;0.59;47.18;15.33;0.35;3.82;36.04;-62.47
1787986443775357,156617,0,255,91,3.26,5.41,-3.03,23.18;23.49;-6;23.18;27.88;7.88;43.41;24.75;0.59;47.18;15.33;0.35;3.82;36.04;-62.47
1787986443795783,156626,0,255,91,3.26,5.41,-3.03,23.18;23.49;-6;23.18;27.88;7.88;43.41;24.75;0.59;47.18;15.33;0.35;3.82;36.04;-62.47
1787986443813999,156635,0,255,91,3.26,5.41,-3.03,23.18;23.49;-6;23.18;27.88;7.88;43.41;24.75;0.59;47.18;15.33;0.35;3.82;36.04;-62.47
1787986443833259,156645,0,255,91,3.26,5.41,-3.03,23.18;23.49;-6;23.18;27.88;7.88;43.41;24.75;0.59;47.18;15.33;0.35;3.82;36.04;-62.47
1787986443855889,156647,0,255,91,3.26,5.41,-3.03,23.18;23.49;-6;23.18;27.88;7.88;43.41;24.75;0.59;47.18;15.33;0.35;3.82;36.04;-62.47
1787986443874793,156663,0,255,91,0.28,12.9,2.23,-22.47;36.04;-11.65;-7.88;44.2;9.06;25.06;20.98;-2.71;27.88;12.2;1.53;2.8;-4.24;38.47
1787986443894217,156672,0,255,91,0.28,12.9,2.23,-22.47;36.04;-11.65;-7.88;44.2;9.06;25.06;20.98;-2.71;27.88;12.2;1.53;2.8;-4.24;38.47
1787986443917206,156681,0,255,91,0.28,12.9,2.23,-22.47;36.04;-11.65;-7.88;44.2;9.06;25.06;20.98;-2.71;27.88;12.2;1.53;2.8;-4.24;38.47
1787986443935522,156690,0,255,91,0.28,12.9,2.23,-22.47;36.04;-11.65;-7.88;44.2;9.06;25.06;20.98;-2.71;27.88;12.2;1.53;2.8;-4.24;38.47
1787986443955783,156699,0,255,91,0.28,12.9,2.23,-22.47;36.04;-11.65;-7.88;44.2;9.06;25.06;20.98;-2.71;27.88;12.2;1.53;2.8;-4.24;38.47
1787986443975038,156708,0,255,91,0.28,12.9,2.23,-22.47;36.04;-11.65;-7.88;44.2;9.06;25.06;20.98;-2.71;27.88;12.2;1.53;2.8;-4.24;38.47
1787986443995783,156717,0,255,91,0.28,12.9,2.23,-22.47;36.04;-11.65;-7.88;44.2;9.06;25.06;20.98;-2.71;27.88;12.2;1.53;2.8;-4.24;38.47
1787986444014886,156726,0,255,91,0.28,12.9,2.23,-22.47;36.04;-11.65;-7.88;44.2;9.06;25.06;20.98;-2.71;27.88;12.2;1.53;2.8;-4.24;38.47
1787986444033791,156735,0,255,91,0.28,12.9,2.23,-22.47;36.04;-11.65;-7.88;44.2;9.06;25.06;20.98;-2.71;27.88;12.2;1.53;2.8;-4.24;38.47
1787986444059860,156737,0,255,91,0.28,12.9,2.23,-22.47;36.04;-11.65;-7.88;44.2;9.06;25.06;20.98;-2.71;27.88;12.2;1.53;2.8;-4.24;38.47
1787986444076495,156753,0,255,91,0.28,12.9,2.23,-22.47;36.04;-11.65;-7.88;44.2;9.06;25.06;20.98;-2.71;27.88;12.2;1.53;2.8;-4.24;38.47
1787986444094801,156762,0,255,91,0.28,12.9,2.23,-22.47;36.04;-11.65;-7.88;44.2;9.06;25.06;20.98;-2.71;27.88;12.2;1.53;2.8;-4.24;38.47
1787986444113726,156771,0,255,91,0.28,12.9,2.23,-22.47;36.04;-11.65;-7.88;44.2;9.06;25.06;20.98;-2.71;27.88;12.2;1.53;2.8;-4.24;38.47
1787986444138502,156780,0,255,91,0.28,12.9,2.23,-22.47;36.04;-11.65;-7.88;44.2;9.06;25.06;20.98;-2.71;27.88;12.2;1.53;2.8;-4.24;38.47
1787986444154441,156789,0,255,91,0.28,12.9,2.23,-22.47;36.04;-11.65;-7.88;44.2;9.06;25.06;20.98;-2.71;27.88;12.2;1.53;2.8;-4.24;38.47
1787986444175886,156798,0,255,91,0.28,12.9,2.23,-22.47;36.04;-11.65;-7.88;44.2;9.06;25.06;20.98;-2.71;27.88;12.2;1.53;2.8;-4.24;38.47
1787986444195223,156807,0,255,91,0.28,12.9,2.23,-22.47;36.04;-11.65;-7.88;44.2;9.06;25.06;20.98;-2.71;27.88;12.2;1.53;2.8;-4.24;38.47
1787986444214369,156816,0,255,91,0.28,12.9,2.23,-22.47;36.04;-11.65;-7.88;44.2;9.06;25.06;20.98;-2.71;27.88;12.2;1.53;2.8;-4.24;38.47
1787986444234960,156825,0,255,91,0.28,12.9,2.23,-22.47;36.04;-11.65;-7.88;44.2;9.06;25.06;20.98;-2.71;27.88;12.2;1.53;2.8;-4.24;38.47
1787986444254596,156834,0,255,91,0.28,12.9,2.23,-22.47;36.04;-11.65;-7.88;44.2;9.06;25.06;20.98;-2.71;27.88;12.2;1.53;2.8;-4.24;38.47
1787986444274867,156843,0,255,91,0.28,12.9,2.23,-22.47;36.04;-11.65;-7.88;44.2;9.06;25.06;20.98;-2.71;27.88;12.2;1.53;2.8;-4.24;38.47
1787986444295862,156852,0,255,91,0.28,12.9,2.23,-22.47;36.04;-11.65;-7.88;44.2;9.06;25.06;20.98;-2.71;27.88;12.2;1.53;2.8;-4.24;38.47
1787986444313862,156861,0,255,91,0.28,12.9,2.23,-22.47;36.04;-11.65;-7.88;44.2;9.06;25.06;20.98;-2.71;27.88;12.2;1.53;2.8;-4.24;38.47
1787986444333514,156870,0,255,91,0.28,12.9,2.23,-22.47;36.04;-11.65;-7.88;44.2;9.06;25.06;20.98;-2.71;27.88;12.2;1.53;2.8;-4.24;38.47
1787986444356666,156879,0,255,91,0.28,12.9,2.23,-22.47;36.04;-11.65;-7.88;44.2;9.06;25.06;20.98;-2.71;27.88;12.2;1.53;2.8;-4.24;38.47
1787986444375289,156888,0,255,91,0.28,12.9,2.23,-22.47;36.04;-11.65;-7.88;44.2;9.06;25.06;20.98;-2.71;27.88;12.2;1.53;2.8;-4.24;38.47
1787986444394291,156897,0,255,91,0.28,12.9,2.23,-22.47;36.04;-11.65;-7.88;44.2;9.06;25.06;20.98;-2.71;27.88;12.2;1.53;2.8;-4.24;38.47
1787986444414304,156906,0,255,91,0.28,12.9,2.23,-22.47;36.04;-11.65;-7.88;44.2;9.06;25.06;20.98;-2.71;27.88;12.2;1.53;2.8;-4.24;38.47
1787986444436458,156915,0,255,91,0.28,12.9,2.23,-22.47;36.04;-11.65;-7.88;44.2;9.06;25.06;20.98;-2.71;27.88;12.2;1.53;2.8;-4.24;38.47
1787986444457799,156917,0,255,91,0.28,12.9,2.23,-22.47;36.04;-11.65;-7.88;44.2;9.06;25.06;20.98;-2.71;27.88;12.2;1.53;2.8;-4.24;38.47
1787986444476099,156933,0,255,91,0.28,12.9,2.23,-22.47;36.04;-11.65;-7.88;44.2;9.06;25.06;20.98;-2.71;27.88;12.2;1.53;2.8;-4.24;38.47
1787986444494027,156942,0,255,91,0.28,12.9,2.23,-22.47;36.04;-11.65;-7.88;44.2;9.06;25.06;20.98;-2.71;27.88;12.2;1.53;2.8;-4.24;38.47
1787986444515532,156951,0,255,91,0.28,12.9,2.23,-22.47;36.04;-11.65;-7.88;44.2;9.06;25.06;20.98;-2.71;27.88;12.2;1.53;2.8;-4.24;38.47
1787986444534895,156960,0,255,91,0.28,12.9,2.23,-22.47;36.04;-11.65;-7.88;44.2;9.06;25.06;20.98;-2.71;27.88;12.2;1.53;2.8;-4.24;38.47
1787986444554075,156969,0,255,91,0.28,12.9,2.23,-22.47;36.04;-11.65;-7.88;44.2;9.06;25.06;20.98;-2.71;27.88;12.2;1.53;2.8;-4.24;38.47
1787986444575604,156978,0,255,91,0.28,12.9,2.23,-22.47;36.04;-11.65;-7.88;44.2;9.06;25.06;20.98;-2.71;27.88;12.2;1.53;2.8;-4.24;38.47
1787986444595767,156987,0,255,91,0.28,12.9,2.23,-22.47;36.04;-11.65;-7.88;44.2;9.06;25.06;20.98;-2.71;27.88;12.2;1.53;2.8;-4.24;38.47
1787986444613961,156996,0,255,91,0.28,12.9,2.23,-22.47;36.04;-11.65;-7.88;44.2;9.06;25.06;20.98;-2.71;27.88;12.2;1.53;2.8;-4.24;38.47
1787986444637703,157005,0,255,91,0.28,12.9,2.23,-22.47;36.04;-11.65;-7.88;44.2;9.06;25.06;20.98;-2.71;27.88;12.2;1.53;2.8;-4.24;38.47
1787986444653639,157014,0,255,91,0.28,12.9,2.23,-22.47;36.04;-11.65;-7.88;44.2;9.06;25.06;20.98;-2.71;27.88;12.2;1.53;2.8;-4.24;38.47
1787986444677721,157016,0,255,91,0.28,12.9,2.23,-22.47;36.04;-11.65;-7.88;44.2;9.06;25.06;20.98;-2.71;27.88;12.2;1.53;2.8;-4.24;38.47
1787986444693696,157032,0,255,91,0.28,12.9,2.23,-22.47;36.04;-11.65;-7.88;44.2;9.06;25.06;20.98;-2.71;27.88;12.2;1.53;2.8;-4.24;38.47
1787986444714928,157041,0,255,91,0.28,12.9,2.23,-22.47;36.04;-11.65;-7.88;44.2;9.06;25.06;20.98;-2.71;27.88;12.2;1.53;2.8;-4.24;38.47
1787986444735498,157050,0,255,91,0.28,12.9,2.23,-22.47;36.04;-11.65;-7.88;44.2;9.06;25.06;20.98;-2.71;27.88;12.2;1.53;2.8;-4.24;38.47
1787986444754602,157059,0,255,91,0.28,12.9,2.23,-22.47;36.04;-11.65;-7.88;44.2;9.06;25.06;20.98;-2.71;27.88;12.2;1.53;2.8;-4.24;38.47
1787986444774746,157068,0,255,91,0.28,12.9,2.23,-22.47;36.04;-11.65;-7.88;44.2;9.06;25.06;20.98;-2.71;27.88;12.2;1.53;2.8;-4.24;38.47
1787986444795175,157077,0,255,91,0.28,12.9,2.23,-22.47;36.04;-11.65;-7.88;44.2;9.06;25.06;20.98;-2.71;27.88;12.2;1.53;2.8;-4.24;38.47
1787986444813709,157086,0,255,91,0.28,12.9,2.23,-22.47;36.04;-11.65;-7.88;44.2;9.06;25.06;20.98;-2.71;27.88;12.2;1.53;2.8;-4.24;38.47
1787986444834919,157096,0,255,91,0.28,12.9,2.23,-22.47;36.04;-11.65;-7.88;44.2;9.06;25.06;20.98;-2.71;27.88;12.2;1.53;2.8;-4.24;38.47
1787986444855771,157105,0,255,91,0.28,12.9,2.23,-22.47;36.04;-11.65;-7.88;44.2;9.06;25.06;20.98;-2.71;27.88;12.2;1.53;2.8;-4.24;38.47
1787986444875233,157114,0,255,92,-0.25,13.63,2.1,-25.29;36.67;-11.65;-15.41;44.2;9.29;25.53;21.61;-2.47;27.88;12.2;1.53;2.8;-4.24;38.47
1787986444894719,157123,0,255,92,-0.25,13.63,2.1,-25.29;36.67;-11.65;-15.41;44.2;9.29;25.53;21.61;-2.47;27.88;12.2;1.53;2.8;-4.24;38.47
1787986444914138,157132,0,255,92,-0.25,13.63,2.1,-25.29;36.67;-11.65;-15.41;44.2;9.29;25.53;21.61;-2.47;27.88;12.2;1.53;2.8;-4.24;38.47
1787986444934325,157141,0,255,92,-0.25,13.63,2.1,-25.29;36.67;-11.65;-15.41;44.2;9.29;25.53;21.61;-2.47;27.88;12.2;1.53;2.8;-4.24;38.47
1787986444955131,157150,0,255,92,-0.25,13.63,2.1,-25.29;36.67;-11.65;-15.41;44.2;9.29;25.53;21.61;-2.47;27.88;12.2;1.53;2.8;-4.24;38.47
1787986444974575,157159,0,255,92,-0.25,13.63,2.1,-25.29;36.67;-11.65;-15.41;44.2;9.29;25.53;21.61;-2.47;27.88;12.2;1.53;2.8;-4.24;38.47
1787986444994282,157168,0,255,92,-0.25,13.63,2.1,-25.29;36.67;-11.65;-15.41;44.2;9.29;25.53;21.61;-2.47;27.88;12.2;1.53;2.8;-4.24;38.47
1787986445017187,157177,0,255,92,-0.25,13.63,2.1,-25.29;36.67;-11.65;-15.41;44.2;9.29;25.53;21.61;-2.47;27.88;12.2;1.53;2.8;-4.24;38.47
1787986445034557,157186,0,255,92,-0.25,13.63,2.1,-25.29;36.67;-11.65;-15.41;44.2;9.29;25.53;21.61;-2.47;27.88;12.2;1.53;2.8;-4.24;38.47
1787986445055011,157195,0,255,92,-0.25,13.63,2.1,-25.29;36.67;-11.65;-15.41;44.2;9.29;25.53;21.61;-2.47;27.88;12.2;1.53;2.8;-4.24;38.47
1787986445076766,157204,0,255,92,-0.25,13.63,2.1,-25.29;36.67;-11.65;-15.41;44.2;9.29;25.53;21.61;-2.47;27.88;12.2;1.53;2.8;-4.24;38.47
1787986445094237,157213,0,255,92,-0.25,13.63,2.1,-25.29;36.67;-11.65;-15.41;44.2;9.29;25.53;21.61;-2.47;27.88;12.2;1.53;2.8;-4.24;38.47
1787986445114890,157222,0,255,92,-0.25,13.63,2.1,-25.29;36.67;-11.65;-15.41;44.2;9.29;25.53;21.61;-2.47;27.88;12.2;1.53;2.8;-4.24;38.47
